,client_id,gender,age,age_group,lor,frequency_eng,num_orders_1996,total_order_amount_1996,has_insurance_order_1996,has_household_order_1996,has_leasing_order_1996,has_loan_repayment_order_1996,total_credit,total_withdrawal,total_transactions,balance_mean,balance_std,credit_card_withdraw_count,cash_deposit_count,interbank_in_count,interbank_out_count,cash_withdrawal_count,insurance_payment_count,services_payment_count,interest_credit_count,sanction_interest_count,household_payment_count,pension_credit_count,loan_payment_count,frequency,monetary,recency,A2,A3,A4,A5,A6,A7,A8,A9,A10,A11,A12,A13,A14,A15,A16,loan_1997,card_1997,credit_to_withdrawal_ratio,net_cash_flow,net_cash_flow_ratio,credit_to_balance_ratio,withdrawal_to_balance_ratio,loan_to_credit_ratio,interbank_ratio,withdrawal_std_ratio,credit_std_ratio,insurance_ratio,loan_ratio,household_ratio,is_active_customer,relies_on_credit,sanction_interest_ratio,volatility_index
0,1,F,29,20,1,MONTHLY,1,2452.0,0,1,0,0,50066.0,55579.2,74,15980.927027027028,2172.1060615327237,0,5,12,33,12,0,12,12,0,12,0,0,74,105645.2,0,Pisek,south Bohemia,70699,60,13,2,1,4,65.3,8968,2.83,3.35,131,1740.0,1910,0,0,0.9008046175547687,-5513.199999999997,-74.50270270270266,3.1328595591061843,3.4778458036886195,0.0,0.6081081081081081,0.039081276116473856,0.04338485322439827,0.0,0.0,0.16216216216216217,0,0,0.0,0.13591865214447488
1,2,M,54,50,3,MONTHLY,2,10638.7,0,1,0,1,288542.9,274574.2,85,36604.40235294118,11764.815403323595,0,5,12,44,12,0,12,12,0,12,0,0,85,563117.1,0,Hl.m. Praha,Prague,1204953,0,0,0,1,1,100.0,12541,0.29,0.43,167,85677.0,99107,0,0,1.0508740442474203,13968.700000000012,164.33764705882368,7.882737634065359,7.501125065573919,0.0,0.6588235294117647,0.04284749041724822,0.04077319318314051,0.0,0.0,0.1411764705882353,0,1,0.0,0.32140438436575886
2,8,F,61,60,2,MONTHLY,1,3954.0,0,1,0,0,81507.7,81803.2,63,30651.373015873014,4377.6510640357865,0,0,12,27,12,0,12,12,0,12,12,0,63,163310.9,0,Trutnov,east Bohemia,121947,37,28,7,3,11,70.5,8541,2.51,2.97,131,3496.0,3839,0,0,0.9963876718759168,-295.5,-4.690476190476191,2.6591859346004076,2.668826612029343,0.0,0.6190476190476191,0.05351442320148584,0.053708435694244674,0.0,0.0,0.19047619047619047,0,0,0.0,0.14282071676752592
3,10,M,56,50,1,MONTHLY,2,9324.0,0,1,0,0,268773.2,274432.6,75,51659.79066666667,9428.253022771403,0,12,0,30,21,0,11,12,0,11,0,0,75,543205.8,0,Hodonin,south Moravia,161954,21,37,20,3,8,48.0,8720,3.73,4.5,116,3729.0,3651,0,0,0.9793778144433279,-5659.399999999965,-75.4586666666662,5.202754338170889,5.312305691882658,0.0,0.4,0.03435544109107812,0.035078843511077006,0.0,0.0,0.14666666666666667,0,0,0.0,0.18250660525527365
4,12,M,18,10,3,MONTHLY,0,0.0,0,0,0,0,28722.2,74625.2,66,32454.586363636365,11276.965266375604,0,16,0,38,0,0,12,12,0,0,0,0,66,103347.4,0,Karvina,north Moravia,285387,0,2,8,5,7,89.9,10177,6.63,7.75,81,9878.0,10108,0,0,0.38488607065709707,-45903.0,-695.5,0.8849966435616538,2.2993730119948026,0.0,0.5757575757575758,0.15111470744970337,0.39262191845943567,0.0,0.0,0.0,0,0,0.0,0.3474690800253379
5,14,F,57,50,1,MONTHLY,1,2132.0,0,1,0,0,42935.9,24872.6,49,22850.185714285715,4656.36559006414,0,0,12,14,11,0,11,12,0,0,0,0,49,67808.5,0,Sumperk,north Moravia,127369,31,32,13,2,7,51.2,8369,4.73,5.88,107,3736.0,2807,0,0,1.726232882770599,18063.300000000003,368.63877551020414,1.8790175509670757,1.0885075644899416,0.0,0.5306122448979592,0.187208638826023,0.10844923688717692,0.0,0.0,0.0,0,1,0.0,0.20377801949999141
6,20,M,20,20,3,MONTHLY,1,3072.0,0,1,0,0,223791.7,233379.2,74,39431.26081081081,9312.310193352147,0,12,0,38,12,0,12,12,0,12,0,0,74,457170.9,0,Karvina,north Moravia,285387,0,2,8,5,7,89.9,10177,6.63,7.75,81,9878.0,10108,0,0,0.9589187896779148,-9587.5,-129.5608108108108,5.6754893299948295,5.918633977232977,0.0,0.5135135135135135,0.039902057224260545,0.041611508350632063,0.0,0.0,0.16216216216216217,0,0,0.0,0.236165671649003
7,24,F,60,60,3,WEEKLY,0,0.0,0,0,0,0,238878.2,245716.0,63,29799.51746031746,13199.741721184568,0,17,0,34,0,0,12,12,0,0,0,0,63,484594.2,0,Hradec Kralove,east Bohemia,161854,73,21,6,1,6,76.3,9425,1.72,2.5,125,4085.0,3891,0,0,0.972171938335314,-6837.799999999988,-108.53650793650775,8.016176782664425,8.245636874060388,0.0,0.5396825396825397,0.05371950431060479,0.055257205225025,0.0,0.0,0.0,0,0,0.0,0.44295152559976886
8,25,F,60,60,1,MONTHLY,1,2523.2,0,0,0,1,220613.9,227479.1,90,20349.385555555556,8409.095283466482,0,10,12,39,5,0,12,24,2,12,0,5,90,448093.0,0,Tabor,south Bohemia,103347,87,16,7,1,7,67.0,9104,1.51,2.07,123,2299.0,2354,0,0,0.9698205241712315,-6865.200000000012,-76.28000000000013,10.841305227507005,11.178671679248628,2.2664029782348258e-05,0.5666666666666667,0.03696645222996962,0.038116797189417725,0.0,0.05555555555555555,0.13333333333333333,0,0,0.022222222222222223,0.41323583262545865
9,28,M,54,50,2,MONTHLY,1,6352.0,0,1,0,0,228568.0,201599.2,68,43384.004411764705,10526.12714087195,0,14,0,30,12,0,12,12,0,12,0,0,68,430167.2,0,Hl.m. Praha,Prague,1204953,0,0,0,1,1,100.0,12541,0.29,0.43,167,85677.0,99107,0,0,1.1337743403743665,26968.79999999999,396.59999999999985,5.2684855420588566,4.646855511229183,0.0,0.4411764705882353,0.05221313944138642,0.04605249702877021,0.0,0.0,0.17647058823529413,0,1,0.0,0.2426269147717843
10,29,F,48,40,3,MONTHLY,1,5807.0,0,1,0,0,300651.8,291119.2,70,49748.8,11391.749012269831,0,13,0,33,12,0,12,12,0,12,0,0,70,591771.0,0,Sokolov,west Bohemia,94812,15,13,8,2,10,81.8,9650,3.38,3.67,100,2985.0,2804,0,0,1.0327446626673884,9532.599999999977,136.17999999999967,6.043398031711317,5.851783359598623,0.0,0.4714285714285714,0.03913087495524112,0.03789017398954482,0.0,0.0,0.17142857142857143,0,1,0.0,0.2289854029096145
11,32,M,19,10,3,MONTHLY,1,10387.0,0,1,0,0,323981.0,322330.2,66,28351.263636363634,9844.334888618567,0,0,12,30,12,0,12,12,0,12,0,0,66,646311.2,0,Usti nad Orlici,east Bohemia,139012,59,41,8,3,10,61.9,8363,2.52,3.49,108,2564.0,2799,0,0,1.0051214561961614,1650.7999999999884,25.012121212121034,11.427391884729206,11.369165203154326,0.0,0.6363636363636364,0.030541149692515833,0.030385531523819505,0.0,0.0,0.18181818181818182,0,1,0.0,0.34722737634847844
12,33,F,51,50,3,MONTHLY,1,4054.0,0,1,0,0,113901.0,122423.2,70,19215.452857142856,4519.045550142981,0,13,0,33,12,0,12,12,0,12,0,0,70,236324.2,0,Opava,north Moravia,182027,17,49,12,2,7,56.4,8746,3.33,3.74,90,4355.0,4433,0,0,0.9303873775558881,-8522.199999999997,-121.74571428571424,5.927573024002929,6.371080656290246,0.0,0.4714285714285714,0.036913310141729515,0.03967520522333413,0.0,0.0,0.17142857142857143,0,0,0.0,0.2351776762036155
13,36,F,21,20,2,MONTHLY,3,7708.0,1,1,0,0,232712.1,237571.2,96,33114.66354166667,7434.663486231165,0,12,0,36,36,12,12,12,0,12,0,0,96,470283.3,0,Melnik,central Bohemia,94725,38,28,1,3,6,63.4,9920,2.26,2.87,130,4289.0,4846,0,0,0.9795467632440296,-4859.100000000006,-50.61562500000006,7.027463821493732,7.174199420781522,0.0,0.375,0.031294464506771716,0.031947902520888104,0.125,0.0,0.125,0,0,0.0,0.22451272913814954
14,38,F,26,20,1,MONTHLY,1,2480.2,0,0,1,0,412898.8,435763.2,64,51693.3390625,26498.75875654662,0,12,0,40,0,0,12,12,0,0,0,0,64,848662.0,0,Liberec,north Bohemia,159617,29,19,8,1,9,85.2,9198,3.33,4.28,131,5796.0,6132,0,0,0.9475302182469745,-22864.400000000023,-357.25625000000036,7.987466228497705,8.429774665419448,0.0,0.625,0.06080999670588664,0.06417736926468816,0.0,0.0,0.0,0,0,0.0,0.5126145696355232
15,39,M,31,30,2,MONTHLY,1,10202.0,0,1,0,0,605962.0,633681.2,93,62399.31075268818,23017.63824986444,0,27,0,42,12,0,12,12,0,12,0,0,93,1239643.2,0,Frydek - Mistek,north Moravia,228848,15,40,18,2,6,57.2,9893,4.09,4.72,96,5623.0,5887,0,0,0.9562568685957545,-27719.199999999953,-298.0559139784941,9.711036751698336,10.15525960713758,0.0,0.45161290322580644,0.03632368807827097,0.03798528331787215,0.0,0.0,0.12903225806451613,0,0,0.0,0.3688764823235301
16,40,F,42,40,1,MONTHLY,0,0.0,0,0,0,0,217516.9,213075.2,52,50894.553846153845,8733.822659838837,0,12,0,28,0,0,12,12,0,0,0,0,52,430592.1,0,Kolin,central Bohemia,95616,65,30,4,1,6,51.4,9307,3.85,4.43,118,2616.0,3040,0,0,1.0208456920373652,4441.6999999999825,85.41730769230736,4.273873795171071,4.186601195956889,0.0,0.5384615384615384,0.04098939088096051,0.04015238659542701,0.0,0.0,0.0,0,1,0.0,0.1716062328837737
17,41,M,31,30,3,MONTHLY,1,3892.0,0,1,0,0,310228.3,270379.2,66,71387.91212121212,11512.739777755438,7,12,0,23,12,0,12,12,0,12,0,0,66,580607.5,0,Domazlice,west Bohemia,58400,65,16,4,1,6,52.4,8620,1.1,1.25,100,1089.0,1117,0,0,1.147382269050282,39849.09999999998,603.7742424242421,4.345669886986639,3.787464739701497,0.0,0.3484848484848485,0.04257997574427115,0.03711054013368683,0.0,0.0,0.18181818181818182,0,1,0.0,0.16127015674877196
18,42,M,64,60,3,WEEKLY,3,8051.0,0,1,1,0,416942.3,460577.0,83,54087.061445783125,14276.976820219355,0,0,12,35,24,0,12,12,0,12,0,0,83,877519.3,0,Bruntal,north Moravia,106054,38,25,6,2,6,63.1,8110,5.77,6.55,109,3244.0,3079,0,0,0.9052607924407862,-43634.70000000001,-525.7192771084339,7.708725319047754,8.51547463826783,0.0,0.5662650602409639,0.030998023827111115,0.03424209253946974,0.0,0.0,0.14457831325301204,0,0,0.0,0.2639628857361866
19,43,M,79,70,3,MONTHLY,2,2384.0,0,1,0,0,66112.3,68643.2,76,16311.934210526315,2532.4330252968257,0,0,12,28,24,0,12,12,0,12,12,0,76,134755.5,0,Prerov,north Moravia,138032,67,30,4,2,5,64.6,8819,5.38,5.66,99,4063.0,4505,0,0,0.9631296326511586,-2530.899999999994,-33.301315789473605,4.053001878669718,4.208158218030551,0.0,0.5263157894736842,0.03689270059229211,0.03830502077974637,0.0,0.0,0.15789473684210525,0,0,0.0,0.1552503211827946
20,44,F,22,20,3,MONTHLY,1,4069.0,0,1,0,0,260001.0,277783.2,73,40213.916438356166,11901.05509588463,0,12,0,37,12,0,12,12,0,12,0,0,73,537784.2,0,Hl.m. Praha,Prague,1204953,0,0,0,1,1,100.0,12541,0.29,0.43,167,85677.0,99107,0,0,0.9359853295663668,-17782.20000000001,-243.59178082191798,6.465448357872704,6.907638564023311,0.0,0.5068493150684932,0.04284296205056544,0.04577311277989173,0.0,0.0,0.1643835616438356,0,0,0.0,0.29594369685747307
21,47,M,65,60,3,MONTHLY,2,3115.0,0,1,0,0,78939.40000000001,71315.2,75,26122.557333333334,5507.753743812383,0,0,12,27,24,0,12,12,0,12,12,0,75,150254.6,0,Liberec,north Bohemia,159617,29,19,8,1,9,85.2,9198,3.33,4.28,131,5796.0,6132,0,0,1.1069084851476265,7624.200000000012,101.65600000000016,3.0218863717171542,2.7300236760892935,0.0,0.52,0.07723113366873237,0.06977192306772514,0.0,0.0,0.16,0,1,0.0,0.21084282344685634
22,48,M,59,50,3,MONTHLY,2,4334.0,0,1,0,0,85253.5,95283.2,74,16437.144594594592,4237.307961952073,0,12,0,26,24,0,12,12,0,12,0,0,74,180536.7,0,Zlin,south Moravia,197099,29,41,10,2,10,74.7,9624,1.6,2.31,145,4484.0,4265,0,0,0.8947380020822139,-10029.699999999997,-135.53648648648644,5.186636858328537,5.796821914636815,0.0,0.35135135135135137,0.044470672290100176,0.049702451652449145,0.0,0.0,0.16216216216216217,0,0,0.0,0.25778856768988484
23,51,F,20,20,2,MONTHLY,1,6589.0,0,1,0,0,313771.4,334363.2,76,57126.88157894737,10293.540634212772,13,12,0,27,12,0,12,12,0,12,0,0,76,648134.6,0,Liberec,north Bohemia,159617,29,19,8,1,9,85.2,9198,3.33,4.28,131,5796.0,6132,0,0,0.9384148734071214,-20591.79999999999,-270.9447368421051,5.49253506103565,5.852992334929427,0.0,0.35526315789473684,0.030785507000210464,0.03280586004400902,0.0,0.0,0.15789473684210525,0,0,0.0,0.18018733649914806
24,52,M,75,70,3,MONTHLY,1,2344.0,0,1,0,0,51317.7,39253.2,54,19119.805555555555,4575.620645041177,0,0,12,18,12,0,12,12,0,12,12,0,54,90570.9,0,Ceska Lipa,north Bohemia,105058,32,19,7,2,10,81.0,9272,2.8,3.22,118,4340.0,4505,0,0,1.3073507382837577,12064.5,223.41666666666666,2.6840074210424616,2.0530125102969143,0.0,0.5555555555555556,0.11656681862984872,0.08916262118218816,0.0,0.0,0.2222222222222222,0,1,0.0,0.23931313693259082
25,55,F,51,50,3,MONTHLY,4,7264.0,1,1,0,0,460547.5,461883.2,108,44775.01388888889,16198.991166456228,0,0,12,36,48,12,12,12,0,12,0,0,108,922430.7,0,Jicin,east Bohemia,77917,85,19,6,1,5,53.5,8390,2.28,2.89,132,2080.0,2122,0,0,0.9971081433574549,-1335.7000000000116,-12.3675925925927,10.285814788195673,10.315646158060003,0.0,0.4444444444444444,0.03507161803342539,0.0351733342737855,0.1111111111111111,0.0,0.1111111111111111,1,0,0.0,0.3617864018234526
26,59,M,42,40,2,MONTHLY,2,7293.0,0,1,0,0,213606.7,221491.2,86,30857.57093023256,6141.239136082941,0,13,0,37,24,0,12,12,0,12,0,0,86,435097.9,0,Hl.m. Praha,Prague,1204953,0,0,0,1,1,100.0,12541,0.29,0.43,167,85677.0,99107,0,0,0.9644026489539991,-7884.5,-91.68023255813954,6.92234331998958,7.177855979032849,0.0,0.43023255813953487,0.027726786148085974,0.028750217741685725,0.0,0.0,0.13953488372093023,0,0,0.0,0.1990188777324041
27,62,M,67,60,1,MONTHLY,1,2851.0,0,1,0,0,52218.4,42807.2,53,18748.17358490566,3467.326958643356,0,0,12,17,12,0,12,12,0,12,12,0,53,95025.6,0,Vsetin,north Moravia,148545,8,35,12,3,4,53.5,8909,4.01,5.56,113,3460.0,3590,0,0,1.2198508662094227,9411.200000000004,177.5698113207548,2.785252641464849,2.283273077568713,0.0,0.5471698113207547,0.08099868617062915,0.06640048256253267,0.0,0.0,0.22641509433962265,0,1,0.0,0.18494211945183478
28,63,M,40,40,1,MONTHLY,1,2280.0,0,1,0,0,41852.3,45355.2,62,15993.60806451613,2393.906203176312,0,0,12,26,12,0,12,12,0,12,0,0,62,87207.5,0,Kladno,central Bohemia,149893,63,29,6,2,6,67.4,9753,4.64,5.05,109,5244.0,5892,0,0,0.9227674004303807,-3502.899999999994,-56.4983870967741,2.6168141567039336,2.835832903810262,0.0,0.6129032258064516,0.0527812952688184,0.057198916264489925,0.0,0.0,0.1935483870967742,0,0,0.0,0.1496789338290401
29,65,F,56,50,2,MONTHLY,1,8080.0,0,1,0,0,195936.3,194995.2,67,33208.114925373135,7184.768495548228,0,14,0,29,12,0,12,12,0,12,0,0,67,390931.5,0,Svitavy,east Bohemia,102609,75,33,2,3,6,52.0,8187,4.83,5.45,94,2123.0,2134,0,0,1.0048262726467112,941.0999999999767,14.046268656716071,5.900253610911593,5.871914152254729,0.0,0.43283582089552236,0.03684587361918769,0.03666889951248558,0.0,0.0,0.1791044776119403,0,1,0.0,0.21635580675669738
30,66,F,48,40,1,MONTHLY,1,4107.0,0,1,0,0,278921.0,293259.2,76,42869.038157894734,11960.139456767409,0,12,0,40,12,0,12,12,0,12,0,0,76,572180.2,0,Hl.m. Praha,Prague,1204953,0,0,0,1,1,100.0,12541,0.29,0.43,167,85677.0,99107,0,0,0.9511074162379219,-14338.200000000012,-188.66052631578964,6.506350783348147,6.840815950193965,0.0,0.5263157894736842,0.04078350979872893,0.04288002501341745,0.0,0.0,0.15789473684210525,0,0,0.0,0.27899248433603674
31,68,M,53,50,2,MONTHLY,2,6885.0,0,1,0,0,196562.0,199795.2,85,42157.50705882353,8995.472805750527,0,15,0,34,24,0,12,12,0,12,0,0,85,396357.2,0,Hradec Kralove,east Bohemia,161854,73,21,6,1,6,76.3,9425,1.72,2.5,125,4085.0,3891,0,0,0.9838174290473444,-3233.2000000000116,-38.037647058823666,4.662562227072194,4.739255566540504,0.0,0.4,0.04502346806004612,0.04576404801411528,0.0,0.0,0.1411764705882353,0,0,0.0,0.21337772162853216
32,70,M,74,70,3,MONTHLY,2,2313.0,0,1,0,0,49184.5,54441.2,74,19140.9,3393.1807188770395,0,0,12,26,24,0,12,12,0,12,12,0,74,103625.7,0,Karvina,north Moravia,285387,0,2,8,5,7,89.9,10177,6.63,7.75,81,9878.0,10108,0,0,0.9034426133149159,-5256.699999999997,-71.03648648648645,2.5696022653062287,2.8442340746777837,0.0,0.5135135135135135,0.06232744169630794,0.06898882206542792,0.0,0.0,0.16216216216216217,0,0,0.0,0.17727383346013192
33,72,M,76,70,3,MONTHLY,1,2273.0,0,1,0,0,62078.9,71911.2,68,23367.779411764706,4122.400893247093,0,0,12,32,12,0,12,12,0,12,12,0,68,133990.1,0,Pardubice,east Bohemia,162580,83,26,5,1,6,72.8,9538,1.51,1.81,111,6079.0,5410,0,0,0.8632716461413522,-9832.299999999996,-144.59264705882347,2.656602448444282,3.077365578168531,0.0,0.6470588235294118,0.05732627036187817,0.06640583021360065,0.0,0.0,0.17647058823529413,0,0,0.0,0.17641389113642675
34,77,F,43,40,3,TRANSACTION,1,4471.3,0,0,1,0,583884.7,594925.0,67,62247.35223880597,25558.784008132137,0,0,12,43,0,0,12,12,0,0,0,0,67,1178809.7,0,Rychnov nad Kneznou,east Bohemia,78955,50,24,8,1,9,59.0,9060,1.78,2.44,124,1655.0,1717,0,0,0.9814425347732907,-11040.300000000047,-164.78059701492606,9.380072870569379,9.557434631398095,0.0,0.8208955223880597,0.0429613548062901,0.043773683414092095,0.0,0.0,0.0,0,0,0.0,0.41060034023741804
35,78,F,55,50,2,MONTHLY,3,13753.0,0,1,0,1,541291.4,555176.2,97,44827.217525773194,17532.865977447243,0,0,12,41,32,0,12,12,0,12,0,8,97,1096467.6,0,Jindrichuv Hradec,south Bohemia,93931,74,21,10,1,8,56.9,8427,1.12,1.54,107,1874.0,1913,0,0,0.9749902823644099,-13884.79999999993,-143.1422680412364,12.075061310436837,12.384801704027337,1.4779469986037095e-05,0.5463917525773195,0.031580723340530886,0.032390808310361556,0.0,0.08247422680412371,0.12371134020618557,0,0,0.0,0.39112099624222285
36,79,F,30,30,2,TRANSACTION,4,3089.0,1,1,0,0,465388.0,423157.0,111,60256.19459459459,18726.71490174999,0,0,12,39,48,12,12,12,0,12,0,0,111,888545.0,0,Litomerice,north Bohemia,114006,71,26,6,2,9,62.3,9065,4.46,5.39,123,4147.0,4166,0,1,1.0997998378852294,42231.0,380.4594594594595,7.723488068424231,7.022630666390609,0.0,0.4594594594594595,0.044254768092575544,0.04023892945617418,0.10810810810810811,0.0,0.10810810810810811,1,1,0.0,0.31078489154092565
37,81,M,23,20,1,MONTHLY,1,4150.0,0,1,0,0,122787.2,112755.2,65,35160.43076923077,5418.055472760819,0,15,0,26,12,0,12,12,0,12,0,0,65,235542.4,0,Mlada Boleslav,central Bohemia,112065,95,19,7,1,8,69.4,11277,1.25,1.44,127,5179.0,4987,0,0,1.088971506413895,10032.0,154.33846153846153,3.4921983978493305,3.2068776614270935,0.0,0.4,0.048051490953506526,0.04412557231340741,0.0,0.0,0.18461538461538463,0,1,0.0,0.15409525293706614
38,83,F,21,20,2,MONTHLY,4,4359.0,1,1,0,0,284699.0,284943.2,107,45522.701869158875,10154.14019086091,1,12,0,34,48,12,12,12,0,12,0,0,107,569642.2,0,Hl.m. Praha,Prague,1204953,0,0,0,1,1,100.0,12541,0.29,0.43,167,85677.0,99107,0,0,0.9991429870935681,-244.20000000001164,-2.2822429906543142,6.254000494484718,6.259364850948047,0.0,0.3177570093457944,0.035635664198552235,0.03566623061851608,0.11214953271028037,0.0,0.11214953271028037,1,0,0.0,0.22305662392460557
39,87,F,53,50,3,MONTHLY,1,6061.0,0,1,0,0,250492.3,242547.2,73,41873.76438356164,9538.376334304752,10,12,0,27,12,0,12,12,0,12,0,0,73,493039.5,0,Olomouc,north Moravia,226122,32,50,7,4,4,62.6,8994,3.8,4.79,110,9672.0,9208,0,0,1.0327569231885587,7945.099999999977,108.83698630136955,5.982082186485617,5.792342856454927,0.0,0.3698630136986301,0.03932585630468936,0.03807852111344242,0.0,0.0,0.1643835616438356,0,1,0.0,0.22778884284044038
40,89,F,48,40,1,MONTHLY,1,3369.0,0,1,0,0,164375.2,165803.2,70,25620.36142857143,6613.13739724705,0,12,0,34,12,0,12,12,0,12,0,0,70,330178.4,0,Hl.m. Praha,Prague,1204953,0,0,0,1,1,100.0,12541,0.29,0.43,167,85677.0,99107,0,0,0.9913873797369411,-1428.0,-20.4,6.415803323394624,6.471540242016214,0.0,0.4857142857142857,0.039885462990141625,0.04023196563257139,0.0,0.0,0.17142857142857143,0,0,0.0,0.2581203788121499
41,92,F,33,30,3,MONTHLY,1,9039.0,0,1,0,0,228770.4,227843.2,72,27563.855555555558,7057.655420726856,0,13,0,35,12,0,12,12,0,12,0,0,72,456613.6,0,Ostrava - mesto,north Moravia,323870,0,0,0,1,1,100.0,10673,4.75,5.44,100,18782.0,18347,0,0,1.0040694653164983,927.1999999999825,12.877777777777535,8.299651677498753,8.266013422569895,0.0,0.4861111111111111,0.030975931784344917,0.030850387203619246,0.0,0.0,0.16666666666666666,0,1,0.0,0.2560474679060045
42,94,M,52,50,1,MONTHLY,1,2252.0,0,1,0,0,41282.7,34140.6,52,17317.86923076923,1627.4377951473002,0,0,12,19,10,0,11,11,0,0,0,0,52,75423.3,0,Hradec Kralove,east Bohemia,161854,73,21,6,1,6,76.3,9425,1.72,2.5,125,4085.0,3891,0,0,1.209196674926627,7142.0999999999985,137.3480769230769,2.3838209799304675,1.9714088116187682,0.0,0.5961538461538461,0.04766869343676738,0.03942178673263377,0.0,0.0,0.0,0,1,0.0,0.09397448227959695
43,97,M,34,30,2,MONTHLY,0,0.0,0,0,0,0,724623.5,676230.2,83,69182.4626506024,32547.13735317991,0,26,0,45,0,0,12,12,0,0,0,0,83,1400853.7,0,Plzen - mesto,west Bohemia,170449,0,0,0,1,1,100.0,10787,2.64,3.09,131,6041.0,6261,0,0,1.0715633522430676,48393.30000000005,583.0518072289162,10.47409230948633,9.774589890146267,0.0,0.5421686746987951,0.04813026296840915,0.04491592855211004,0.0,0.0,0.0,0,1,0.0,0.4704535818210933
44,98,F,26,20,3,MONTHLY,2,6150.0,0,1,0,0,132081.0,149455.2,83,21767.820481927713,5199.907694320489,0,15,0,32,24,0,12,12,0,12,0,0,83,281536.2,0,Plzen - mesto,west Bohemia,170449,0,0,0,1,1,100.0,10787,2.64,3.09,131,6041.0,6261,0,0,0.8837497791980472,-17374.20000000001,-209.32771084337364,6.067718176454898,6.865878011263559,0.0,0.3855421686746988,0.03479241735530439,0.03936908180828801,0.0,0.0,0.14457831325301204,0,0,0.0,0.23888049327848904
45,100,F,57,50,1,TRANSACTION,2,14161.0,0,1,1,0,534829.8,451972.0,67,61075.197014925376,28639.698321068416,0,20,0,26,9,0,10,12,0,9,0,0,67,986801.8,0,Chrudim,east Bohemia,105606,77,26,7,2,7,53.0,8254,2.79,3.76,97,2166.0,2325,0,0,1.1833250732346252,82857.80000000005,1236.6835820895528,8.756906668173333,7.400254474652753,0.0,0.3880597014925373,0.06336608976013651,0.05354918204084442,0.0,0.0,0.13432835820895522,0,1,0.0,0.4689251892886982
46,102,F,41,40,3,MONTHLY,2,2162.0,0,1,0,0,39900.7,36109.2,74,19705.527027027027,2830.9877237215783,0,0,12,26,24,0,12,12,0,0,0,0,74,76009.9,0,Brno - mesto,south Moravia,387570,0,0,0,1,1,100.0,9897,1.6,1.96,140,18721.0,18696,0,0,1.1050009415882933,3791.5,51.236486486486484,2.0248481527682243,1.8324402057592566,0.0,0.5135135135135135,0.07840073232643145,0.0709508285248524,0.0,0.0,0.0,0,1,0.0,0.14366465407592244
47,107,M,27,20,2,MONTHLY,4,9882.0,1,1,0,0,317777.0,338539.2,110,29887.81818181818,10003.847010064044,0,12,0,38,48,12,12,12,0,12,0,0,110,656316.2,0,Hl.m. Praha,Prague,1204953,0,0,0,1,1,100.0,12541,0.29,0.43,167,85677.0,99107,0,0,0.9386712085336055,-20762.20000000001,-188.74727272727284,10.632325118777489,11.326996100570012,0.0,0.34545454545454546,0.029550040320482956,0.0314807144949573,0.10909090909090909,0.0,0.10909090909090909,1,0,0.0,0.33471319148179707
48,112,M,64,60,1,MONTHLY,0,0.0,0,0,0,0,313786.8,293335.2,61,59784.80655737705,13492.88912340952,3,12,0,34,0,0,12,12,0,0,0,0,61,607122.0,0,Hl.m. Praha,Prague,1204953,0,0,0,1,1,100.0,12541,0.29,0.43,167,85677.0,99107,0,0,1.069720919957782,20451.599999999977,335.2721311475406,5.24860442090501,4.906517506558769,0.0,0.5573770491803278,0.0459981929322138,0.04300018077054077,0.0,0.0,0.0,0,1,0.0,0.22569093889197483
49,114,F,30,30,3,MONTHLY,5,8160.1,1,1,1,0,578973.7,618709.2,117,82642.33333333333,19360.271287635976,4,0,12,41,48,12,12,12,0,12,0,0,117,1197682.9,0,Frydek - Mistek,north Moravia,228848,15,40,18,2,6,57.2,9893,4.09,4.72,96,5623.0,5887,0,0,0.935776775260494,-39735.5,-339.61965811965814,7.005776297055181,7.486589197626721,0.0,0.452991452991453,0.03129139066888932,0.03343894772359431,0.10256410256410256,0.0,0.10256410256410256,1,0,0.0,0.23426578736042436
50,120,M,23,20,1,MONTHLY,2,9185.0,0,1,0,0,419313.7,369011.6,77,52110.83246753247,22582.112240329803,0,18,0,27,20,0,11,12,0,10,0,0,77,788325.3,0,Hl.m. Praha,Prague,1204953,0,0,0,1,1,100.0,12541,0.29,0.43,167,85677.0,99107,0,0,1.1363157689351773,50302.100000000035,653.2740259740265,8.046574582381743,7.081283919805192,0.0,0.35064935064935066,0.06119621236928542,0.053854935434567965,0.0,0.0,0.12987012987012986,0,1,0.0,0.4333477546036044
51,121,F,21,20,3,MONTHLY,2,7927.0,0,1,0,0,179853.6,164999.2,87,42607.15287356322,10186.932018771837,0,17,0,34,24,0,12,12,0,12,0,0,87,344852.8,0,Usti nad Labem,north Bohemia,118650,8,8,5,1,3,85.6,9832,3.32,4.48,114,6445.0,5471,0,0,1.0900271031617124,14854.399999999994,170.7402298850574,4.221206719297011,3.8725704223803774,0.0,0.39080459770114945,0.06173928127392033,0.056640134080006385,0.0,0.0,0.13793103448275862,0,1,0.0,0.2390897145604066
52,123,M,30,30,3,MONTHLY,3,11120.2,0,1,0,1,327933.1,313704.2,95,39027.606315789475,19769.277079900385,0,21,0,38,24,0,12,12,0,12,0,0,95,641637.3,0,Praha - zapad,central Bohemia,75637,35,36,9,0,7,36.5,9622,0.45,0.59,154,3475.0,3529,0,0,1.0453576968367015,14228.899999999965,149.77789473684174,8.402593214314747,8.038007697978752,0.0,0.4,0.06301884730870796,0.06028448204801646,0.0,0.0,0.12631578947368421,0,1,0.0,0.5065459797851423
53,125,M,63,60,3,MONTHLY,2,2042.0,0,1,0,0,37741.7,41719.2,75,20666.462666666666,2780.3829108145437,0,0,12,27,24,0,12,12,0,0,0,0,75,79460.9,0,Litomerice,north Bohemia,114006,71,26,6,2,9,62.3,9065,4.46,5.39,123,4147.0,4166,0,0,0.9046602044142745,-3977.5,-53.03333333333333,1.8262293169732577,2.018690894174633,0.0,0.52,0.06664516363723523,0.07366872480080505,0.0,0.0,0.0,0,0,0.0,0.1345359849752651
54,128,F,26,20,2,MONTHLY,1,3735.0,0,1,0,0,232725.9,231095.2,72,38839.44861111111,10024.83237853604,10,12,0,26,12,0,12,12,0,12,0,0,72,463821.1,0,Vyskov,south Moravia,86513,38,36,5,1,5,50.5,8288,3.79,4.52,110,1562.0,1460,0,0,1.007056399267488,1630.6999999999825,22.648611111110867,5.991998041224051,5.950012378236718,0.0,0.3611111111111111,0.04337966508406942,0.04307570570587992,0.0,0.0,0.16666666666666666,0,1,0.0,0.25810954421397625
55,129,F,52,50,3,MONTHLY,3,4554.0,1,1,0,0,110737.2,104163.2,98,32042.860204081637,8701.050783927327,0,21,0,29,36,12,12,12,0,12,0,0,98,214900.4,0,Zlin,south Moravia,197099,29,41,10,2,10,74.7,9624,1.6,2.31,145,4484.0,4265,0,0,1.0631125003840127,6574.0,67.08163265306122,3.4559087202176237,3.250746011329277,0.0,0.29591836734693877,0.08353286749953273,0.07857387385564496,0.12244897959183673,0.0,0.12244897959183673,0,1,0.0,0.271544135839003
56,130,M,57,50,1,MONTHLY,1,4803.0,0,1,0,0,206708.1,208031.2,68,48626.42205882353,7639.887322308221,0,12,0,32,12,0,12,12,0,12,0,0,68,414739.3,0,Blansko,south Moravia,107911,88,33,6,2,7,50.9,8240,2.53,3.56,99,1850.0,1903,0,1,0.9936398963232438,-1323.1000000000058,-19.457352941176556,4.250942003299041,4.278151490322361,0.0,0.47058823529411764,0.03672471880327672,0.036959786879702444,0.0,0.0,0.17647058823529413,0,0,0.0,0.15711391047990794
57,134,M,67,60,3,MONTHLY,1,2051.0,0,1,0,0,79902.2,78417.2,61,17559.431147540985,5010.33128986301,0,0,12,25,12,0,12,12,0,12,12,0,61,158319.4,0,Kutna Hora,central Bohemia,77963,60,23,4,2,4,51.5,8546,2.95,4.02,126,2640.0,3120,0,0,1.0189371719469709,1485.0,24.34426229508197,4.5503865887585695,4.465816650955775,0.0,0.6065573770491803,0.06389326945954472,0.06270579896251931,0.0,0.0,0.19672131147540983,0,1,0.0,0.2853356266364389
58,138,F,27,20,3,MONTHLY,1,5110.0,0,1,0,0,109752.0,99595.2,66,36954.58484848485,6126.397904032691,0,15,0,27,12,0,12,12,0,12,0,0,66,209347.2,0,Frydek - Mistek,north Moravia,228848,15,40,18,2,6,57.2,9893,4.09,4.72,96,5623.0,5887,0,1,1.1019808183526918,10156.800000000003,153.89090909090913,2.969915653226446,2.6950701897570752,0.0,0.4090909090909091,0.061512983597931344,0.05582037597522315,0.0,0.0,0.18181818181818182,0,1,0.0,0.16578180837780068
59,141,M,74,70,3,MONTHLY,1,2329.0,0,1,0,0,59919.9,63323.2,67,22345.714925373133,3716.8738147295726,0,0,12,31,12,0,12,12,0,12,12,0,67,123243.1,0,Tachov,west Bohemia,51313,34,12,3,1,4,59.2,8930,3.52,4.2,108,1328.0,1452,0,0,0.9462550850241302,-3403.2999999999956,-50.79552238805964,2.6814939777094398,2.833796108626523,0.0,0.6417910447761194,0.058696872784849356,0.062030707907215675,0.0,0.0,0.1791044776119403,0,0,0.0,0.16633496968625217
60,143,M,21,20,3,MONTHLY,1,8252.0,0,1,0,0,281999.3,278699.2,73,38506.00273972603,9559.492158349623,0,12,0,37,12,0,12,12,0,12,0,0,73,560698.5,0,Plzen - jih,west Bohemia,67298,71,19,10,0,7,43.8,8561,0.65,1.29,110,1029.0,1127,0,0,1.0118410817110346,3300.0999999999767,45.206849315068176,7.323515294644329,7.237811774019081,0.0,0.5068493150684932,0.034300393249602525,0.03389899250937724,0.0,0.0,0.1643835616438356,0,1,0.0,0.2482597901154577
61,144,M,41,40,1,WEEKLY,2,5864.0,0,1,1,0,612253.8,550197.0,86,59782.20813953489,27260.250700932625,0,25,0,37,12,0,12,12,0,12,0,0,86,1162450.8,0,Znojmo,south Moravia,114200,101,41,4,1,4,43.7,8403,5.74,5.72,105,2157.0,2718,0,0,1.1127901460749514,62056.80000000005,721.5906976744192,10.241404910487192,9.203356937164493,0.0,0.43023255813953487,0.049546345583368546,0.044524428759662456,0.0,0.0,0.13953488372093023,0,1,0.0,0.45599270333584424
62,147,F,66,60,3,MONTHLY,1,3016.0,0,1,0,0,58855.9,58307.2,62,15483.84677419355,2115.0789566874823,0,0,12,26,12,0,12,12,0,12,12,0,62,117163.1,0,Tabor,south Bohemia,103347,87,16,7,1,7,67.0,9104,1.51,2.07,123,2299.0,2354,0,0,1.0094105016190111,548.7000000000044,8.85000000000007,3.801116147577314,3.7656792172071096,0.0,0.6129032258064516,0.03627474748723112,0.03593656637121312,0.0,0.0,0.1935483870967742,0,1,0.0,0.13659906272210207
63,151,F,28,20,3,MONTHLY,1,7384.0,0,1,0,0,329690.8,313679.2,64,44316.3203125,22816.90469708655,0,13,0,27,12,0,12,12,0,12,0,0,64,643370.0,0,Kolin,central Bohemia,95616,65,30,4,1,6,51.4,9307,3.85,4.43,118,2616.0,3040,0,0,1.0510445066169511,16011.599999999977,250.18124999999964,7.439489508044881,7.078186947563935,0.0,0.421875,0.07273961645237093,0.06920698028906645,0.0,0.0,0.1875,0,1,0.0,0.5148646037439788
64,152,F,54,50,2,MONTHLY,1,2242.0,0,1,0,0,41025.8,43349.2,59,13889.149152542373,1616.4271031456233,0,0,12,23,12,0,12,12,0,0,0,0,59,84375.0,0,Rokycany,west Bohemia,45714,52,10,5,1,6,55.6,8843,2.82,3.6,113,818.0,888,0,0,0.9464027017799638,-2323.399999999994,-39.37966101694905,2.9538022487497253,3.1210839140614337,0.0,0.5932203389830508,0.03728851058717631,0.03940025796317496,0.0,0.0,0.0,0,0,0.0,0.11638057057294546
65,153,F,18,10,3,MONTHLY,0,0.0,0,0,0,0,65382.6,55025.2,63,48309.555555555555,7679.016906811025,7,16,0,28,0,0,12,12,0,0,0,0,63,120407.8,0,Benesov,central Bohemia,88884,80,26,6,2,5,46.7,8507,1.67,1.85,132,2159.0,2674,0,0,1.1882301200177374,10357.400000000001,164.40317460317462,1.3534092634077455,1.1390127557005054,0.0,0.4444444444444444,0.13955454785827268,0.1174474081301604,0.0,0.0,0.0,0,1,0.0,0.15895441012658923
66,157,F,56,50,1,MONTHLY,1,6904.0,0,1,0,0,138530.1,151623.2,68,20757.951470588236,6418.87913460167,0,14,0,30,12,0,12,12,0,12,0,0,68,290153.3,0,Usti nad Orlici,east Bohemia,139012,59,41,8,3,10,61.9,8363,2.52,3.49,108,2564.0,2799,0,0,0.9136471199658099,-13093.100000000006,-192.5455882352942,6.673592054412601,7.304343119543065,0.0,0.4411764705882353,0.042334412771935094,0.04633562766937777,0.0,0.0,0.17647058823529413,0,0,0.0,0.30922507665058013
67,162,M,58,50,3,MONTHLY,0,0.0,0,0,0,0,69943.9,69775.2,61,43917.63442622951,3843.7263564968325,0,16,0,33,0,0,12,12,0,0,0,0,61,139719.1,0,Prerov,north Moravia,138032,67,30,4,2,5,64.6,8819,5.38,5.66,99,4063.0,4505,0,0,1.0024177644779233,168.6999999999971,2.7655737704917556,1.5926153790793995,1.588774097503012,0.0,0.5409836065573771,0.05508728540365105,0.0549544185625456,0.0,0.0,0.0,0,1,0.0,0.08752125215107653
68,165,M,31,30,1,MONTHLY,0,0.0,0,0,0,0,6700.0,13100.0,12,15875.0,4410.138113689659,0,6,0,6,0,0,0,0,0,0,0,0,12,19800.0,19,Domazlice,west Bohemia,58400,65,16,4,1,6,52.4,8620,1.1,1.25,100,1089.0,1117,0,0,0.5114503816793893,-6400.0,-533.3333333333334,0.4220472440944882,0.8251968503937008,0.0,0.5,0.33665176440379074,0.6582295692074118,0.0,0.0,0.0,0,0,0.0,0.2778039756654903
69,171,M,70,70,3,MONTHLY,1,1845.0,0,1,0,0,55692.5,51565.2,61,21500.44754098361,2963.9392379403093,0,0,12,25,12,0,12,12,0,12,12,0,61,107257.7,0,Trutnov,east Bohemia,121947,37,28,7,3,11,70.5,8541,2.51,2.97,131,3496.0,3839,0,0,1.0800404148534284,4127.300000000003,67.66065573770497,2.5902949179937007,2.3983314720173947,0.0,0.6065573770491803,0.0574794481150138,0.053219719673929335,0.0,0.0,0.19672131147540983,0,1,0.0,0.13785476940842853
70,176,M,70,70,3,MONTHLY,1,3823.0,0,1,0,0,76764.3,75961.2,61,23380.1868852459,4380.677268241956,0,0,12,25,12,0,12,12,0,12,12,0,61,152725.5,0,Kladno,central Bohemia,149893,63,29,6,2,6,67.4,9753,4.64,5.05,109,5244.0,5892,0,0,1.0105725028040633,803.1000000000058,13.165573770491898,3.2833056629005055,3.2489560657847187,0.0,0.6065573770491803,0.05766993238971944,0.05706659564722085,0.0,0.0,0.19672131147540983,0,1,0.0,0.18736707665097357
71,178,M,39,30,3,MONTHLY,3,2312.0,1,1,0,0,42333.1,46969.2,87,14091.11724137931,2162.4496142110697,0,0,12,27,36,0,12,12,0,0,0,0,87,89302.3,0,Mlada Boleslav,central Bohemia,112065,95,19,7,1,8,69.4,11277,1.25,1.44,127,5179.0,4987,0,0,0.9012948911201383,-4636.0999999999985,-53.28850574712642,3.004240137587289,3.3332488258682895,0.0,0.4482758620689655,0.04603973698106567,0.05108176850292253,0.0,0.0,0.0,0,0,0.0,0.15346189923542203
72,180,M,17,10,1,MONTHLY,0,0.0,0,0,0,0,90610.0,28875.2,64,41307.8546875,13332.2860641559,0,20,0,32,0,0,12,12,0,0,0,0,64,119485.2,0,Opava,north Moravia,182027,17,49,12,2,7,56.4,8746,3.33,3.74,90,4355.0,4433,0,0,3.1379869230342994,61734.8,964.60625,2.19352955232069,0.6990244402292285,0.0,0.5,0.46172099463054456,0.14713923478816798,0.0,0.0,0.0,0,1,0.0,0.322754259813699
73,181,M,32,30,3,MONTHLY,2,3079.0,0,1,0,0,66741.1,71243.2,77,14919.425974025975,2507.159447798423,0,15,0,26,24,0,12,12,0,12,0,0,77,137984.3,0,Sumperk,north Moravia,127369,31,32,13,2,7,51.2,8369,4.73,5.88,107,3736.0,2807,0,0,0.9368066004895907,-4502.099999999991,-58.46883116883105,4.4734361842200325,4.77519712380564,0.0,0.33766233766233766,0.03519156140934746,0.03756544989217173,0.0,0.0,0.15584415584415584,0,0,0.0,0.16804664282414558
74,185,M,45,40,3,MONTHLY,1,4544.0,0,1,0,0,181266.5,179391.2,70,31297.487142857146,6780.862092340439,0,1,12,33,12,0,12,12,0,12,0,0,70,360657.7,0,Vsetin,north Moravia,148545,8,35,12,3,4,53.5,8909,4.01,5.56,113,3460.0,3590,0,0,1.0104536900360774,1875.2999999999884,26.789999999999832,5.791726957905931,5.731808409447385,0.0,0.6428571428571429,0.037799301706775125,0.03740824748279709,0.0,0.0,0.17142857142857143,0,1,0.0,0.21665835539413258
75,186,F,38,30,2,MONTHLY,1,3891.0,0,1,0,0,186406.7,158767.2,73,43319.29589041096,10198.155847442855,0,13,0,36,12,0,12,12,0,12,0,0,73,345173.9,0,Nachod,east Bohemia,112709,48,20,7,3,10,73.5,8369,1.79,2.31,117,2854.0,2618,0,0,1.1740882247718671,27639.5,378.6232876712329,4.303087023195649,3.665045720079312,0.0,0.4931506849315068,0.06423339233445481,0.054709170042937585,0.0,0.0,0.1643835616438356,0,1,0.0,0.23541831966156887
76,187,M,57,50,1,MONTHLY,1,2988.0,0,1,0,0,66793.6,64398.0,61,28095.52786885246,5023.410233832892,0,18,0,22,9,0,10,12,0,9,0,0,61,131191.6,0,Jihlava,south Moravia,109164,98,16,6,1,4,63.6,8757,3.38,3.95,96,2212.0,2471,0,0,1.0371999130407779,2395.600000000006,39.27213114754108,2.377374801847001,2.2921085626368867,0.0,0.36065573770491804,0.07800568703737526,0.07520795755630617,0.0,0.0,0.14754098360655737,0,1,0.0,0.17879750319274101
77,190,F,52,50,1,MONTHLY,1,3420.0,0,1,0,0,321228.6,307755.2,75,46556.20933333333,12720.595130978074,0,12,0,39,12,0,12,12,0,12,0,0,75,628983.8,0,Litomerice,north Bohemia,114006,71,26,6,2,9,62.3,9065,4.46,5.39,123,4147.0,4166,0,0,1.0437796014494636,13473.399999999965,179.64533333333287,6.89980143572399,6.610400726496719,0.0,0.52,0.04133348561121981,0.03959982122070723,0.0,0.0,0.16,0,1,0.0,0.2732309033130491
78,193,M,37,30,3,MONTHLY,2,7926.0,0,1,0,0,171398.1,153547.2,84,49081.63333333334,10204.83316096902,0,17,0,31,24,0,12,12,0,12,0,0,84,324945.3,0,Cheb,west Bohemia,87419,21,11,4,3,9,85.5,8624,1.79,2.66,102,2879.0,3198,0,0,1.1162567601362967,17850.899999999994,212.51071428571422,3.4921026127220705,3.1284044472847614,0.0,0.36904761904761907,0.06646056170981313,0.05953877645650109,0.0,0.0,0.14285714285714285,0,1,0.0,0.20791551682202272
79,194,F,75,70,2,MONTHLY,2,2281.0,0,1,0,0,54011.0,52727.2,73,19399.89178082192,2501.567617556896,0,0,12,25,24,0,12,12,0,12,12,0,73,106738.2,0,Plzen - sever,west Bohemia,72541,66,26,10,0,8,36.9,8594,1.62,2.01,112,1580.0,1525,0,0,1.0243479646178824,1283.800000000003,17.586301369863055,2.784087695447531,2.7179120685675335,0.0,0.5068493150684932,0.04744358922068489,0.04631589153240814,0.0,0.0,0.1643835616438356,0,1,0.0,0.12894750371906
80,195,M,80,80,3,MONTHLY,1,3458.0,0,1,0,0,63732.5,50701.2,56,30980.948214285712,3698.7032149606694,0,0,12,20,12,0,12,12,0,12,12,0,56,114433.7,0,Prostejov,south Moravia,110643,49,41,4,1,4,51.9,8441,3.45,4.48,115,1879.0,2252,0,0,1.2570215300624048,13031.300000000003,232.70178571428576,2.0571513679691744,1.63652834798068,0.0,0.5714285714285714,0.07295099948247122,0.05803480508313136,0.0,0.0,0.21428571428571427,0,1,0.0,0.11938637866658806
81,197,M,66,60,3,MONTHLY,2,3728.0,0,1,0,0,81692.3,72151.2,75,27369.817333333332,5517.021555992879,0,0,12,27,24,0,12,12,0,12,12,0,75,153843.5,0,Sokolov,west Bohemia,94812,15,13,8,2,10,81.8,9650,3.38,3.67,100,2985.0,2804,0,0,1.1322375788621672,9541.100000000006,127.21466666666674,2.984758685272921,2.6361593547110753,0.0,0.52,0.07646472346950403,0.06753416853232042,0.0,0.0,0.16,0,1,0.0,0.20157319607952856
82,199,M,76,70,3,MONTHLY,1,1788.0,0,1,0,0,83757.9,82681.2,72,27952.345833333333,3409.6478032128516,0,0,12,36,12,0,12,12,0,12,12,0,72,166439.1,0,Klatovy,west Bohemia,88757,60,33,3,2,10,61.7,8554,2.47,2.68,113,1822.0,2218,0,0,1.0130223073685432,1076.699999999997,14.954166666666627,2.996453338814885,2.957934210351755,0.0,0.6666666666666666,0.04123848956247432,0.04070837262172108,0.0,0.0,0.16666666666666666,0,1,0.0,0.12198073906007656
83,203,M,37,30,3,MONTHLY,1,2013.0,0,1,0,0,37071.8,35871.2,63,17364.20476190476,2046.5834723192966,0,0,12,27,12,0,12,12,0,0,0,0,63,72943.0,0,Tachov,west Bohemia,51313,34,12,3,1,4,59.2,8930,3.52,4.2,108,1328.0,1452,0,0,1.033469747318183,1200.6000000000058,19.05714285714295,2.134955243175411,2.065813003927346,0.0,0.6190476190476191,0.05705366623696159,0.055205937459721306,0.0,0.0,0.0,0,1,0.0,0.11786220563404583
84,205,F,57,50,1,MONTHLY,2,5671.0,0,1,1,0,168542.8,155010.6,63,44339.88888888889,6095.798180267454,0,12,0,29,10,0,11,12,0,10,0,0,63,323553.4,0,Kladno,central Bohemia,149893,63,29,6,2,6,67.4,9753,4.64,5.05,109,5244.0,5892,0,0,1.0872985460349163,13532.199999999983,214.7968253968251,3.8011552176495202,3.495962752374962,0.0,0.4603174603174603,0.03932504086989828,0.03616765700028393,0.0,0.0,0.15873015873015872,0,1,0.0,0.13747887811678744
85,208,F,59,50,3,MONTHLY,1,4221.0,0,1,0,0,293009.6,304247.2,74,44796.627027027025,11555.345373501536,0,12,0,38,12,0,12,12,0,12,0,0,74,597256.8,0,Rakovnik,central Bohemia,53921,61,22,1,1,2,41.3,8598,2.77,3.26,123,1597.0,1875,0,0,0.9630642451269887,-11237.600000000035,-151.85945945945994,6.540885317620439,6.791743490340007,0.0,0.5135135135135135,0.037980120683120615,0.03943674669192251,0.0,0.0,0.16216216216216217,0,0,0.0,0.2579512374119123
86,210,M,60,60,3,MONTHLY,5,17342.0,1,1,0,1,250333.6,263231.2,121,32129.403305785123,8286.629399419424,0,18,0,43,48,12,12,12,0,12,0,0,121,513564.8,0,Zdar nad Sazavou,south Moravia,125832,151,41,2,3,5,48.3,8512,3.51,4.12,102,2247.0,2103,0,0,0.9510027686687597,-12897.600000000006,-106.59173553719013,7.791417649979379,8.192844339334599,0.0,0.35537190082644626,0.03148042253129349,0.03310234582740561,0.09917355371900827,0.0,0.09917355371900827,1,0,0.0,0.25791420153536926
87,219,F,35,30,3,WEEKLY,0,0.0,0,0,0,0,313814.6,340912.0,70,49260.50714285715,18629.85268369117,0,2,12,44,0,0,12,12,0,0,0,0,70,654726.6,0,Brno - venkov,south Moravia,157042,49,70,18,0,9,33.9,8743,1.88,2.43,111,3659.0,3894,0,0,0.9205149716055756,-27097.400000000023,-387.1057142857146,6.370510946830632,6.920594605559858,0.0,0.8,0.054647101550227534,0.05936579331774612,0.0,0.0,0.0,0,0,0.0,0.3781904361979864
88,223,F,47,40,3,MONTHLY,2,5954.0,0,1,0,0,192037.4,191923.2,82,34746.8,8669.646999164583,0,12,0,34,24,0,12,12,0,12,0,0,82,383960.6,0,Hradec Kralove,east Bohemia,161854,73,21,6,1,6,76.3,9425,1.72,2.5,125,4085.0,3891,0,0,1.000595029678538,114.19999999998254,1.3926829268290553,5.526765054623734,5.523478421034455,0.0,0.4146341463414634,0.045172480446160665,0.04514561746391371,0.0,0.0,0.14634146341463414,0,1,0.0,0.2495092209689693
89,226,M,57,50,3,WEEKLY,1,6862.0,0,1,0,0,490857.5,519308.0,79,68055.76835443039,25195.47681178032,0,19,0,36,12,0,12,12,0,12,0,0,79,1010165.5,0,Hl.m. Praha,Prague,1204953,0,0,0,1,1,100.0,12541,0.29,0.43,167,85677.0,99107,0,0,0.9452145932664238,-28450.5,-360.13291139240505,7.212577447419936,7.630624303519356,0.0,0.45569620253164556,0.04851740549304136,0.05132951378308434,0.0,0.0,0.1518987341772152,0,0,0.0,0.3702180934989049
90,227,F,73,70,3,MONTHLY,1,2798.0,0,1,0,0,51175.2,51771.2,60,15839.938333333334,1974.8748760271556,0,0,12,24,12,0,12,12,0,12,12,0,60,102946.4,0,Kolin,central Bohemia,95616,65,30,4,1,6,51.4,9307,3.85,4.43,118,2616.0,3040,0,0,0.9884878078931916,-596.0,-9.933333333333334,3.230770153461245,3.2683965625707927,0.0,0.6,0.03814620630827865,0.03859046717994567,0.0,0.0,0.2,0,0,0.0,0.12467692957309423
91,228,F,43,40,3,MONTHLY,1,7426.0,0,1,0,0,255766.8,260827.2,76,65081.21315789474,8546.222650447657,0,12,0,40,12,0,12,12,0,12,0,0,76,516594.0,0,Brno - mesto,south Moravia,387570,0,0,0,1,1,100.0,9897,1.6,1.96,140,18721.0,18696,0,0,0.9805986492206333,-5060.400000000023,-66.5842105263161,3.929963619139665,4.007718776956452,0.0,0.5263157894736842,0.032765841332681775,0.033414120403616326,0.0,0.0,0.15789473684210525,0,0,0.0,0.13131627755176456
92,230,F,32,30,1,MONTHLY,4,9110.0,1,1,0,0,232348.5,230195.2,110,31583.254545454547,7073.204298439021,0,13,0,37,48,12,12,12,0,12,0,0,110,462543.7,0,Ostrava - mesto,north Moravia,323870,0,0,0,1,1,100.0,10673,4.75,5.44,100,18782.0,18347,0,0,1.0093542350144573,2153.2999999999884,19.57545454545444,7.356699090830065,7.288520556635594,0.0,0.33636363636363636,0.030726984309138596,0.030442220623068453,0.10909090909090909,0.0,0.10909090909090909,1,1,0.0,0.22395425678057598
93,232,F,78,70,3,MONTHLY,1,3583.0,0,1,0,0,71722.0,78141.2,62,29510.50806451613,4368.874063537271,0,0,12,26,12,0,12,12,0,12,12,0,62,149863.2,0,Brno - venkov,south Moravia,157042,49,70,18,0,9,33.9,8743,1.88,2.43,111,3659.0,3894,0,0,0.9178512743597488,-6419.199999999997,-103.5354838709677,2.430388519343711,2.6479110366099774,0.0,0.6129032258064516,0.05590999451681406,0.060914002168613125,0.0,0.0,0.1935483870967742,0,0,0.0,0.14804469153787525
94,238,F,38,30,3,MONTHLY,4,8626.0,1,1,0,0,170805.9,173287.2,105,50582.20476190476,5587.9228271332,11,12,0,22,48,12,12,12,0,12,0,0,105,344093.1,0,Kladno,central Bohemia,149893,63,29,6,2,6,67.4,9753,4.64,5.05,109,5244.0,5892,0,0,0.9856809966344888,-2481.3000000000175,-23.63142857142874,3.376798239697134,3.425853040919812,0.0,0.20952380952380953,0.0322465988666976,0.03271504571641378,0.11428571428571428,0.0,0.11428571428571428,1,0,0.0,0.11047210878679734
95,239,F,25,20,3,MONTHLY,1,9454.0,0,1,0,0,283502.9,297983.2,63,29410.944444444445,11162.404340344767,0,12,0,27,12,0,12,12,0,12,0,0,63,581486.1,0,Hl.m. Praha,Prague,1204953,0,0,0,1,1,100.0,12541,0.29,0.43,167,85677.0,99107,0,0,0.9514056497144806,-14480.299999999988,-229.84603174603157,9.63936743124725,10.131711362172434,0.0,0.42857142857142855,0.037459844515881316,0.03937315752447247,0.0,0.0,0.19047619047619047,0,0,0.0,0.37953233230676753
96,240,F,70,70,3,MONTHLY,2,2866.0,0,1,0,0,52864.4,50297.2,70,24911.678571428572,3703.5739707450916,0,0,12,22,24,0,12,12,0,12,12,0,70,103161.6,0,Karvina,north Moravia,285387,0,2,8,5,7,89.9,10177,6.63,7.75,81,9878.0,10108,0,0,1.0510406145868956,2567.2000000000044,36.67428571428578,2.122072980687486,2.019020912452134,0.0,0.4857142857142857,0.07363380010706544,0.07005799688911804,0.0,0.0,0.17142857142857143,0,1,0.0,0.14866818227948533
97,242,F,38,30,2,MONTHLY,0,0.0,0,0,0,0,114711.7,89175.2,56,56948.11964285715,8370.182204933704,3,12,0,29,0,0,12,12,0,0,0,0,56,203886.9,0,Pelhrimov,south Bohemia,74062,99,15,4,2,7,61.4,8114,2.38,2.62,119,1003.0,1181,0,0,1.2863632489750514,25536.5,456.00892857142856,2.014319361541694,1.5659024487419577,0.0,0.5178571428571429,0.09386221959618486,0.0729671184799258,0.0,0.0,0.0,0,1,0.0,0.14697907951002126
98,243,M,45,40,2,MONTHLY,1,9584.0,0,1,0,0,207244.0,210283.2,72,29836.4375,6829.383072016723,0,12,0,36,12,0,12,12,0,12,0,0,72,417527.2,0,Vyskov,south Moravia,86513,38,36,5,1,5,50.5,8288,3.79,4.52,110,1562.0,1460,0,0,0.9855471098023998,-3039.2000000000116,-42.21111111111127,6.946003523376408,7.047865550302378,0.0,0.5,0.032477074117270056,0.03295334519704659,0.0,0.0,0.16666666666666666,0,0,0.0,0.22889405184572467
99,248,F,30,30,1,MONTHLY,1,2902.0,0,1,0,0,81213.6,67379.2,72,29682.0,8048.307744480151,0,22,0,26,12,0,12,12,0,12,0,0,72,148592.8,0,Trebic,south Moravia,117897,139,28,5,1,6,53.8,8814,4.76,5.74,107,2112.0,2059,0,0,1.2053215235562311,13834.400000000009,192.14444444444456,2.736122902769355,2.2700357118792533,0.0,0.3611111111111111,0.11944795640910179,0.09910049233724587,0.0,0.0,0.16666666666666666,0,1,0.0,0.2711511267596574
100,250,F,20,20,3,MONTHLY,3,3139.0,1,1,0,0,82105.9,87343.2,99,24316.060606060608,4856.841362319587,0,18,0,33,36,12,12,12,0,12,0,0,99,169449.1,0,Benesov,central Bohemia,88884,80,26,6,2,5,46.7,8507,1.67,1.85,132,2159.0,2674,0,0,0.9400376903983366,-5237.300000000003,-52.90202020202023,3.3766119163042254,3.5919963112047153,0.0,0.3333333333333333,0.055606405104456746,0.05915337828730441,0.12121212121212122,0.0,0.12121212121212122,0,0,0.0,0.19973800201456368
101,255,F,48,40,3,WEEKLY,1,13841.0,0,1,0,0,652658.6,649126.0,83,61857.1686746988,20157.149823645927,1,1,12,45,12,0,12,12,0,12,0,0,83,1301784.6,0,Plzen - jih,west Bohemia,67298,71,19,10,0,7,43.8,8561,0.65,1.29,110,1029.0,1127,0,0,1.00544208674433,3532.5999999999767,42.56144578313225,10.551058413815737,10.493949430723129,0.0,0.6867469879518072,0.031052753739098306,0.030884676649700054,0.0,0.0,0.14457831325301204,0,1,0.0,0.3258660274227962
102,256,F,36,30,1,MONTHLY,1,5625.0,0,1,0,0,318051.4,319575.2,74,54012.51081081081,13403.418411943832,0,12,0,38,12,0,12,12,0,12,0,0,74,637626.6,0,Opava,north Moravia,182027,17,49,12,2,7,56.4,8746,3.33,3.74,90,4355.0,4433,0,1,0.9952317952081389,-1523.7999999999884,-20.591891891891734,5.888476488605318,5.9166884709243295,0.0,0.5135135135135135,0.04194135969231602,0.04214230282257469,0.0,0.0,0.16216216216216217,0,0,0.0,0.2481539593464166
103,261,F,62,60,2,MONTHLY,2,2999.0,0,1,0,0,78975.4,78873.2,81,28398.07283950617,4120.301584441737,0,0,12,33,24,0,12,12,0,12,12,0,81,157848.6,0,Louny,north Bohemia,85852,41,23,4,2,4,59.8,8965,7.08,8.23,104,2653.0,2822,0,0,1.0012957506478752,102.19999999999709,1.2617283950616924,2.7810126569621594,2.777413821203917,0.0,0.5555555555555556,0.052239564065382625,0.05217196221154609,0.0,0.0,0.14814814814814814,0,1,0.0,0.14509088724886118
104,262,M,54,50,1,MONTHLY,2,4112.0,0,1,1,0,145350.0,134983.2,66,26786.25303030303,5085.507274998984,0,12,0,30,12,0,12,12,0,12,0,0,66,280333.2,0,Vsetin,north Moravia,148545,8,35,12,3,4,53.5,8909,4.01,5.56,113,3460.0,3590,0,0,1.076800668527639,10366.799999999988,157.0727272727271,5.426290860299384,5.039271444471716,0.0,0.45454545454545453,0.037675112717723266,0.03498801014791183,0.0,0.0,0.18181818181818182,0,1,0.0,0.18985511968567603
105,264,M,21,20,1,MONTHLY,2,5324.0,0,1,0,0,233553.6,246424.6,76,50021.65921052632,7445.155230782458,0,12,0,30,22,0,11,12,0,11,0,0,76,479978.2,0,Plzen - sever,west Bohemia,72541,66,26,10,0,8,36.9,8594,1.62,2.01,112,1580.0,1525,0,0,0.9477690133209103,-12871.0,-169.35526315789474,4.669049441503773,4.926357979507877,0.0,0.39473684210526316,0.030212711031213837,0.03187771556842822,0.0,0.0,0.14473684210526316,0,0,0.0,0.14883863007118595
106,265,F,66,60,3,MONTHLY,1,3095.0,0,1,0,0,64004.7,57055.2,55,16287.77090909091,2845.9358743636335,0,0,12,19,12,0,12,12,0,12,12,0,55,121059.9,0,Olomouc,north Moravia,226122,32,50,7,4,4,62.6,8994,3.8,4.79,110,9672.0,9208,0,0,1.121803095949186,6949.5,126.35454545454546,3.9296169105789795,3.502947107891542,0.0,0.5636363636363636,0.04988039432626007,0.04446448267648522,0.0,0.0,0.21818181818181817,0,1,0.0,0.1747283830456624
107,267,M,32,30,3,MONTHLY,1,3440.9,0,0,1,0,449492.4,446223.2,63,50309.70317460317,17120.09691051641,0,0,12,39,0,0,12,12,0,0,0,0,63,895715.6,0,Litomerice,north Bohemia,114006,71,26,6,2,9,62.3,9065,4.46,5.39,123,4147.0,4166,0,1,1.0073263783684936,3269.2000000000116,51.89206349206368,8.934507095778457,8.869525595318118,0.0,0.8095238095238095,0.03836666697409819,0.03808762263948492,0.0,0.0,0.0,0,1,0.0,0.3402941347338102
108,268,F,17,10,1,MONTHLY,0,0.0,0,0,0,0,89239.7,103300.0,26,36057.85,13638.372614480075,2,4,0,8,0,0,0,12,0,0,0,0,26,192539.7,0,Most,north Bohemia,119895,17,4,3,2,4,89.9,10446,7.34,9.4,90,4947.0,4743,0,0,0.8638886737657309,-14060.300000000003,-540.7807692307694,2.4749035230885923,2.864840804429549,0.0,0.3076923076923077,0.13202684041123014,0.15282853499597238,0.0,0.0,0.0,0,0,0.0,0.3782358796900002
109,270,M,52,50,3,MONTHLY,2,3385.0,0,1,0,0,88453.0,78435.2,84,31526.74642857143,8548.272764539919,0,22,0,26,24,0,12,12,0,12,0,0,84,166888.2,0,Hl.m. Praha,Prague,1204953,0,0,0,1,1,100.0,12541,0.29,0.43,167,85677.0,99107,0,0,1.1277207172289994,10017.800000000003,119.25952380952384,2.8056494887730814,2.4878938959878623,0.0,0.30952380952380953,0.1089851592721115,0.09664197669428871,0.0,0.0,0.14285714285714285,0,1,0.0,0.27114351250635116
110,273,F,27,20,1,MONTHLY,1,9381.0,0,1,0,0,583749.7,610705.2,74,51783.0027027027,19235.38154379411,0,0,12,38,12,0,12,12,0,12,0,0,74,1194454.9,0,Plzen - jih,west Bohemia,67298,71,19,10,0,7,43.8,8561,0.65,1.29,110,1029.0,1127,0,0,0.9558616825270195,-26955.5,-364.2635135135135,11.27299827225995,11.793545528948739,0.0,0.6756756756756757,0.03149699976976471,0.032951420007229316,0.0,0.0,0.16216216216216217,0,0,0.0,0.37146130081000805
111,274,F,29,20,3,MONTHLY,2,4104.0,0,1,0,0,282420.2,265743.2,84,34332.264285714286,10354.630995986601,0,12,0,36,24,0,12,12,0,12,0,0,84,548163.4,0,Kolin,central Bohemia,95616,65,30,4,1,6,51.4,9307,3.85,4.43,118,2616.0,3040,0,0,1.0627560742852498,16677.0,198.53571428571428,8.226087206182772,7.74033421706404,0.0,0.42857142857142855,0.03896480134199709,0.03666391779336818,0.0,0.0,0.14285714285714285,0,1,0.0,0.3016005850885629
112,278,F,27,20,1,MONTHLY,1,2073.0,0,1,0,0,38139.9,40481.2,68,16841.66617647059,1613.8416109571606,0,0,12,32,12,0,12,12,0,12,0,0,68,78621.1,0,Domazlice,west Bohemia,58400,65,16,4,1,6,52.4,8620,1.1,1.25,100,1089.0,1117,0,0,0.9421632757922197,-2341.2999999999956,-34.43088235294111,2.2646156027771807,2.4036339145918997,0.0,0.6470588235294118,0.03986644691751136,0.04231373472287973,0.0,0.0,0.17647058823529413,0,0,0.0,0.095824343865208
113,282,F,61,60,3,MONTHLY,1,2809.0,0,1,0,0,70510.1,72553.2,62,14910.564516129032,2910.8512214035413,0,0,12,26,12,0,12,12,0,12,12,0,62,143063.3,0,Opava,north Moravia,182027,17,49,12,2,7,56.4,8746,3.33,3.74,90,4355.0,4433,0,0,0.9718399739777158,-2043.0999999999913,-32.95322580645147,4.72886857662082,4.865892228394027,0.0,0.6129032258064516,0.04012023206975766,0.04128275554003669,0.0,0.0,0.1935483870967742,0,0,0.0,0.1952207254295986
114,284,M,25,20,3,MONTHLY,2,2216.0,0,1,0,0,41099.0,46387.2,80,24898.02,2109.9693545317873,0,0,12,32,24,0,12,12,0,0,0,0,80,87486.2,0,Usti nad Labem,north Bohemia,118650,8,8,5,1,3,85.6,9832,3.32,4.48,114,6445.0,5471,0,0,0.885998723785872,-5288.199999999997,-66.10249999999996,1.6506935089617567,1.8630879081951093,0.0,0.55,0.04548602533741609,0.051338702998413276,0.0,0.0,0.0,0,0,0.0,0.08474446379799627
115,287,M,19,10,2,MONTHLY,2,1940.0,0,1,0,0,35569.1,33575.2,69,12413.449275362318,1564.6936594203826,0,0,12,21,24,0,12,12,0,12,0,0,69,69144.3,0,Svitavy,east Bohemia,102609,75,33,2,3,6,52.0,8187,4.83,5.45,94,2123.0,2134,0,0,1.0593860944983202,1993.9000000000015,28.897101449275382,2.8653679739599873,2.704743802887938,0.0,0.4782608695652174,0.0466026608753003,0.04399025163471616,0.0,0.0,0.17391304347826086,0,1,0.0,0.12604825820055668
116,288,M,37,30,3,MONTHLY,1,2234.0,0,1,0,0,41098.6,48013.2,65,17175.996923076924,2020.6617627315547,0,0,12,29,12,0,12,12,0,0,0,0,65,89111.8,0,Kutna Hora,central Bohemia,77963,60,23,4,2,4,51.5,8546,2.95,4.02,126,2640.0,3120,0,0,0.8559854373380654,-6914.5999999999985,-106.37846153846152,2.3927926969282174,2.7953661272197565,0.0,0.6307692307692307,0.0420855465316112,0.0491661945353748,0.0,0.0,0.0,0,0,0.0,0.11764451121999686
117,289,M,41,40,3,WEEKLY,3,7189.0,1,1,0,0,803808.4,804472.0,125,82591.55840000001,24023.29383665209,0,29,0,48,36,12,12,12,0,12,0,0,125,1608280.4,0,Jesenik,north Moravia,42821,4,13,5,1,3,48.4,8173,0.0,7.01,124,0.0,1358,0,0,0.9991751111287901,-663.5999999999767,-5.308799999999814,9.732331191852168,9.740365911293907,0.0,0.384,0.029862187666757935,0.029886840989285617,0.096,0.0,0.096,1,0,0.0,0.2908686347859503
118,294,M,31,30,3,WEEKLY,2,4108.0,0,1,1,0,681413.0,693464.0,91,54758.38461538462,25219.522045272453,0,29,0,38,12,0,12,12,0,12,0,0,91,1374877.0,0,Brno - venkov,south Moravia,157042,49,70,18,0,9,33.9,8743,1.88,2.43,111,3659.0,3894,0,0,0.9826220250798888,-12051.0,-132.42857142857142,12.443993824619763,12.664069710434228,0.0,0.4175824175824176,0.03636745677536606,0.03701062651471641,0.0,0.0,0.13186813186813187,0,0,0.0,0.46056000779443945
119,295,M,60,60,3,MONTHLY,3,2648.0,1,1,0,0,69741.2,53371.2,97,48366.778350515466,6041.047915170065,0,8,12,29,36,12,12,12,0,12,0,0,97,123112.4,0,Karlovy Vary,west Bohemia,122603,25,21,6,2,8,80.0,8991,1.39,2.01,128,5198.0,5273,0,0,1.3067197289924155,16370.0,168.76288659793815,1.4419236173760317,1.1034681618282975,0.0,0.422680412371134,0.1131892840177861,0.08662093447159018,0.12371134020618557,0.0,0.12371134020618557,0,1,0.0,0.12490077117376751
120,296,M,25,20,3,MONTHLY,0,0.0,0,0,0,0,143268.9,145205.7,58,18569.477586206896,12008.834862863421,0,13,0,33,0,0,12,12,1,0,0,0,58,288474.6,0,Znojmo,south Moravia,114200,101,41,4,1,4,43.7,8403,5.74,5.72,105,2157.0,2718,0,0,0.9866616806365038,-1936.8000000000175,-33.393103448276165,7.715289745491698,7.819589933313817,0.0,0.5689655172413793,0.08270222768709093,0.08382024893653418,0.0,0.0,0.0,0,0,0.017241379310344827,0.6466975070846036
121,300,F,42,40,1,MONTHLY,1,2484.9,0,0,1,0,324839.1,330082.2,56,41055.96964285714,12583.12581159849,0,0,12,32,0,0,12,12,0,0,0,0,56,654921.3,0,Hl.m. Praha,Prague,1204953,0,0,0,1,1,100.0,12541,0.29,0.43,167,85677.0,99107,0,0,0.9841157747979139,-5243.100000000035,-93.62678571428634,7.912103960173184,8.039810114615749,0.0,0.7857142857142857,0.0381211886360382,0.038736487730690335,0.0,0.0,0.0,0,0,0.0,0.3064871179771949
122,305,M,61,60,1,MONTHLY,0,0.0,0,0,0,0,292776.5,275413.0,52,50959.16923076923,15330.846071449732,0,12,0,28,0,0,9,12,1,0,0,0,52,568189.5,0,Nachod,east Bohemia,112709,48,20,7,3,10,73.5,8369,1.79,2.31,117,2854.0,2618,0,1,1.0630453173960561,17363.5,333.91346153846155,5.74531540485203,5.404581828106122,0.0,0.5384615384615384,0.055664932561098175,0.052363649648963395,0.0,0.0,0.0,0,1,0.019230769230769232,0.300845682982464
123,309,F,30,30,1,MONTHLY,0,0.0,0,0,0,0,249786.4,253475.19999999998,59,61348.933898305084,10256.45351471554,0,12,0,35,0,0,12,12,0,0,0,0,59,503261.6,0,Litomerice,north Bohemia,114006,71,26,6,2,9,62.3,9065,4.46,5.39,123,4147.0,4166,0,1,0.9854470969941044,-3688.7999999999884,-62.52203389830489,4.071568715669254,4.131696899903306,0.0,0.5932203389830508,0.040463341244885265,0.04106089648882221,0.0,0.0,0.0,0,0,0.0,0.16718226158122204
124,310,M,49,40,1,MONTHLY,2,17982.7,0,1,1,0,54302.3,133295.2,30,30363.636666666665,14368.914198329467,0,4,0,13,1,0,2,12,0,1,0,0,30,187597.5,0,Praha - zapad,central Bohemia,75637,35,36,9,0,7,36.5,9622,0.45,0.59,154,3475.0,3529,0,0,0.40738376175586216,-78992.90000000001,-2633.096666666667,1.7883990839481132,4.389961632834715,0.0,0.43333333333333335,0.10779768662584598,0.2646096794855736,0.0,0.0,0.03333333333333333,0,0,0.0,0.47322770839580375
125,312,M,75,70,3,MONTHLY,2,3154.0,0,1,0,0,79586.8,83403.2,77,26956.958441558443,4590.655112386656,0,0,12,29,24,0,12,12,0,12,12,0,77,162990.0,0,Benesov,central Bohemia,88884,80,26,6,2,5,46.7,8507,1.67,1.85,132,2159.0,2674,0,0,0.9542415638728491,-3816.399999999994,-49.56363636363629,2.9523657193203325,3.093939554820869,0.0,0.5324675324675324,0.05504171437530761,0.05768111184752566,0.0,0.0,0.15584415584415584,0,0,0.0,0.17029573727091665
126,313,F,57,50,1,MONTHLY,1,5247.0,0,1,0,0,113136.4,113336.0,63,31922.274603174603,5944.506649785543,0,16,0,25,10,0,10,12,0,10,0,0,63,226472.4,0,Karlovy Vary,west Bohemia,122603,25,21,6,2,8,80.0,8991,1.39,2.01,128,5198.0,5273,0,0,0.998238864967883,-199.60000000000582,-3.1682539682540605,3.5441208813092793,3.550373568578004,0.0,0.3968253968253968,0.05245029513822213,0.05254283015709837,0.0,0.0,0.15873015873015872,0,0,0.0,0.18621814152285923
127,321,F,56,50,2,MONTHLY,1,4975.2,0,0,1,0,650066.5,695987.2,75,69363.908,23944.75479170334,0,0,12,51,0,0,12,12,0,0,0,0,75,1346053.7,0,Pardubice,east Bohemia,162580,83,26,5,1,6,72.8,9538,1.51,1.81,111,6079.0,5410,0,1,0.9340207693474823,-45920.69999999995,-612.2759999999994,9.371826339427127,10.033852187221054,0.0,0.84,0.034404016038949194,0.03683431586107474,0.0,0.0,0.0,0,0,0.0,0.34520481158159866
128,322,M,66,60,1,MONTHLY,1,3074.0,0,1,0,0,59038.8,56253.2,60,18129.710000000003,3548.2069562870875,0,0,12,24,12,0,12,12,0,12,12,0,60,115292.0,0,Louny,north Bohemia,85852,41,23,4,2,4,59.8,8965,7.08,8.23,104,2653.0,2822,0,0,1.0495189606991249,2785.600000000006,46.42666666666676,3.2564668712296,3.102818522745261,0.0,0.6,0.0630756464749932,0.060099577841810595,0.0,0.0,0.2,0,1,0.0,0.19571228421674075
129,326,F,32,30,1,MONTHLY,1,5462.0,0,1,0,0,311702.8,283339.2,68,57448.894117647054,10599.565981721156,0,12,0,32,12,0,12,12,0,12,0,0,68,595042.0,0,Plzen - jih,west Bohemia,67298,71,19,10,0,7,43.8,8561,0.65,1.29,110,1029.0,1127,0,0,1.1001047507722193,28363.599999999977,417.111764705882,5.425740648056299,4.932021831782561,0.0,0.47058823529411764,0.03740945828082085,0.03400536017552989,0.0,0.0,0.17647058823529413,0,1,0.0,0.18450426495616734
130,330,F,55,50,3,TRANSACTION,4,9299.1,1,1,1,0,193120.5,184648.0,93,35773.749462365595,8190.333774780459,0,6,12,27,36,12,12,12,0,12,0,0,93,377768.5,0,Karlovy Vary,west Bohemia,122603,25,21,6,2,8,80.0,8991,1.39,2.01,128,5198.0,5273,0,0,1.0458846020536372,8472.5,91.10215053763442,5.398385768960702,5.161550096789599,0.0,0.41935483870967744,0.04435647163673833,0.04241048347938442,0.12903225806451613,0.0,0.12903225806451613,0,1,0.0,0.2289481504698518
131,331,M,57,50,3,MONTHLY,1,9886.0,0,1,0,0,267464.3,276587.2,72,41182.82361111111,9135.45629170233,0,12,0,36,12,0,12,12,0,12,0,0,72,544051.5,0,Sumperk,north Moravia,127369,31,32,13,2,7,51.2,8369,4.73,5.88,107,3736.0,2807,0,0,0.9670161887462615,-9122.900000000023,-126.70694444444477,6.494559540784819,6.716081505527875,0.0,0.5,0.03302920848001039,0.03415579683607244,0.0,0.0,0.16666666666666666,0,0,0.0,0.22182685621482223
132,334,M,30,30,2,TRANSACTION,1,2682.3,0,0,1,0,239596.3,238559.0,60,42199.223333333335,21094.94508349613,0,12,0,36,0,0,12,12,0,0,0,0,60,478155.3,0,Ceska Lipa,north Bohemia,105058,32,19,7,2,10,81.0,9272,2.8,3.22,118,4340.0,4505,0,1,1.0043481905943603,1037.2999999999884,17.28833333333314,5.677741936324736,5.653160915204837,0.0,0.6,0.08842653215135933,0.08804370135722518,0.0,0.0,0.0,0,1,0.0,0.4998894154251685
133,336,F,35,30,3,MONTHLY,2,2004.0,0,1,0,0,36986.3,32083.2,71,18722.076056338028,2708.140179451823,0,0,12,23,24,0,12,12,0,0,0,0,71,69069.5,0,Most,north Bohemia,119895,17,4,3,2,4,89.9,10446,7.34,9.4,90,4947.0,4743,0,0,1.152824531218831,4903.100000000002,69.05774647887327,1.9755448000906366,1.7136561086204327,0.0,0.49295774647887325,0.08440991482931325,0.07322008904518221,0.0,0.0,0.0,0,1,0.0,0.14464956617538308
134,338,F,48,40,3,MONTHLY,3,8985.0,0,1,1,0,159705.7,172351.2,87,32499.35287356322,4826.627716909291,0,14,0,37,24,0,12,12,0,12,0,0,87,332056.9,0,Klatovy,west Bohemia,88757,60,33,3,2,10,61.7,8554,2.47,2.68,113,1822.0,2218,0,0,0.926629463560451,-12645.5,-145.3505747126437,4.914119386355951,5.303219441646177,0.0,0.42528735632183906,0.02800460755079913,0.03022201284556087,0.0,0.0,0.13793103448275862,0,0,0.0,0.14851457921906924
135,345,M,46,40,1,MONTHLY,1,667.0,0,0,1,0,259866.2,268655.2,59,61313.89661016949,10935.946603257473,0,12,0,35,0,0,12,12,0,0,0,0,59,528521.4,0,Pelhrimov,south Bohemia,74062,99,15,4,2,7,61.4,8114,2.38,2.62,119,1003.0,1181,0,0,0.9672852042320417,-8789.0,-148.96610169491527,4.238292040909022,4.381636380217286,0.0,0.5932203389830508,0.0407062532318655,0.04208298964335289,0.0,0.0,0.0,0,0,0.0,0.1783600000630794
136,349,F,72,70,3,MONTHLY,2,2344.0,0,1,0,0,55632.4,63733.2,76,18758.826315789473,2964.8035261432738,0,0,12,28,24,0,12,12,0,12,12,0,76,119365.6,0,Jindrichuv Hradec,south Bohemia,93931,74,21,10,1,8,56.9,8427,1.12,1.54,107,1874.0,1913,0,0,0.8728951315797733,-8100.799999999996,-106.58947368421047,2.9656652854221326,3.397504669380898,0.0,0.5263157894736842,0.04651898109844279,0.05329274894024478,0.0,0.0,0.15789473684210525,0,0,0.0,0.1580484554968011
137,350,F,74,70,1,MONTHLY,2,3464.0,0,1,0,0,64808.7,62093.2,75,21516.493333333332,4024.3093716150192,0,0,12,27,24,0,12,12,0,12,12,0,75,126901.9,0,Klatovy,west Bohemia,88757,60,33,3,2,10,61.7,8554,2.47,2.68,113,1822.0,2218,0,0,1.0437326470531394,2715.5,36.20666666666666,3.0120475021642314,2.8858419928402212,0.0,0.52,0.06481079041851635,0.06209520282948153,0.0,0.0,0.16,0,1,0.0,0.18703370057892113
138,351,M,26,20,2,MONTHLY,2,8366.0,0,1,0,0,229120.5,243067.2,87,45184.137931034486,7027.472037839372,0,12,0,39,24,0,12,12,0,12,0,0,87,472187.7,0,Hl.m. Praha,Prague,1204953,0,0,0,1,1,100.0,12541,0.29,0.43,167,85677.0,99107,0,0,0.9426220403246509,-13946.700000000012,-160.30689655172426,5.070817116168322,5.379480745455378,0.0,0.4482758620689655,0.028911642697325563,0.03067151144415001,0.0,0.0,0.13793103448275862,0,0,0.0,0.15552962520974845
139,352,M,59,50,3,MONTHLY,3,8504.0,0,1,0,1,261014.4,287342.2,92,40381.59782608696,18123.254372693606,0,18,0,26,36,0,12,12,0,12,0,12,92,548356.6,0,Breclav,south Moravia,124605,11,42,14,1,8,46.0,8772,4.69,4.98,126,2854.0,3158,0,0,0.9083747531688696,-26327.800000000017,-286.17173913043496,6.463696684913785,7.115671877014578,4.597447497149583e-05,0.2826086956521739,0.06307202482856192,0.06943392537995453,0.0,0.13043478260869565,0.13043478260869565,0,0,0.0,0.4487998332989633
140,364,F,57,50,3,MONTHLY,0,0.0,0,0,0,0,676018.8,653875.2,77,76848.84805194805,27530.464524971005,0,27,0,38,0,0,12,12,0,0,0,0,77,1329894.0,0,Vsetin,north Moravia,148545,8,35,12,3,4,53.5,8909,4.01,5.56,113,3460.0,3590,0,0,1.033865177942213,22143.600000000093,287.579220779222,8.796733030312009,8.508588177639245,0.0,0.4935064935064935,0.042103545944197004,0.040724406665866394,0.0,0.0,0.0,0,1,0.0,0.3582417332574855
141,365,M,69,60,3,MONTHLY,1,1628.0,0,1,0,0,84173.7,68661.2,69,29651.681159420288,7263.473525299591,0,0,12,33,12,0,12,12,0,12,12,0,69,152834.9,0,Hl.m. Praha,Prague,1204953,0,0,0,1,1,100.0,12541,0.29,0.43,167,85677.0,99107,0,1,1.2259281806901132,15512.5,224.81884057971016,2.838749666416744,2.3155921457150312,0.0,0.6521739130434783,0.10578716255031358,0.08629148445772956,0.0,0.0,0.17391304347826086,0,1,0.0,0.24495992271898545
142,367,F,36,30,1,MONTHLY,1,1950.0,0,1,0,0,35820.3,25390.6,49,16636.336734693876,2811.221587280005,0,0,12,15,11,0,11,11,0,11,0,0,49,61210.9,0,Prostejov,south Moravia,110643,49,41,4,1,4,51.9,8441,3.45,4.48,115,1879.0,2252,0,0,1.4107701275275104,10429.700000000004,212.85102040816335,2.153136268593275,1.526213396910255,0.0,0.5510204081632653,0.1107189899915719,0.07848124072886059,0.0,0.0,0.22448979591836735,0,1,0.0,0.16898080581750946
143,373,M,63,60,3,MONTHLY,1,3657.0,0,1,0,0,78211.6,81979.2,66,15500.88484848485,2499.4188937087833,0,15,0,27,12,0,12,12,0,12,0,0,66,160190.8,0,Jindrichuv Hradec,south Bohemia,93931,74,21,10,1,8,56.9,8427,1.12,1.54,107,1874.0,1913,0,0,0.9540420008977888,-3767.5999999999913,-57.08484848484835,5.045621638021838,5.288678730363779,0.0,0.4090909090909091,0.03048845187204539,0.03195713799115199,0.0,0.0,0.18181818181818182,0,0,0.0,0.1612436269374062
144,375,F,30,30,1,MONTHLY,1,1284.0,0,0,1,0,15100.0,5500.0,12,26391.666666666668,3958.9847948761562,0,8,0,4,0,0,0,0,0,0,0,0,12,20600.0,22,Trebic,south Moravia,117897,139,28,5,1,6,53.8,8814,4.76,5.74,107,2112.0,2059,0,0,2.7454545454545456,9600.0,800.0,0.5721502999684244,0.20839911588253868,0.0,0.3333333333333333,0.7198154172502103,0.2621844235017322,0.0,0.0,0.0,0,1,0.0,0.15000889655356447
145,387,M,72,70,3,MONTHLY,1,3068.0,0,1,0,0,72533.5,62401.2,62,28339.233870967742,8043.130169769124,0,0,12,26,12,0,12,12,0,12,12,0,62,134934.7,0,Sumperk,north Moravia,127369,31,32,13,2,7,51.2,8369,4.73,5.88,107,3736.0,2807,0,0,1.1623734799971797,10132.300000000003,163.42419354838714,2.559472861202055,2.2019367313922764,0.0,0.6129032258064516,0.12889383809556745,0.11088848835047425,0.0,0.0,0.1935483870967742,0,1,0.0,0.2838160765527591
146,388,F,49,40,2,MONTHLY,1,2858.0,0,1,0,0,90545.2,73571.2,70,31758.15,7757.7848825915,0,21,0,25,12,0,12,12,0,12,0,0,70,164116.4,0,Liberec,north Bohemia,159617,29,19,8,1,9,85.2,9198,3.33,4.28,131,5796.0,6132,0,0,1.2307152798921317,16974.0,242.4857142857143,2.851085469399193,2.3166084926231534,0.0,0.35714285714285715,0.10544594736243938,0.08567858796039436,0.0,0.0,0.17142857142857143,0,1,0.0,0.24427697717252106
147,389,F,25,20,1,WEEKLY,4,9818.5,1,1,0,1,249352.7,300506.0,102,47159.02450980392,18700.447462266708,0,11,0,43,36,12,12,12,0,12,0,0,102,549858.7,0,Pardubice,east Bohemia,162580,83,26,5,1,6,72.8,9538,1.51,1.81,111,6079.0,5410,1,0,0.829776110959515,-51153.29999999999,-501.5029411764705,5.287486384459922,6.37218439362603,0.0,0.4215686274509804,0.06222986383721692,0.07499596941307116,0.11764705882352941,0.0,0.11764705882352941,1,0,0.0,0.3965401671609865
148,391,F,66,60,3,MONTHLY,1,1876.0,0,1,0,0,63395.9,59007.2,64,27846.671875,4159.458213707332,0,0,12,28,12,0,12,12,0,12,12,0,64,122403.1,0,Pardubice,east Bohemia,162580,83,26,5,1,6,72.8,9538,1.51,1.81,111,6079.0,5410,0,0,1.0743756694098348,4388.700000000004,68.57343750000007,2.276605990280481,2.1190036735763416,0.0,0.625,0.070490689504117,0.06561083940297925,0.0,0.0,0.1875,0,1,0.0,0.14937003001215318
149,392,F,49,40,3,MONTHLY,1,6550.0,0,1,0,0,218342.6,244895.2,75,35736.756,7979.773587542646,0,13,0,38,12,0,12,12,0,12,0,0,75,463237.8,0,Hl.m. Praha,Prague,1204953,0,0,0,1,1,100.0,12541,0.29,0.43,167,85677.0,99107,0,0,0.8915756617524557,-26552.600000000006,-354.03466666666674,6.109748741603743,6.852754066429533,0.0,0.5066666666666667,0.032584442600519105,0.036547030160594615,0.0,0.0,0.16,0,0,0.0,0.22329317153304698
150,399,M,47,40,3,MONTHLY,2,7057.0,0,1,0,0,214544.1,198459.2,86,49024.91279069767,10990.904810805498,0,14,0,36,24,0,12,12,0,12,0,0,86,413003.3,0,Brno - mesto,south Moravia,387570,0,0,0,1,1,100.0,9897,1.6,1.96,140,18721.0,18696,0,0,1.0810489007312334,16084.899999999994,187.03372093023248,4.376226040746963,4.048129587650323,0.0,0.4186046511627907,0.05538118066990846,0.05122911704775614,0.0,0.0,0.13953488372093023,0,1,0.0,0.22419019606886456
151,405,F,65,60,1,MONTHLY,1,3528.0,0,1,0,0,81504.8,81530.6,60,26722.883333333335,3155.106726292121,0,0,12,26,10,0,11,12,0,10,12,0,60,163035.4,0,Znojmo,south Moravia,114200,101,41,4,1,4,43.7,8403,5.74,5.72,105,2157.0,2718,0,0,0.9996835543955276,-25.80000000000291,-0.4300000000000485,3.0500002182898176,3.05096568296959,0.0,0.6333333333333333,0.038698436247152856,0.03871068607360696,0.0,0.0,0.16666666666666666,0,0,0.0,0.11806760097464984
152,408,F,21,20,3,MONTHLY,2,3542.0,0,1,0,0,249368.4,213419.2,85,65047.068235294115,14415.643195519458,0,13,0,36,24,0,12,12,0,12,0,0,85,462787.6,0,Hl.m. Praha,Prague,1204953,0,0,0,1,1,100.0,12541,0.29,0.43,167,85677.0,99107,0,0,1.1684440762593056,35949.19999999998,422.93176470588213,3.833660866896601,3.280996450570237,0.0,0.4235294117647059,0.06754614015758403,0.05780862048086068,0.0,0.0,0.1411764705882353,0,1,0.0,0.22161864610675297
153,410,M,37,30,1,MONTHLY,1,4067.0,0,1,0,0,241957.1,242516.0,63,39446.60476190476,9509.110136845316,0,12,0,29,10,0,10,12,0,10,0,0,63,484473.10000000003,0,Uherske Hradiste,south Moravia,145688,22,41,13,2,5,40.7,8544,1.29,1.86,109,2719.0,2906,0,0,0.9976954097873955,-558.8999999999942,-8.87142857142848,6.133787722933968,6.1479562427184575,0.0,0.4603174603174603,0.03921023823931335,0.03930081050254494,0.0,0.0,0.15873015873015872,0,0,0.0,0.24106282896186448
154,411,F,58,50,1,MONTHLY,0,0.0,0,0,0,0,237027.8,285946.2,56,38647.03035714286,18565.2547873212,0,11,0,33,0,0,12,12,0,0,0,0,56,522974.0,0,Pelhrimov,south Bohemia,74062,99,15,4,2,7,61.4,8114,2.38,2.62,119,1003.0,1181,0,0,0.828924462014183,-48918.40000000002,-873.5428571428575,6.133143939122655,7.398917778611431,0.0,0.5892857142857143,0.06492569157177538,0.07832522086996209,0.0,0.0,0.0,0,0,0.0,0.4803798536590513
155,413,F,27,20,1,MONTHLY,1,2252.0,0,1,0,0,50858.1,48307.4,55,18140.365454545456,3990.3690872741836,0,3,12,20,8,0,9,12,0,8,0,0,55,99165.5,0,Semily,east Bohemia,75685,31,28,5,1,9,60.8,8208,1.89,2.26,155,1660.0,2123,0,0,1.0528014341488052,2550.699999999997,46.376363636363585,2.8035873989107762,2.6629783242815295,0.0,0.5818181818181818,0.08260368157413116,0.07846083686323681,0.0,0.0,0.14545454545454545,0,1,0.0,0.21997181353776482
156,416,F,67,60,3,MONTHLY,2,1818.0,0,1,0,0,70400.5,68801.2,78,21809.12692307692,4852.018865357512,0,0,12,30,24,0,12,12,0,12,12,0,78,139201.7,0,Hl.m. Praha,Prague,1204953,0,0,0,1,1,100.0,12541,0.29,0.43,167,85677.0,99107,0,0,1.0232452340947542,1599.300000000003,20.50384615384619,3.2280292672104642,3.15469758338649,0.0,0.5384615384615384,0.07052229997961536,0.06892023302899145,0.0,0.0,0.15384615384615385,0,1,0.0,0.2224765293205497
157,420,M,21,20,2,MONTHLY,1,2505.0,0,1,0,0,49352.4,53445.2,71,14916.535211267606,2247.9339689144767,0,3,12,32,12,0,12,12,0,12,0,0,71,102797.6,0,Pisek,south Bohemia,70699,60,13,2,1,4,65.3,8968,2.83,3.35,131,1740.0,1910,0,0,0.9234206252385622,-4092.7999999999956,-57.64507042253515,3.3085699393998906,3.5829500110473864,0.0,0.6197183098591549,0.042060539934633545,0.04554862517151094,0.0,0.0,0.16901408450704225,0,0,0.0,0.1507008120234543
158,421,M,34,30,3,MONTHLY,2,6422.0,0,1,0,1,183550.2,182839.2,82,47816.18292682927,6482.556667538905,0,12,0,34,24,0,12,12,0,12,0,12,82,366389.4,0,Brno - mesto,south Moravia,387570,0,0,0,1,1,100.0,9897,1.6,1.96,140,18721.0,18696,0,0,1.0038886628250396,711.0,8.670731707317072,3.8386627448049913,3.8237933019410972,6.537721015831091e-05,0.4146341463414634,0.03545496079363126,0.03531762246807088,0.0,0.14634146341463414,0.14634146341463414,0,1,0.0,0.1355724416032714
159,422,M,53,50,3,MONTHLY,1,8819.0,0,1,0,0,215991.0,215003.2,76,45197.375,6441.887734179063,0,12,0,40,12,0,12,12,0,12,0,0,76,430994.2,0,Kolin,central Bohemia,95616,65,30,4,1,6,51.4,9307,3.85,4.43,118,2616.0,3040,0,0,1.0045943502236245,987.7999999999884,12.997368421052478,4.7788394790626665,4.756984227513213,0.0,0.5263157894736842,0.02996182258765945,0.029824797024779102,0.0,0.0,0.15789473684210525,0,1,0.0,0.14252791747704513
160,423,M,42,40,3,MONTHLY,1,7875.0,0,1,0,0,261663.80000000002,258595.2,76,53079.10394736842,9511.743944569307,0,12,0,40,12,0,12,12,0,12,0,0,76,520259.0,0,Litomerice,north Bohemia,114006,71,26,6,2,9,62.3,9065,4.46,5.39,123,4147.0,4166,0,0,1.0118664228879732,3068.600000000006,40.37631578947376,4.929695125589491,4.871883298113226,0.0,0.5263157894736842,0.036782368522576235,0.0363510120412885,0.0,0.0,0.15789473684210525,0,1,0.0,0.17919940687018482
161,424,M,52,50,3,MONTHLY,1,7801.2,0,0,0,1,300424.0,249187.6,74,31125.300000000003,23489.33868262045,0,17,0,34,11,0,12,12,4,0,0,11,74,549611.6,0,Znojmo,south Moravia,114200,101,41,4,1,4,43.7,8403,5.74,5.72,105,2157.0,2718,0,0,1.2056137624825634,51236.399999999994,692.3837837837837,9.652083674695504,8.005950143452432,3.661491758314915e-05,0.4594594594594595,0.09426367396539977,0.07818729090425683,0.0,0.14864864864864866,0.0,0,1,0.05405405405405406,0.7546702741056456
162,425,M,51,50,1,MONTHLY,0,0.0,0,0,0,0,239773.1,227231.4,48,45281.24583333333,9480.202134324029,0,12,0,24,0,0,9,12,0,0,0,0,48,467004.5,0,Klatovy,west Bohemia,88757,60,33,3,2,10,61.7,8554,2.47,2.68,113,1822.0,2218,0,0,1.0551935163890203,12541.700000000012,261.2854166666669,5.295196622516368,5.018223236091396,0.0,0.5,0.0417204758423529,0.03953822232070248,0.0,0.0,0.0,0,1,0.0,0.20936266129288505
163,430,M,79,70,2,MONTHLY,1,1992.0,0,1,0,0,53337.4,46579.2,62,21967.525806451613,4991.355805394407,0,0,12,26,12,0,12,12,0,12,12,0,62,99916.6,0,Most,north Bohemia,119895,17,4,3,2,4,89.9,10446,7.34,9.4,90,4947.0,4743,0,0,1.1450905125034352,6758.200000000004,109.00322580645168,2.4280112594352983,2.1203662356149464,0.0,0.6129032258064516,0.10715846999077716,0.09358078581622664,0.0,0.0,0.1935483870967742,0,1,0.0,0.22721520162860137
164,431,F,72,70,1,MONTHLY,2,3566.0,0,1,0,0,81792.7,70947.2,75,35485.688,3502.7343589228103,0,0,12,27,24,0,12,12,0,12,12,0,75,152739.9,0,Karlovy Vary,west Bohemia,122603,25,21,6,2,8,80.0,8991,1.39,2.01,128,5198.0,5273,0,0,1.1528672026521132,10845.5,144.60666666666665,2.304948969849478,1.999318711250575,0.0,0.52,0.04937100208215138,0.04282453518373657,0.0,0.0,0.16,0,1,0.0,0.09870836825603635
165,432,F,47,40,3,MONTHLY,1,4771.0,0,1,0,0,153876.2,153427.2,74,35423.133783783785,7036.690530263932,0,14,0,36,12,0,12,12,0,12,0,0,74,307303.4,0,Kromeriz,south Moravia,108871,41,29,7,2,6,62.1,8444,3.24,3.47,106,2595.0,2305,0,0,1.0029264693613649,449.0,6.0675675675675675,4.343946555921102,4.33127122339009,0.0,0.4864864864864865,0.04586338361297039,0.045729557464142805,0.0,0.0,0.16216216216216217,0,1,0.0,0.19864675365015927
166,436,M,44,40,3,MONTHLY,4,2066.0,1,1,0,0,37883.7,31187.2,92,13792.378260869566,2364.130610215854,0,0,12,20,48,12,12,12,0,12,0,0,92,69070.9,0,Pribram,central Bohemia,107870,84,29,6,1,6,58.0,8754,3.83,4.31,137,3804.0,3868,0,0,1.2147195003078184,6696.499999999996,72.78804347826083,2.74671266140373,2.261190884568572,0.0,0.34782608695652173,0.0758045162828293,0.062404955435077736,0.13043478260869565,0.0,0.13043478260869565,0,1,0.0,0.17140848122786354
167,437,F,79,70,2,MONTHLY,1,3544.0,0,1,0,0,64627.4,59053.2,56,17583.626785714285,3749.344630949937,0,0,12,20,12,0,12,12,0,12,12,0,56,123680.6,0,Praha - zapad,central Bohemia,75637,35,36,9,0,7,36.5,9622,0.45,0.59,154,3475.0,3529,0,0,1.0943928525465174,5574.200000000004,99.5392857142858,3.675430603003139,3.3584197799271664,0.0,0.5714285714285714,0.06349096460394926,0.05801478368230714,0.0,0.0,0.21428571428571427,0,1,0.0,0.21322931137255882
168,439,F,31,30,3,MONTHLY,2,3329.0,0,1,0,0,309860.0,312023.2,87,57468.52988505747,11620.180376588194,13,12,0,26,24,0,12,12,0,12,0,0,87,621883.2,0,Trutnov,east Bohemia,121947,37,28,7,3,11,70.5,8541,2.51,2.97,131,3496.0,3839,0,0,0.9930671821838889,-2163.2000000000116,-24.864367816092088,5.391820542821428,5.429462013802617,0.0,0.2988505747126437,0.03724139864147343,0.03750138893883752,0.0,0.0,0.13793103448275862,0,0,0.0,0.20220075926476042
169,440,F,29,20,3,MONTHLY,3,6361.0,1,1,0,0,131799.1,129587.2,97,29384.13711340206,6048.345525350291,0,18,0,31,36,12,12,12,0,12,0,0,97,261386.3,0,Cesky Krumlov,south Bohemia,58796,22,16,7,1,5,51.9,9045,3.13,3.6,124,1845.0,1879,0,0,1.0170688154385619,2211.9000000000087,22.803092783505246,4.4853826910536245,4.4101073820845835,0.0,0.31958762886597936,0.046673942529434166,0.045890643603410726,0.12371134020618557,0.0,0.12371134020618557,0,1,0.0,0.2058370985000492
170,441,M,40,40,2,MONTHLY,0,0.0,0,0,0,0,436310.5,445567.2,73,59282.64794520548,25895.171459077657,0,16,0,45,0,0,12,12,0,0,0,0,73,881877.7,0,Hl.m. Praha,Prague,1204953,0,0,0,1,1,100.0,12541,0.29,0.43,167,85677.0,99107,0,0,0.9792249070398359,-9256.700000000012,-126.80410958904126,7.359834877876552,7.515980062358796,0.0,0.6164383561643836,0.05811731980962166,0.059350328399334094,0.0,0.0,0.0,0,0,0.0,0.4368086169668463
171,444,F,39,30,3,MONTHLY,5,15090.0,1,1,1,0,233713.4,245867.2,100,22294.39,9219.470976589808,0,2,12,26,48,12,12,12,0,12,0,0,100,479580.6,0,Ostrava - mesto,north Moravia,323870,0,0,0,1,1,100.0,10673,4.75,5.44,100,18782.0,18347,0,0,0.9505676234975629,-12153.800000000017,-121.53800000000018,10.483058742580532,11.028209338761904,0.0,0.38,0.03749776699205835,0.039447763699427624,0.12,0.0,0.12,0,0,0.0,0.41353322412453575
172,448,F,29,20,3,MONTHLY,5,6680.0,1,1,1,0,113446.2,119183.2,102,13872.989215686273,3748.166942109456,0,15,0,27,48,12,12,12,0,12,0,0,102,232629.4,0,Vsetin,north Moravia,148545,8,35,12,3,4,53.5,8909,4.01,5.56,113,3460.0,3590,0,0,0.9518640211036454,-5737.0,-56.245098039215684,8.177487795616946,8.59102520351121,0.0,0.2647058823529412,0.031448785920410394,0.033039158139359946,0.11764705882352941,0.0,0.11764705882352941,1,0,0.0,0.2701773124620742
173,450,M,46,40,2,MONTHLY,3,2075.0,1,1,0,0,38484.5,41755.2,84,22332.932142857142,2499.750636053199,0,0,12,24,36,0,12,12,0,0,0,0,84,80239.7,0,Klatovy,west Bohemia,88757,60,33,3,2,10,61.7,8554,2.47,2.68,113,1822.0,2218,0,0,0.9216696363566694,-3270.699999999997,-38.93690476190473,1.723217522617544,1.8696694071743185,0.0,0.42857142857142855,0.059866810266821835,0.06495473855846377,0.0,0.0,0.0,0,0,0.0,0.11193114366098618
174,452,F,46,40,1,MONTHLY,2,9933.0,0,1,0,0,297784.2,319646.2,80,38681.42875,12994.384870876118,0,13,0,32,23,0,12,12,0,11,0,0,80,617430.4,0,Brno - venkov,south Moravia,157042,49,70,18,0,9,33.9,8743,1.88,2.43,111,3659.0,3894,0,0,0.9316056314763009,-21862.0,-273.275,7.6983764463457165,8.263557224472997,0.0,0.4,0.04065239903016559,0.043636918516415976,0.0,0.0,0.1375,0,0,0.0,0.335933425697884
175,454,F,50,50,3,MONTHLY,0,0.0,0,0,0,0,301962.0,288631.2,58,53964.799999999996,11772.287623206834,0,0,12,34,0,0,12,12,0,0,0,0,58,590593.2,0,Louny,north Bohemia,85852,41,23,4,2,4,59.8,8965,7.08,8.23,104,2653.0,2822,0,0,1.0461862750804487,13330.799999999988,229.84137931034462,5.5955363496204935,5.348508657495257,0.0,0.7931034482758621,0.04078660804239747,0.03898599036702245,0.0,0.0,0.0,0,1,0.0,0.21814752622462855
176,456,M,59,50,1,MONTHLY,1,7097.0,0,1,0,0,320905.8,314879.2,74,38600.15135135136,10760.238563292669,0,12,0,38,12,0,12,12,0,12,0,0,74,635785.0,0,Klatovy,west Bohemia,88757,60,33,3,2,10,61.7,8554,2.47,2.68,113,1822.0,2218,0,0,1.0191394033013295,6026.599999999977,81.44054054054023,8.313589163913093,8.157460242418878,0.0,0.5135135135135135,0.03417259242049862,0.03353083229811574,0.0,0.0,0.16216216216216217,0,1,0.0,0.27876156405060215
177,457,M,49,40,2,MONTHLY,0,0.0,0,0,0,0,327173.6,299996.2,67,41246.78805970149,23979.212699863798,0,18,0,37,0,0,12,12,2,0,0,0,67,627169.8,0,Karvina,north Moravia,285387,0,2,8,5,7,89.9,10177,6.63,7.75,81,9878.0,10108,0,1,1.0905924808380905,27177.399999999965,405.632835820895,7.9320988467378815,7.273201480943899,0.0,0.5522388059701493,0.07993172146801791,0.07329201592018365,0.0,0.0,0.0,0,1,0.029850746268656716,0.5813595149555832
178,461,F,29,20,3,MONTHLY,0,0.0,0,0,0,0,108093.09999999999,110355.2,59,29174.033898305086,5444.516994175479,0,12,0,35,0,0,12,12,0,0,0,0,59,218448.3,0,Frydek - Mistek,north Moravia,228848,15,40,18,2,6,57.2,9893,4.09,4.72,96,5623.0,5887,0,0,0.9795016455953139,-2262.100000000006,-38.340677966101794,3.7051132653369487,3.7826513942047373,0.0,0.5932203389830508,0.049336297647736393,0.05036877464126276,0.0,0.0,0.0,0,0,0.0,0.18662201508210996
179,465,M,47,40,3,MONTHLY,3,2312.0,1,1,0,0,42769.4,43429.2,87,23685.342528735633,2480.275450880416,0,0,12,27,36,12,12,12,0,12,0,0,87,86198.6,0,Kolin,central Bohemia,95616,65,30,4,1,6,51.4,9307,3.85,4.43,118,2616.0,3040,0,0,0.9848074567341789,-659.7999999999956,-7.583908045976961,1.805732804924021,1.833589695707826,0.0,0.4482758620689655,0.05711077917346891,0.057991822445028825,0.13793103448275862,0.0,0.13793103448275862,0,0,0.0,0.1047177362063177
180,469,F,29,20,1,MONTHLY,1,6524.0,0,1,0,0,157494.4,142763.2,74,24523.933783783785,6903.8528216958375,0,18,0,32,12,0,12,12,0,12,0,0,74,300257.6,0,Kromeriz,south Moravia,108871,41,29,7,2,6,62.1,8444,3.24,3.47,106,2595.0,2305,0,0,1.103186255281473,14731.199999999983,199.07027027027004,6.422069207516032,5.821382542404384,0.0,0.43243243243243246,0.04835877047933807,0.04383554476664464,0.0,0.0,0.16216216216216217,0,1,0.0,0.28151490224055914
181,470,F,45,40,3,MONTHLY,2,4164.0,0,1,0,0,92569.0,92143.2,79,18781.159493670886,4312.897710877462,0,17,0,26,24,0,12,12,0,12,0,0,79,184712.2,0,Sokolov,west Bohemia,94812,15,13,8,2,10,81.8,9650,3.38,3.67,100,2985.0,2804,0,0,1.0046210680766459,425.8000000000029,5.389873417721556,4.928822420745379,4.906150764070322,0.0,0.3291139240506329,0.046806467659875735,0.046591166706753465,0.0,0.0,0.1518987341772152,0,1,0.0,0.22963958707293214
182,472,M,18,10,3,MONTHLY,0,0.0,0,0,0,0,81025.7,86925.2,77,37821.53246753247,9488.189482629128,0,31,0,34,0,0,12,12,0,0,0,0,77,167950.9,0,Liberec,north Bohemia,159617,29,19,8,1,9,85.2,9198,3.33,4.28,131,5796.0,6132,0,0,0.9321313036955912,-5899.5,-76.61688311688312,2.142316683480653,2.298299257826745,0.0,0.44155844155844154,0.10915349613954445,0.11710098749691923,0.0,0.0,0.0,0,0,0.0,0.2508673991667094
183,474,M,50,50,1,MONTHLY,2,6222.0,0,1,0,0,324449.8,325539.2,78,42651.22051282052,9903.70619091345,0,12,0,30,24,0,12,12,0,12,0,0,78,649989.0,0,Nachod,east Bohemia,112709,48,20,7,3,10,73.5,8369,1.79,2.31,117,2854.0,2618,0,1,0.9966535520146267,-1089.4000000000233,-13.966666666666965,7.607046084471926,7.632588143688556,0.0,0.38461538461538464,0.0304224689097763,0.030524617956039578,0.0,0.0,0.15384615384615385,0,0,0.0,0.2322021755024923
184,476,F,52,50,3,MONTHLY,3,8735.0,0,1,1,0,288908.8,296919.2,82,44577.67317073171,10201.204747431764,0,12,0,34,24,0,12,12,0,12,0,0,82,585828.0,0,Hl.m. Praha,Prague,1204953,0,0,0,1,1,100.0,12541,0.29,0.43,167,85677.0,99107,0,0,0.9730216166553055,-8010.400000000023,-97.68780487804906,6.48102019352792,6.660715530458592,0.0,0.4146341463414634,0.03435683764280573,0.03530942895277598,0.0,0.0,0.14634146341463414,0,0,0.0,0.22884112206488053
185,478,M,21,20,3,MONTHLY,4,5882.0,1,1,0,0,304948.4,304239.2,109,52343.453211009175,11097.311368029383,0,12,0,37,48,12,12,12,0,12,0,0,109,609187.6,0,Tabor,south Bohemia,103347,87,16,7,1,7,67.0,9104,1.51,2.07,123,2299.0,2354,0,0,1.0023310605602433,709.2000000000116,6.50642201834873,5.825912913515258,5.812363941170214,0.0,0.3394495412844037,0.03647561316237152,0.03639078404093736,0.11009174311926606,0.0,0.11009174311926606,1,1,0.0,0.2120095386770419
186,479,M,52,50,3,MONTHLY,0,0.0,0,0,0,0,408112.6,401381.2,67,58162.46865671642,17539.47363096383,0,1,12,42,0,0,12,12,0,0,0,0,67,809493.8,0,Praha - zapad,central Bohemia,75637,35,36,9,0,7,36.5,9622,0.45,0.59,154,3475.0,3529,0,0,1.0167705911487632,6731.399999999965,100.46865671641739,7.016768879064291,6.9010344517701245,0.0,0.8059701492537313,0.043697795589239925,0.04297704513647417,0.0,0.0,0.0,0,1,0.0,0.3015599928277533
187,484,F,40,40,3,MONTHLY,1,6948.0,0,1,0,0,186780.5,182651.2,71,39537.7661971831,6420.1837283444,0,13,0,34,12,0,12,12,0,12,0,0,71,369431.7,0,Plzen - sever,west Bohemia,72541,66,26,10,0,8,36.9,8594,1.62,2.01,112,1580.0,1525,0,0,1.02260757115201,4129.299999999988,58.1591549295773,4.724103508237836,4.6196641228814075,0.0,0.4788732394366197,0.03514996741518479,0.034372880083008664,0.0,0.0,0.16901408450704225,0,1,0.0,0.1623810433883797
188,485,M,21,20,3,MONTHLY,2,5369.0,0,1,0,0,167717.4,179483.2,79,22074.88101265823,6549.9641216295895,0,12,0,31,24,0,12,12,0,12,0,0,79,347200.6,0,Ceska Lipa,north Bohemia,105058,32,19,7,2,10,81.0,9272,2.8,3.22,118,4340.0,4505,0,0,0.9344462322936073,-11765.800000000017,-148.9341772151901,7.597658166484662,8.13065311188225,0.0,0.3924050632911392,0.036493466361361894,0.03905357536921983,0.0,0.0,0.1518987341772152,0,0,0.0,0.2967157158343773
189,487,F,77,70,3,MONTHLY,1,2401.0,0,1,0,0,69138.3,48797.2,59,47260.2813559322,7445.291938452403,4,0,12,19,12,0,12,12,0,12,12,0,59,117935.5,0,Hl.m. Praha,Prague,1204953,0,0,0,1,1,100.0,12541,0.29,0.43,167,85677.0,99107,0,0,1.416849737280008,20341.100000000006,344.7644067796611,1.4629261192775702,1.0325203024605962,0.0,0.5254237288135594,0.1525762121279992,0.10768693963334942,0.0,0.0,0.2033898305084746,0,1,0.0,0.15753803669469385
190,489,M,59,50,1,MONTHLY,2,5013.0,0,1,0,0,434270.39999999997,404774.2,91,48292.46703296703,16933.536135695373,3,2,12,38,24,0,12,12,0,12,0,0,91,839044.6,0,Usti nad Labem,north Bohemia,118650,8,8,5,1,3,85.6,9832,3.32,4.48,114,6445.0,5471,0,0,1.0728707511496531,29496.199999999953,324.1340659340654,8.992508080060263,8.38172545054862,0.0,0.5494505494505495,0.0418345243735776,0.03899307006808517,0.0,0.0,0.13186813186813187,0,1,0.0,0.3506454976536119
191,493,F,57,50,3,MONTHLY,1,5042.0,0,1,0,0,175994.2,171739.2,74,43316.24189189189,8429.317072404212,2,13,0,35,12,0,12,12,0,12,0,0,74,347733.4,0,Usti nad Labem,north Bohemia,118650,8,8,5,1,3,85.6,9832,3.32,4.48,114,6445.0,5471,0,0,1.024775939331265,4255.0,57.5,4.063007138044063,3.9647760862686208,0.0,0.47297297297297297,0.049082079527587245,0.04789542537426922,0.0,0.0,0.16216216216216217,0,1,0.0,0.19459945517531255
192,496,F,48,40,3,MONTHLY,1,8499.0,0,1,0,0,242838.6,252623.2,74,46969.35945945946,7064.334735799956,1,12,0,37,12,0,12,12,0,12,0,0,74,495461.8,0,Karvina,north Moravia,285387,0,2,8,5,7,89.9,10177,6.63,7.75,81,9878.0,10108,0,0,0.9612680070555674,-9784.600000000006,-132.2243243243244,5.170149280183407,5.378468067422678,0.0,0.5,0.027963919132526056,0.02909065830473391,0.0,0.0,0.16216216216216217,0,0,0.0,0.15040304609428146
193,501,M,62,60,3,MONTHLY,1,8740.0,0,1,0,0,176332.8,179375.2,73,31749.730136986298,8295.254075267727,0,14,0,35,12,0,12,12,0,12,0,0,73,355708.0,0,Klatovy,west Bohemia,88757,60,33,3,2,10,61.7,8554,2.47,2.68,113,1822.0,2218,0,0,0.9830389039287482,-3042.4000000000233,-41.676712328767444,5.553836181888808,5.649660618407587,0.0,0.4794520547945205,0.04624526732384257,0.04704317106782021,0.0,0.0,0.1643835616438356,0,0,0.0,0.26127006558724464
194,504,M,20,20,1,MONTHLY,1,9316.0,0,1,0,0,273657.10000000003,272187.2,69,47346.484057971014,10571.52769441166,0,12,0,33,12,0,12,12,0,12,0,0,69,545844.3,0,Liberec,north Bohemia,159617,29,19,8,1,9,85.2,9198,3.33,4.28,131,5796.0,6132,0,1,1.0054003274217158,1469.9000000000233,21.302898550724976,5.779882190722639,5.748836590838174,0.0,0.4782608695652174,0.03883918014664782,0.038630562460874054,0.0,0.0,0.17391304347826086,0,1,0.0,0.2232800999852045
195,505,M,22,20,3,MONTHLY,0,0.0,0,0,0,0,70999.7,69475.2,65,29139.713846153845,4676.419577414333,0,17,0,36,0,0,12,12,0,0,0,0,65,140474.9,0,Rakovnik,central Bohemia,53921,61,22,1,1,2,41.3,8598,2.77,3.26,123,1597.0,1875,0,0,1.0219430818479112,1524.5,23.453846153846154,2.4365270151536254,2.3842100978342327,0.0,0.5538461538461539,0.06731063138233978,0.06586534277488966,0.0,0.0,0.0,0,1,0.0,0.1604826870333723
196,506,M,53,50,1,MONTHLY,1,7192.0,0,1,0,0,152871.8,152887.2,68,30123.692647058826,6891.731840451381,0,13,0,32,11,0,12,12,0,11,0,0,68,305759.0,0,Prerov,north Moravia,138032,67,30,4,2,5,64.6,8819,5.38,5.66,99,4063.0,4505,0,0,0.9998992721431224,-15.400000000023283,-0.2264705882356365,5.074802806917028,5.0753140324224955,0.0,0.47058823529411764,0.045077232367728495,0.045081773358143104,0.0,0.0,0.16176470588235295,0,0,0.0,0.22878110997870196
197,508,M,28,20,2,WEEKLY,0,0.0,0,0,0,0,329681.3,340320.0,60,43598.21,12904.79573048954,5,0,12,31,0,0,12,12,0,0,0,0,60,670001.3,0,Blansko,south Moravia,107911,88,33,6,2,7,50.9,8240,2.53,3.56,99,1850.0,1903,0,0,0.9687391278796427,-10638.700000000012,-177.31166666666687,7.561808156802767,7.805825055661689,0.0,0.7166666666666667,0.03791959253199795,0.03914324449245238,0.0,0.0,0.0,0,0,0.0,0.2959937054867514
198,509,M,19,10,3,MONTHLY,1,1942.0,0,1,0,0,35880.1,33999.2,61,19185.624590163938,1971.5622826120853,0,0,12,25,12,0,12,12,0,12,0,0,61,69879.3,0,Pribram,central Bohemia,107870,84,29,6,1,6,58.0,8754,3.83,4.31,137,3804.0,3868,0,0,1.055321889926822,1880.9000000000015,30.83442622950822,1.8701554297270553,1.7721184859121377,0.0,0.6065573770491803,0.05798849039424708,0.054948628421104886,0.0,0.0,0.19672131147540983,0,1,0.0,0.10276247579778369
199,511,M,40,40,3,MONTHLY,3,3260.0,1,1,0,0,90911.1,89515.2,94,25818.9,5213.318173698496,0,19,0,27,36,12,12,12,0,12,0,0,94,180426.3,0,Nymburk,central Bohemia,81344,61,23,4,2,6,55.3,8899,3.39,3.97,149,2987.0,2487,0,0,1.015593999678267,1395.9000000000087,14.850000000000092,3.5211066311887804,3.4670415858150423,0.0,0.2872340425531915,0.05823947411946235,0.05734523258104341,0.1276595744680851,0.0,0.1276595744680851,0,1,0.0,0.20191867870817487
200,512,F,34,30,3,MONTHLY,3,12584.2,0,1,0,1,208534.8,198871.6,82,26674.881707317072,11761.116370881393,0,15,0,19,36,0,12,12,0,12,0,12,82,407406.4,0,Hl.m. Praha,Prague,1204953,0,0,0,1,1,100.0,12541,0.29,0.43,167,85677.0,99107,0,0,1.0485901456014834,9663.199999999983,117.84390243902418,7.817646664307333,7.455388263088282,5.7544352309542586e-05,0.23170731707317074,0.0591392454773904,0.05639881866662731,0.0,0.14634146341463414,0.14634146341463414,0,1,0.0,0.44090603662003314
201,513,F,25,20,2,MONTHLY,1,8166.0,0,1,0,0,302509.3,292447.2,72,52943.00277777778,12681.765520931209,0,12,0,36,12,0,12,12,0,12,0,0,72,594956.5,0,Mlada Boleslav,central Bohemia,112065,95,19,7,1,8,69.4,11277,1.25,1.44,127,5179.0,4987,0,1,1.0344065527042146,10062.099999999977,139.75138888888856,5.713867444764104,5.523812112197598,0.0,0.5,0.043364291129924334,0.04192190296606157,0.0,0.0,0.16666666666666666,0,1,0.0,0.23953619658033895
202,515,M,67,60,3,MONTHLY,1,3987.0,0,1,0,0,80982.3,63229.2,60,31382.395,8340.564613441442,0,0,12,24,12,0,12,12,0,12,12,0,60,144211.5,0,Hl.m. Praha,Prague,1204953,0,0,0,1,1,100.0,12541,0.29,0.43,167,85677.0,99107,0,0,1.2807737564289918,17753.100000000006,295.8850000000001,2.580500946470147,2.014798424403236,0.0,0.6,0.13191001330779834,0.10299243925452156,0.0,0.0,0.2,0,1,0.0,0.265772086975562
203,517,M,34,30,1,MONTHLY,1,5286.0,0,1,0,0,241342.80000000002,263721.2,74,39418.627027027025,7873.6305439278285,0,12,0,39,11,0,12,12,0,11,0,0,74,505064.0,0,Vyskov,south Moravia,86513,38,36,5,1,5,50.5,8288,3.79,4.52,110,1562.0,1460,0,0,0.9151437199588051,-22378.399999999994,-302.41081081081074,6.122557232511562,6.6902685326706575,0.0,0.527027027027027,0.02985588774784821,0.03262426119166525,0.0,0.0,0.14864864864864866,0,0,0.0,0.19974390631437633
204,518,F,20,20,1,MONTHLY,0,0.0,0,0,0,0,16013.1,3600.0,22,32530.845454545455,4285.278650019352,0,7,0,4,0,0,0,11,0,0,0,0,22,19613.1,0,Brno - mesto,south Moravia,387570,0,0,0,1,1,100.0,9897,1.6,1.96,140,18721.0,18696,0,0,4.448083333333334,12413.1,564.2318181818182,0.4922435853188848,0.11066420038268575,0.0,0.18181818181818182,1.1903551805609311,0.2676108092761147,0.0,0.0,0.0,0,1,0.0,0.13172970422816296
205,520,F,52,50,3,MONTHLY,0,0.0,0,0,0,0,92004.7,103375.2,64,22481.4609375,3731.882601022569,0,12,0,40,0,0,12,12,0,0,0,0,64,195379.9,0,Nachod,east Bohemia,112709,48,20,7,3,10,73.5,8369,1.79,2.31,117,2854.0,2618,0,0,0.8900074679420209,-11370.5,-177.6640625,4.09246980237536,4.59824209322473,0.0,0.625,0.036100366442072845,0.04056186913301787,0.0,0.0,0.0,0,0,0.0,0.16599822455477684
206,521,M,24,20,3,MONTHLY,0,0.0,0,0,0,0,70456.6,62325.2,47,27154.268085106385,7651.447650384078,0,7,0,28,0,0,12,12,0,0,0,0,47,132781.8,0,Strakonice,south Bohemia,70646,94,14,3,1,4,58.4,8547,2.65,3.64,120,1563.0,1542,0,0,1.130467290919243,8131.400000000009,173.00851063829805,2.5946786626388265,2.295226658463471,0.0,0.5957446808510638,0.12276651579752777,0.10859802559851138,0.0,0.0,0.0,0,1,0.0,0.2817769798251626
207,523,M,77,70,3,MONTHLY,1,3189.0,0,1,0,0,61814.1,61573.2,59,26148.881355932204,3996.4880175782387,0,0,12,23,12,0,12,12,0,12,12,0,59,123387.3,0,Louny,north Bohemia,85852,41,23,4,2,4,59.8,8965,7.08,8.23,104,2653.0,2822,0,0,1.0039124164409192,240.90000000000146,4.083050847457652,2.3639290399693023,2.3547164087778976,0.0,0.5932203389830508,0.06490629068455495,0.06465333989459102,0.0,0.0,0.2033898305084746,0,1,0.0,0.15283590770782954
208,526,M,35,30,3,MONTHLY,2,5354.0,0,1,0,0,285333.2,265903.2,88,78789.1284090909,12243.597019957595,0,12,0,40,24,0,12,12,0,12,0,0,88,551236.4,0,Hradec Kralove,east Bohemia,161854,73,21,6,1,6,76.3,9425,1.72,2.5,125,4085.0,3891,0,0,1.0730717042893805,19430.0,220.79545454545453,3.621479330479273,3.3748717033569746,0.0,0.45454545454545453,0.046045316566169926,0.04290982269135731,0.0,0.0,0.13636363636363635,0,1,0.0,0.15539703595128102
209,531,M,23,20,3,WEEKLY,3,8279.0,0,1,1,0,597401.6,599468.0,97,74164.66082474227,21315.713891900636,7,2,12,40,24,0,12,12,0,12,0,0,97,1196869.6,0,Plzen - jih,west Bohemia,67298,71,19,10,0,7,43.8,8561,0.65,1.29,110,1029.0,1127,0,0,0.9965529436100008,-2066.4000000000233,-21.303092783505395,8.055070883580434,8.082933210152428,0.0,0.5360824742268041,0.03555771766282877,0.0356807110859774,0.0,0.0,0.12371134020618557,0,0,0.0,0.2874106569741022
210,534,M,42,40,3,MONTHLY,3,2038.0,1,1,0,0,37841.7,36031.2,82,22827.73780487805,1729.542022706078,0,0,12,22,36,0,12,12,0,0,0,0,82,73872.9,0,Zlin,south Moravia,197099,29,41,10,2,10,74.7,9624,1.6,2.31,145,4484.0,4265,0,0,1.0502481182974754,1810.5,22.079268292682926,1.6577069670001914,1.5783955601724367,0.0,0.4146341463414634,0.048001232895548245,0.04570465974589086,0.0,0.0,0.0,0,1,0.0,0.07576493288513647
211,536,M,60,60,3,WEEKLY,2,11565.0,0,1,0,0,255885.80000000002,231040.0,77,35040.09220779221,8916.126347180476,0,2,12,27,24,0,12,12,0,12,0,0,77,486925.8,0,Vyskov,south Moravia,86513,38,36,5,1,5,50.5,8288,3.79,4.52,110,1562.0,1460,0,0,1.107538954293629,24845.800000000017,322.6727272727275,7.302657723688758,6.593589954898046,0.0,0.5064935064935064,0.03859126708440303,0.03484416230670274,0.0,0.0,0.15584415584415584,0,1,0.0,0.2544549909945074
212,537,M,64,60,3,MONTHLY,1,6941.0,0,1,0,0,317022.8,331727.2,78,57216.90128205128,11559.264638122717,14,12,0,28,12,0,12,12,0,12,0,0,78,648750.0,0,Svitavy,east Bohemia,102609,75,33,2,3,6,52.0,8187,4.83,5.45,94,2123.0,2134,0,0,0.955673215823122,-14704.400000000023,-188.51794871794903,5.5407194884118764,5.797713482677915,0.0,0.358974358974359,0.03484569440830513,0.03646193471927797,0.0,0.0,0.15384615384615385,0,0,0.0,0.20202535228430507
213,540,M,78,70,2,MONTHLY,2,1953.0,0,1,0,0,54524.9,56911.2,76,20845.319736842106,4257.709435553965,0,0,12,28,24,0,12,12,0,12,12,0,76,111436.1,0,Prachatice,south Bohemia,51428,50,11,3,1,4,52.7,8402,3.13,3.98,120,999.0,1099,0,0,0.9580697648266071,-2386.2999999999956,-31.39868421052626,2.615690269486846,2.730166805712982,0.0,0.5263157894736842,0.07481320786688675,0.07808743226588155,0.0,0.0,0.15789473684210525,0,0,0.0,0.20425253674707955
214,543,F,41,40,2,MONTHLY,1,7208.0,0,0,0,1,5246.8,14200.0,24,22673.962499999998,3291.211868097605,0,5,0,7,0,0,0,12,0,0,0,0,24,19446.8,0,Praha - zapad,central Bohemia,75637,35,36,9,0,7,36.5,9622,0.45,0.59,154,3475.0,3529,0,0,0.3694929577464789,-8953.2,-373.05,0.2314019880733242,0.6262690078983769,0.0,0.2916666666666667,0.23177548366884543,0.6272798406833889,0.0,0.0,0.0,0,0,0.0,0.14515380221245427
215,544,M,51,50,1,MONTHLY,2,5433.0,0,1,0,0,296007.4,297447.8,62,53836.53709677419,21721.877036691047,0,13,0,23,14,0,8,12,0,7,0,0,62,593455.2,0,Vyskov,south Moravia,86513,38,36,5,1,5,50.5,8288,3.79,4.52,110,1562.0,1460,0,0,0.9951574696467751,-1440.399999999965,-23.232258064515566,5.498262257617167,5.525017321699591,0.0,0.3709677419354839,0.07302752629769341,0.07338288514642216,0.0,0.0,0.11290322580645161,0,0,0.0,0.4034783477556284
216,546,M,46,40,1,MONTHLY,1,5687.0,0,1,0,0,136473.4,129019.2,74,27951.406756756758,7089.770276942458,0,20,0,30,12,0,12,12,0,12,0,0,74,265492.6,0,Melnik,central Bohemia,94725,38,28,1,3,6,63.4,9920,2.26,2.87,130,4289.0,4846,0,0,1.0577758969207685,7454.199999999997,100.73243243243239,4.882523487552553,4.615839235669664,0.0,0.40540540540540543,0.0549512807159125,0.0519498325457009,0.0,0.0,0.16216216216216217,0,1,0.0,0.2536462775788067
217,547,M,50,50,1,MONTHLY,1,8339.0,0,1,0,0,170553.7,157863.2,66,24646.851515151513,6650.947735779811,0,14,0,28,12,0,12,12,0,12,0,0,66,328416.9,0,Brno - mesto,south Moravia,387570,0,0,0,1,1,100.0,9897,1.6,1.96,140,18721.0,18696,0,0,1.0803892230741554,12690.5,192.28030303030303,6.919898060616509,6.405004708327735,0.0,0.42424242424242425,0.04213108397511143,0.03899620902847497,0.0,0.0,0.18181818181818182,0,1,0.0,0.2698497912275399
218,548,M,62,60,3,MONTHLY,1,4783.1,0,0,1,0,626335.5,643039.2,68,80704.21176470589,26249.50789896962,1,0,12,43,0,0,12,12,0,0,0,0,68,1269374.7,0,Semily,east Bohemia,75685,31,28,5,1,9,60.8,8208,1.89,2.26,155,1660.0,2123,0,0,0.9740238231199592,-16703.699999999953,-245.64264705882283,7.760877484635978,7.967851812676004,0.0,0.8088235294117647,0.040821007333564766,0.0419096600766995,0.0,0.0,0.0,0,0,0.0,0.3252557372780045
219,550,M,38,30,1,MONTHLY,2,10617.0,0,1,1,0,223150.6,219407.2,72,41701.51527777778,7847.933025059508,0,13,0,35,12,0,12,12,0,12,0,0,72,442557.8,0,Melnik,central Bohemia,94725,38,28,1,3,6,63.4,9920,2.26,2.87,130,4289.0,4846,0,0,1.0170614273369334,3743.399999999994,51.99166666666659,5.351138885807208,5.261372363534219,0.0,0.4861111111111111,0.035768803508086824,0.03516877402552136,0.0,0.0,0.16666666666666666,0,1,0.0,0.18819299425413383
220,551,F,23,20,3,MONTHLY,0,0.0,0,0,0,0,8100.0,9200.0,11,12618.181818181818,2239.5616454200053,0,7,0,4,0,0,0,0,0,0,0,0,11,17300.0,60,Pardubice,east Bohemia,162580,83,26,5,1,6,72.8,9538,1.51,1.81,111,6079.0,5410,0,0,0.8804347826086957,-1100.0,-100.0,0.6419308357348703,0.729106628242075,0.0,0.36363636363636365,0.2434306136326093,0.27648909202716115,0.0,0.0,0.0,0,0,0.0,0.17748687391657103
221,552,F,65,60,2,MONTHLY,1,3554.0,0,1,0,0,71913.4,70513.2,58,18182.217241379312,4011.331904507351,0,0,12,22,12,0,12,12,0,12,12,0,58,142426.6,0,Hl.m. Praha,Prague,1204953,0,0,0,1,1,100.0,12541,0.29,0.43,167,85677.0,99107,0,0,1.0198572749499384,1400.199999999997,24.141379310344778,3.955150191272525,3.8781408814941005,0.0,0.5862068965517241,0.05688767357753372,0.05578003410362118,0.0,0.0,0.20689655172413793,0,1,0.0,0.2206184125541253
222,554,F,74,70,3,MONTHLY,1,1530.0,0,1,0,0,78685.8,75915.2,71,40609.318309859154,3580.481810726824,0,0,12,35,12,0,12,12,0,12,12,0,71,154601.0,0,Sokolov,west Bohemia,94812,15,13,8,2,10,81.8,9650,3.38,3.67,100,2985.0,2804,0,0,1.0364959849937827,2770.600000000006,39.02253521126769,1.93762917662414,1.8694034561414752,0.0,0.6619718309859155,0.04716422812199433,0.045503531904445574,0.0,0.0,0.16901408450704225,0,1,0.0,0.08816897105750117
223,556,M,53,50,3,MONTHLY,1,8325.0,0,1,0,0,272257.6,277415.2,74,38062.462162162155,7899.374556093209,0,12,0,38,12,0,12,12,0,12,0,0,74,549672.8,0,Rokycany,west Bohemia,45714,52,10,5,1,6,55.6,8843,2.82,3.6,113,818.0,888,0,0,0.9814083727207448,-5157.600000000035,-69.69729729729777,7.152916141895069,7.288419724874712,0.0,0.5135135135135135,0.02847491614047539,0.02901433993428727,0.0,0.0,0.16216216216216217,0,0,0.0,0.20753714046239413
224,557,M,60,60,1,MONTHLY,1,6385.0,0,1,0,0,299185.2,313255.2,75,53012.71333333333,10763.739549327911,0,12,0,39,12,0,12,12,0,12,0,0,75,612440.4,0,Trutnov,east Bohemia,121947,37,28,7,3,11,70.5,8541,2.51,2.97,131,3496.0,3839,0,0,0.9550845444864123,-14070.0,-187.6,5.643650007476194,5.909058041046004,0.0,0.52,0.03436092856344575,0.03597684494195538,0.0,0.0,0.16,0,0,0.0,0.2030407212256364
225,559,F,27,20,3,MONTHLY,2,12404.5,0,1,1,0,177655.1,176787.2,65,26404.986153846156,5988.931636905204,0,4,12,25,12,0,12,12,0,12,0,0,65,354442.3,0,Ceska Lipa,north Bohemia,105058,32,19,7,2,10,81.0,9272,2.8,3.22,118,4340.0,4505,0,0,1.0049092920754443,867.8999999999942,13.352307692307603,6.728089117900285,6.695220325811425,0.0,0.5692307692307692,0.0338765003173601,0.033711003156707595,0.0,0.0,0.18461538461538463,0,1,0.0,0.22681063349214653
226,561,F,37,30,3,MONTHLY,2,6832.0,0,1,0,0,159787.9,144859.2,85,32923.29294117647,9774.340085832955,0,18,0,31,24,0,12,12,0,12,0,0,85,304647.1,0,Ostrava - mesto,north Moravia,323870,0,0,0,1,1,100.0,10673,4.75,5.44,100,18782.0,18347,0,0,1.103056623258999,14928.699999999983,175.63176470588215,4.853338950192209,4.399900102909441,0.0,0.36470588235294116,0.06747476229216338,0.06117071496548209,0.0,0.0,0.1411764705882353,0,1,0.0,0.2968822135530797
227,565,F,40,40,2,MONTHLY,3,5276.0,1,1,0,0,110240.0,114987.2,98,22936.480612244897,3688.9081652266586,0,16,0,34,36,12,12,12,0,12,0,0,98,225227.2,0,Zlin,south Moravia,197099,29,41,10,2,10,74.7,9624,1.6,2.31,145,4484.0,4265,0,0,0.958715404845061,-4747.199999999997,-48.44081632653058,4.806317144450973,5.013288740497214,0.0,0.3469387755102041,0.03208103306478163,0.03346251964102557,0.12244897959183673,0.0,0.12244897959183673,0,0,0.0,0.1608314818471886
228,566,F,53,50,1,MONTHLY,4,6081.0,1,1,0,0,136001.5,137247.2,109,25512.708256880735,5600.8823867832925,0,14,0,35,48,12,12,12,0,12,0,0,109,273248.7,0,Pardubice,east Bohemia,162580,83,26,5,1,6,72.8,9538,1.51,1.81,111,6079.0,5410,0,0,0.99092367640287,-1245.7000000000116,-11.428440366972584,5.330735515439472,5.379562162436623,0.0,0.3211009174311927,0.04080871877009726,0.041182504507548026,0.11009174311926606,0.0,0.11009174311926606,1,0,0.0,0.2195330393931324
229,570,F,58,50,1,MONTHLY,2,2300.0,0,1,0,0,61852.5,43591.4,67,23055.635820895524,3306.160671163141,0,4,12,23,16,0,9,12,0,8,0,0,67,105443.9,0,Trebic,south Moravia,117897,139,28,5,1,6,53.8,8814,4.76,5.74,107,2112.0,2059,0,0,1.4189151988695017,18261.1,272.5537313432836,2.682749696451335,1.8907047430239479,0.0,0.5223880597014925,0.07584433331260618,0.053452336949406105,0.0,0.0,0.11940298507462686,0,1,0.0,0.14339924072563373
230,574,M,27,20,3,MONTHLY,3,3377.0,1,1,0,0,215405.6,213799.2,97,47226.36391752577,7359.033038059214,0,12,0,37,36,12,12,12,0,12,0,0,97,429204.8,0,Hl.m. Praha,Prague,1204953,0,0,0,1,1,100.0,12541,0.29,0.43,167,85677.0,99107,0,0,1.0075135921930485,1606.3999999999942,16.560824742267982,4.561130312216619,4.527115413191038,0.0,0.38144329896907214,0.034420302031341624,0.034163610593499955,0.12371134020618557,0.0,0.12371134020618557,0,1,0.0,0.15582467985277745
231,575,M,29,20,2,MONTHLY,1,8137.0,0,1,0,0,312595.2,314879.2,67,46270.05223880597,12983.157788800707,0,13,0,30,12,0,12,12,0,12,0,0,67,627474.4,0,Jihlava,south Moravia,109164,98,16,6,1,4,63.6,8757,3.38,3.95,96,2212.0,2471,0,0,0.9927464246606318,-2284.0,-34.08955223880597,6.755886040211368,6.805248422345971,0.0,0.44776119402985076,0.041232186148849166,0.04153345217329219,0.0,0.0,0.1791044776119403,0,0,0.0,0.2805952697393312
232,577,F,36,30,1,MONTHLY,1,2064.0,0,1,0,0,37719.7,25787.399999999998,46,14857.689130434781,2079.735826410895,0,0,12,16,9,0,9,9,0,9,0,0,46,63507.1,0,Hl.m. Praha,Prague,1204953,0,0,0,1,1,100.0,12541,0.29,0.43,167,85677.0,99107,0,0,1.462718226730884,11932.3,259.3978260869565,2.5387326164157136,1.7356265684127543,0.0,0.6086956521739131,0.08064930262108219,0.05513659510576423,0.0,0.0,0.1956521739130435,0,1,0.0,0.13997707235311063
233,582,M,49,40,1,MONTHLY,4,5167.0,1,1,0,0,125753.3,121279.2,107,26810.376635514018,5782.8503604889775,0,13,0,34,48,12,12,12,0,12,0,0,107,247032.5,0,Hl.m. Praha,Prague,1204953,0,0,0,1,1,100.0,12541,0.29,0.43,167,85677.0,99107,0,0,1.0368909095706436,4474.100000000006,41.81401869158884,4.690471219767295,4.523591803605962,0.0,0.3177570093457944,0.047682128184296874,0.04598567481321744,0.11214953271028037,0.0,0.11214953271028037,1,1,0.0,0.21569448423297416
234,583,F,34,30,3,TRANSACTION,4,15213.6,1,1,1,0,619818.3,631761.0,120,64308.596666666665,22303.980881425196,0,23,0,49,36,12,12,12,0,12,0,0,120,1251579.3,0,Kutna Hora,central Bohemia,77963,60,23,4,2,4,51.5,8546,2.95,4.02,126,2640.0,3120,0,0,0.9810961740278366,-11942.699999999953,-99.52249999999961,9.638187305077254,9.823896535553905,0.0,0.4083333333333333,0.03530445988502803,0.0359847085531763,0.1,0.0,0.1,1,0,0.0,0.3468273611541287
235,584,F,23,20,1,MONTHLY,0,0.0,0,0,0,0,74795.4,58496.0,53,32647.68490566038,5979.430040383836,4,18,0,19,0,0,10,12,0,0,0,0,53,133291.4,0,Decin,north Bohemia,133777,24,17,7,3,11,84.7,8705,5.75,7.61,116,4650.0,4859,0,0,1.2786412746170677,16299.399999999994,307.53584905660364,2.29098633535979,1.791735008746611,0.0,0.3584905660377358,0.102219468688181,0.07994382061442062,0.0,0.0,0.0,0,1,0.0,0.18315020062409193
236,585,F,57,50,1,MONTHLY,1,10684.0,0,1,0,0,335904.6,324550.4,59,37373.03559322034,21807.450411663434,0,12,0,26,9,0,9,12,0,9,0,0,59,660455.0,0,Teplice,north Bohemia,128118,9,16,6,3,8,85.3,9317,6.49,7.07,97,6949.0,6872,0,0,1.0349843968764172,11354.199999999953,192.44406779660937,8.987886444550274,8.684079172280967,0.0,0.4406779661016949,0.06719280090754297,0.06492155931077882,0.0,0.0,0.15254237288135594,0,1,0.0,0.5835076028884156
237,588,F,39,30,3,MONTHLY,1,5608.0,0,1,0,0,214522.9,234731.2,77,28967.923376623377,8431.31166868159,14,13,0,26,12,0,12,12,0,12,0,0,77,449254.1,0,Jindrichuv Hradec,south Bohemia,93931,74,21,10,1,8,56.9,8427,1.12,1.54,107,1874.0,1913,0,0,0.9139087603181851,-20208.300000000017,-262.44545454545477,7.405532568244651,8.103142118548412,0.0,0.33766233766233766,0.03591900722478132,0.039302618362336096,0.0,0.0,0.15584415584415584,0,0,0.0,0.29105682029957025
238,589,M,38,30,1,MONTHLY,1,2042.0,0,1,0,0,37507.6,39239.2,62,15540.345161290323,1794.2769218694345,0,0,12,26,12,0,12,12,0,12,0,0,62,76746.8,0,Jicin,east Bohemia,77917,85,19,6,1,5,53.5,8390,2.28,2.89,132,2080.0,2122,0,0,0.9558706599522926,-1731.5999999999985,-27.929032258064492,2.41356286560663,2.524988962133319,0.0,0.6129032258064516,0.04572664381204088,0.04783768947811736,0.0,0.0,0.1935483870967742,0,0,0.0,0.11545927090080506
239,591,F,25,20,3,MONTHLY,0,0.0,0,0,0,0,76723.1,79895.2,61,29621.891803278686,3266.6396018587184,0,14,0,35,0,0,12,12,0,0,0,0,61,156618.3,0,Kolin,central Bohemia,95616,65,30,4,1,6,51.4,9307,3.85,4.43,118,2616.0,3040,0,0,0.9602967387277335,-3172.0999999999913,-52.00163934426215,2.590081028906734,2.697167369680178,0.0,0.5737704918032787,0.04088655641213387,0.04257700225693068,0.0,0.0,0.0,0,0,0.0,0.11027788581339534
240,592,M,34,30,2,MONTHLY,0,0.0,0,0,0,0,224947.4,236795.2,60,49073.62333333333,10731.056030147181,6,12,0,30,0,0,12,12,0,0,0,0,60,461742.6,0,Plzen - mesto,west Bohemia,170449,0,0,0,1,1,100.0,10787,2.64,3.09,131,6041.0,6261,0,0,0.9499660466090528,-11847.800000000017,-197.46333333333362,4.583875913788582,4.825304999216484,0.0,0.5,0.045317878192409226,0.04770473466306871,0.0,0.0,0.0,0,0,0.0,0.21867258419571592
241,593,F,45,40,3,MONTHLY,3,11564.6,0,1,1,0,226258.6,260029.2,78,41061.77051282051,15931.366962034026,5,11,0,26,24,0,12,12,0,12,0,0,78,486287.8,0,Prostejov,south Moravia,110643,49,41,4,1,4,51.9,8441,3.45,4.48,115,1879.0,2252,0,0,0.8701276625855865,-33770.600000000006,-432.9564102564103,5.5102007822423635,6.332634875517908,0.0,0.3333333333333333,0.06126760749190485,0.07041220515831896,0.0,0.0,0.15384615384615385,0,0,0.0,0.3879853879427789
242,596,M,51,50,3,MONTHLY,1,3602.0,0,1,0,0,79844.2,80859.2,69,19603.533333333333,3387.9742758792627,0,16,0,29,12,0,12,12,0,12,0,0,69,160703.4,0,Jesenik,north Moravia,42821,4,13,5,1,3,48.4,8173,0.0,7.01,124,0.0,1358,0,0,0.9874473158280072,-1015.0,-14.710144927536232,4.072949434285656,4.124725814734078,0.0,0.42028985507246375,0.04189967592901318,0.04243231538269859,0.0,0.0,0.17391304347826086,0,0,0.0,0.17282467493339276
243,597,M,56,50,3,MONTHLY,1,3405.0,0,1,0,0,283075.5,288835.2,73,58028.667123287676,10546.33798182856,0,12,0,37,12,0,12,12,0,12,0,0,73,571910.7,0,Brno - venkov,south Moravia,157042,49,70,18,0,9,33.9,8743,1.88,2.43,111,3659.0,3894,0,1,0.9800588709409379,-5759.700000000012,-78.90000000000016,4.8782009657154095,4.977457079728213,0.0,0.5068493150684932,0.03651334041636393,0.037256272555655855,0.0,0.0,0.1643835616438356,0,0,0.0,0.18174358475995692
244,598,M,29,20,3,MONTHLY,0,0.0,0,0,0,0,275733.2,263295.2,62,76089.85967741936,11592.011723744476,0,12,0,38,0,0,12,12,0,0,0,0,62,539028.4,0,Hl.m. Praha,Prague,1204953,0,0,0,1,1,100.0,12541,0.29,0.43,167,85677.0,99107,0,0,1.047239752186899,12438.0,200.61290322580646,3.6237837889169793,3.460319168890993,0.0,0.6129032258064516,0.04402667319322371,0.04204068180307803,0.0,0.0,0.0,0,1,0.0,0.15234634119301121
245,603,F,33,30,1,MONTHLY,1,4382.7,0,0,0,1,169667.4,195294.6,60,41324.168333333335,13897.705335779954,0,9,0,37,2,0,12,12,0,0,0,2,60,364962.0,0,Rakovnik,central Bohemia,53921,61,22,1,1,2,41.3,8598,2.77,3.26,123,1597.0,1875,0,0,0.8687767096478858,-25627.20000000001,-427.1200000000002,4.105766839187447,4.725917250764595,1.1787768304341318e-05,0.6166666666666667,0.07116277324503573,0.08191146523009107,0.0,0.03333333333333333,0.0,0,0,0.0,0.3363093776909635
246,606,F,50,50,3,MONTHLY,1,2308.0,0,1,0,0,42864.9,40621.2,64,26604.8625,1879.3823657432424,0,0,12,28,12,0,12,12,0,0,0,0,64,83486.1,0,Opava,north Moravia,182027,17,49,12,2,7,56.4,8746,3.33,3.74,90,4355.0,4433,0,0,1.0552347050308708,2243.7000000000044,35.05781250000007,1.6111678833145633,1.5268336756109901,0.0,0.625,0.046266047427039145,0.04384431937886808,0.0,0.0,0.0,0,1,0.0,0.07064055924901858
247,613,F,22,20,3,WEEKLY,3,4804.0,1,1,0,0,85825.9,99277.0,66,21257.96363636364,16088.870473884319,0,5,0,19,30,10,12,12,0,9,0,0,66,185102.9,0,Hl.m. Praha,Prague,1204953,0,0,0,1,1,100.0,12541,0.29,0.43,167,85677.0,99107,0,0,0.8645094029835712,-13451.100000000006,-203.80454545454555,4.0373528465909665,4.670108656606123,0.0,0.2878787878787879,0.16206040144126352,0.18745938549883334,0.15151515151515152,0.0,0.13636363636363635,0,0,0.0,0.7568396836639082
248,618,F,67,60,1,MONTHLY,1,2750.0,0,1,0,0,50283.0,54595.2,62,14915.340322580645,2354.2061784479524,0,0,12,26,12,0,12,12,0,12,12,0,62,104878.2,0,Hodonin,south Moravia,161954,21,37,20,3,8,48.0,8720,3.73,4.5,116,3729.0,3651,0,0,0.9210150342887288,-4312.199999999997,-69.55161290322576,3.371227133441636,3.6603388738872544,0.0,0.6129032258064516,0.04312112014330843,0.04681912730839354,0.0,0.0,0.1935483870967742,0,0,0.0,0.1578379123461146
249,621,M,60,60,3,MONTHLY,1,9255.0,0,1,0,0,313788.1,275175.2,70,53131.22571428571,14080.261074188225,0,13,0,33,12,0,12,12,0,12,0,0,70,588963.3,0,Sumperk,north Moravia,127369,31,32,13,2,7,51.2,8369,4.73,5.88,107,3736.0,2807,0,0,1.1403211481267206,38612.899999999965,551.6128571428567,5.9059074166179055,5.179161525084335,0.0,0.4714285714285714,0.05116835046976699,0.044871877149542085,0.0,0.0,0.17142857142857143,0,1,0.0,0.2650091520550481
250,622,F,68,60,2,MONTHLY,2,3353.0,0,1,0,0,71112.5,75871.2,75,21170.282666666666,4471.433968927563,0,0,12,27,24,0,12,12,0,12,12,0,75,146983.7,0,Ostrava - mesto,north Moravia,323870,0,0,0,1,1,100.0,10673,4.75,5.44,100,18782.0,18347,0,0,0.937279231118,-4758.699999999997,-63.44933333333329,3.3590718234466026,3.5838538953219454,0.0,0.52,0.058934536015346574,0.06287831209601073,0.0,0.0,0.16,0,0,0.0,0.21121276646759132
251,623,M,74,70,3,MONTHLY,1,3245.0,0,1,0,0,85016.4,84015.2,67,22567.23432835821,4675.375547273838,0,0,12,31,12,0,12,12,0,12,12,0,67,169031.6,0,Karlovy Vary,west Bohemia,122603,25,21,6,2,8,80.0,8991,1.39,2.01,128,5198.0,5273,0,0,1.011916891229206,1001.1999999999971,14.943283582089508,3.7672494007459103,3.7228841947382834,0.0,0.6417910447761194,0.05564916285712392,0.05499380763327826,0.0,0.0,0.1791044776119403,0,1,0.0,0.2071753888512034
252,625,F,21,20,3,MONTHLY,1,2332.0,0,1,0,0,42979.2,46449.2,60,19689.111666666668,3263.72389660207,0,0,12,24,12,0,12,12,0,12,0,0,60,89428.4,0,Prostejov,south Moravia,110643,49,41,4,1,4,51.9,8441,3.45,4.48,115,1879.0,2252,0,0,0.9252947305873944,-3470.0,-57.833333333333336,2.1828917793565594,2.3591313202127706,0.0,0.6,0.07026437261787222,0.07593728819061477,0.0,0.0,0.2,0,0,0.0,0.16576288213792292
253,626,M,19,10,1,MONTHLY,1,4234.0,0,1,0,0,720684.9,767606.2,98,69605.45306122449,24711.813356048264,0,26,0,48,12,0,12,12,0,12,0,0,98,1488291.1,0,Nymburk,central Bohemia,81344,61,23,4,2,6,55.3,8899,3.39,3.97,149,2987.0,2487,0,1,0.9388732138953543,-46921.29999999993,-478.7887755102034,10.353856893454749,11.027960687574561,0.0,0.4897959183673469,0.032193347781776994,0.03428934525483781,0.0,0.0,0.12244897959183673,0,0,0.0,0.35502697373885234
254,627,M,27,20,1,MONTHLY,2,5007.0,0,1,0,0,151423.8,120652.8,67,31648.93880597015,8694.26880461814,0,15,0,24,16,0,8,12,0,8,0,0,67,272076.6,0,Pelhrimov,south Bohemia,74062,99,15,4,2,7,61.4,8114,2.38,2.62,119,1003.0,1181,0,0,1.2550375954805855,30770.999999999985,459.2686567164177,4.784482693980119,3.8122226068837564,0.0,0.3582089552238806,0.07206023237436793,0.05741679184261748,0.0,0.0,0.11940298507462686,0,1,0.0,0.27470964691486216
255,629,M,23,20,3,MONTHLY,0,0.0,0,0,0,0,156828.8,137475.2,62,59873.440322580645,9613.015003159535,15,12,0,23,0,0,12,12,0,0,0,0,62,294304.0,0,Hl.m. Praha,Prague,1204953,0,0,0,1,1,100.0,12541,0.29,0.43,167,85677.0,99107,0,0,1.1407788459300294,19353.599999999977,312.15483870967705,2.6193383770007554,2.296096553986604,0.0,0.3709677419354839,0.06992544839476163,0.06129623515042859,0.0,0.0,0.0,0,1,0.0,0.1605555810951803
256,630,M,47,40,2,MONTHLY,1,5768.0,0,1,0,0,253941.7,262691.2,72,30649.991666666665,8018.621099116552,0,12,0,36,12,0,12,12,0,12,0,0,72,516632.9,0,Trebic,south Moravia,117897,139,28,5,1,6,53.8,8814,4.76,5.74,107,2112.0,2059,0,0,0.966692831735513,-8749.5,-121.52083333333333,8.285212693097526,8.570677697302257,0.0,0.5,0.03052489424509291,0.03157662211096701,0.0,0.0,0.16666666666666666,0,0,0.0,0.26161903031892786
257,639,M,21,20,1,MONTHLY,1,2144.0,0,1,0,0,39384.5,33373.2,59,16584.73559322034,2495.762143753694,0,0,12,23,12,0,12,12,0,0,0,0,59,72757.7,0,Tachov,west Bohemia,51313,34,12,3,1,4,59.2,8930,3.52,4.2,108,1328.0,1452,0,0,1.1801235722076397,6011.300000000003,101.88644067796615,2.3747439191071553,2.0122841158614913,0.0,0.5932203389830508,0.07478342333829822,0.06336914633304204,0.0,0.0,0.0,0,1,0.0,0.15048549491340307
258,640,M,20,20,1,MONTHLY,0,0.0,0,0,0,0,71590.4,73800.0,26,34059.7,12079.462335749882,0,4,0,10,0,0,0,12,0,0,0,0,26,145390.4,0,Plzen - mesto,west Bohemia,170449,0,0,0,1,1,100.0,10787,2.64,3.09,131,6041.0,6261,0,0,0.9700596205962059,-2209.600000000006,-84.98461538461561,2.101909294562195,2.16678361817632,0.0,0.38461538461538464,0.16367835143292522,0.16873019756489535,0.0,0.0,0.0,0,0,0.0,0.354655570534969
259,641,F,37,30,1,MONTHLY,2,4746.0,0,1,0,0,105459.9,117647.2,85,16562.358823529412,3746.0372722796205,0,15,0,34,24,0,12,12,0,12,0,0,85,223107.1,0,Teplice,north Bohemia,128118,9,16,6,3,8,85.3,9317,6.49,7.07,97,6949.0,6872,0,0,0.8964080743103108,-12187.300000000003,-143.38000000000002,6.3674444638995364,7.103287717258233,0.0,0.4,0.03184127860484245,0.03552096362958452,0.0,0.0,0.1411764705882353,0,0,0.0,0.22617776321557476
260,644,F,38,30,2,MONTHLY,3,7848.0,1,1,0,0,270345.3,260951.2,97,32980.57422680413,9888.698899304178,0,12,0,37,36,12,12,12,0,12,0,0,97,531296.5,0,Jablonec n. Nisou,north Bohemia,88768,10,18,5,1,7,80.5,8867,1.02,1.21,130,3384.0,3620,0,0,1.0359994512383923,9394.099999999977,96.84639175257708,8.19710712557223,7.912269756295466,0.0,0.38144329896907214,0.03789482056148497,0.036578031500100715,0.12371134020618557,0.0,0.12371134020618557,0,1,0.0,0.2998340426488811
261,648,F,64,60,2,MONTHLY,1,2692.0,0,1,0,0,49163.9,50559.2,56,13059.637499999999,1817.76600209883,0,0,12,20,12,0,12,12,0,12,12,0,56,99723.1,0,Karvina,north Moravia,285387,0,2,8,5,7,89.9,10177,6.63,7.75,81,9878.0,10108,0,0,0.9724026487760883,-1395.2999999999956,-24.91607142857135,3.764568503528525,3.871409141333364,0.0,0.5714285714285714,0.035953219238018606,0.036973592455009266,0.0,0.0,0.21428571428571427,0,0,0.0,0.1391896216184278
262,649,F,21,20,3,TRANSACTION,0,0.0,0,0,0,0,373632.1,384247.8,72,46663.14722222222,29084.01569655499,2,16,0,42,0,0,11,12,2,0,0,0,72,757879.9,0,Rakovnik,central Bohemia,53921,61,22,1,1,2,41.3,8598,2.77,3.26,123,1597.0,1875,0,0,0.9723727761095834,-10615.700000000012,-147.44027777777794,8.007006004559987,8.234502447297663,0.0,0.5833333333333334,0.07569078000330774,0.07784131956690818,0.0,0.0,0.0,0,0,0.027777777777777776,0.6232759131751066
263,651,F,23,20,3,MONTHLY,0,0.0,0,0,0,0,94869.5,81675.2,67,24183.035820895522,14407.147370912198,0,27,0,28,0,0,12,12,0,0,0,0,67,176544.7,0,Prerov,north Moravia,138032,67,30,4,2,5,64.6,8819,5.38,5.66,99,4063.0,4505,0,0,1.1615459772366643,13194.300000000003,196.9298507462687,3.922977276410737,3.377375801983801,0.0,0.417910447761194,0.1763956178976262,0.151862794374506,0.0,0.0,0.0,0,1,0.0,0.5957542914634234
264,652,M,61,60,3,MONTHLY,3,8728.0,1,1,0,0,263270.9,271011.2,98,33743.510204081635,8422.731114729288,13,12,0,25,36,12,12,12,0,12,0,0,98,534282.1,0,Trebic,south Moravia,117897,139,28,5,1,6,53.8,8814,4.76,5.74,107,2112.0,2059,0,0,0.9714391877531261,-7740.299999999988,-78.98265306122437,7.8021195307699385,8.031505861746961,0.0,0.25510204081632654,0.031078904173441124,0.03199263995652116,0.12244897959183673,0.0,0.12244897959183673,0,0,0.0,0.24961040104566445
265,653,F,69,60,3,MONTHLY,1,2750.0,0,1,0,0,50454.3,49055.2,58,18851.456896551725,2605.1418962675457,0,0,12,22,12,0,12,12,0,12,12,0,58,99509.5,0,Hl.m. Praha,Prague,1204953,0,0,0,1,1,100.0,12541,0.29,0.43,167,85677.0,99107,0,0,1.0285209315220405,1399.1000000000058,24.122413793103547,2.676413832462414,2.602196756950551,0.0,0.5862068965517241,0.053106335235969804,0.05163369418003115,0.0,0.0,0.20689655172413793,0,1,0.0,0.1381931333245694
266,654,F,57,50,2,MONTHLY,3,2388.0,1,1,0,0,52240.5,56391.2,97,16865.37731958763,2714.6762853555656,0,3,12,34,36,12,12,12,0,12,0,0,97,108631.7,0,Zlin,south Moravia,197099,29,41,10,2,10,74.7,9624,1.6,2.31,145,4484.0,4265,0,0,0.9263945438295337,-4150.699999999997,-42.7907216494845,3.0974996295711286,3.343607375715612,0.0,0.4742268041237113,0.04814006946749787,0.05196497516975461,0.12371134020618557,0.0,0.12371134020618557,0,0,0.0,0.1609614913389878
267,655,M,57,50,1,MONTHLY,1,3798.2,0,0,0,1,303428.7,272465.0,72,47303.854166666664,12493.34173475579,1,1,12,42,4,0,12,12,0,0,0,4,72,575893.7,0,Ceska Lipa,north Bohemia,105058,32,19,7,2,10,81.0,9272,2.8,3.22,118,4340.0,4505,0,0,1.113642853210504,30963.70000000001,430.05138888888905,6.4144604143866015,5.759890072382228,1.318266861374682e-05,0.75,0.04585301501020604,0.0411738959918946,0.0,0.05555555555555555,0.0,0,1,0.0,0.2641083259460791
268,656,M,43,40,3,MONTHLY,1,3306.0,0,1,0,0,151469.9,154847.2,68,34257.575000000004,7927.814735387009,0,13,0,31,12,0,12,12,0,12,0,0,68,306317.1,0,Brno - mesto,south Moravia,387570,0,0,0,1,1,100.0,9897,1.6,1.96,140,18721.0,18696,0,0,0.9781894667775716,-3377.3000000000175,-49.66617647058849,4.421500938113686,4.520086433438443,0.0,0.45588235294117646,0.05119766282752938,0.05233920888167887,0.0,0.0,0.17647058823529413,0,0,0.0,0.23141786117047128
269,660,M,76,70,2,MONTHLY,2,1813.0,0,1,0,0,78541.4,68461.2,79,23668.683544303796,5619.614605830109,0,0,12,31,24,0,12,12,0,12,12,0,79,147002.6,0,Jindrichuv Hradec,south Bohemia,93931,74,21,10,1,8,56.9,8427,1.12,1.54,107,1874.0,1913,0,0,1.147239604330628,10080.199999999997,127.59746835443035,3.318367912308418,2.8924802628693795,0.0,0.5443037974683544,0.08208466409922861,0.07154971270985887,0.0,0.0,0.1518987341772152,0,1,0.0,0.23742827079128145
270,664,F,19,10,3,MONTHLY,0,0.0,0,0,0,0,51223.1,54425.2,45,17399.326666666664,5409.2831774476535,0,14,0,19,0,0,12,12,0,0,0,0,45,105648.3,0,Vsetin,north Moravia,148545,8,35,12,3,4,53.5,8909,4.01,5.56,113,3460.0,3590,0,0,0.9411651220390554,-3202.0999999999985,-71.15777777777774,2.9439702455918795,3.1280061029181594,0.0,0.4222222222222222,0.099389311889486,0.10560241721894328,0.0,0.0,0.0,0,0,0.0,0.3108903741551486
271,665,F,67,60,3,MONTHLY,1,2097.0,0,1,0,0,62750.8,61129.2,65,20483.061538461538,3592.3374489448165,0,0,12,29,12,0,12,12,0,12,12,0,65,123880.0,0,Ceske Budejovice,south Bohemia,177686,69,27,10,1,9,74.8,10045,1.42,1.71,135,6604.0,6295,0,0,1.026527420610772,1621.6000000000058,24.947692307692396,3.0635459392713984,2.984378086509003,0.0,0.6307692307692307,0.05876630888257685,0.05724767571002786,0.0,0.0,0.18461538461538463,0,1,0.0,0.1753808844541817
272,666,M,17,10,1,MONTHLY,0,0.0,0,0,0,0,92546.2,97825.2,80,30784.16625,14753.670647878163,5,33,0,30,0,0,12,12,0,0,0,0,80,190371.4,0,Plzen - mesto,west Bohemia,170449,0,0,0,1,1,100.0,10787,2.64,3.09,131,6041.0,6261,0,0,0.9460363996189121,-5279.0,-65.9875,3.0062922363538105,3.1777764973576312,0.0,0.375,0.15081666736053864,0.1594195185526598,0.0,0.0,0.0,0,0,0.0,0.47926166094812345
273,668,F,57,50,3,MONTHLY,3,7768.0,1,1,0,0,296202.1,301991.2,93,27019.524731182795,11894.893474637283,0,12,0,33,36,12,12,12,0,12,0,0,93,598193.3,0,Karlovy Vary,west Bohemia,122603,25,21,6,2,8,80.0,8991,1.39,2.01,128,5198.0,5273,0,0,0.9808302361128403,-5789.100000000035,-62.24838709677457,10.962520730727656,11.176776905016277,0.0,0.3548387096774194,0.03938821222153918,0.040158032217318125,0.12903225806451613,0.0,0.12903225806451613,0,0,0.0,0.440233260687579
274,670,M,40,40,1,MONTHLY,1,2050.0,0,1,0,0,37445.1,25301.399999999998,46,14665.756521739131,2102.491983512494,0,0,12,16,9,0,9,9,0,9,0,0,46,62746.5,0,Hl.m. Praha,Prague,1204953,0,0,0,1,1,100.0,12541,0.29,0.43,167,85677.0,99107,0,0,1.4799615831535013,12143.7,263.9934782608696,2.553233441759034,1.7252025125669852,0.0,0.6086956521739131,0.08309785164111448,0.05614865452388948,0.0,0.0,0.1956521739130435,0,1,0.0,0.14336062244016928
275,672,F,70,70,3,MONTHLY,1,2175.0,0,1,0,0,68933.0,74405.2,65,17242.323076923076,2297.2654122462395,0,0,12,29,12,0,12,12,0,12,12,0,65,143338.2,0,Nachod,east Bohemia,112709,48,20,7,3,10,73.5,8369,1.79,2.31,117,2854.0,2618,0,0,0.9264540650384651,-5472.199999999997,-84.18769230769226,3.997895161369475,4.315265389011476,0.0,0.6307692307692307,0.03087506534820469,0.03332606171566941,0.0,0.0,0.18461538461538463,0,0,0.0,0.13323410088057525
276,673,M,60,60,1,MONTHLY,1,5683.0,0,1,0,0,133679.5,135971.2,73,35664.535616438356,5323.440454082143,0,17,0,32,12,0,12,12,0,12,0,0,73,269650.7,0,Liberec,north Bohemia,159617,29,19,8,1,9,85.2,9198,3.33,4.28,131,5796.0,6132,0,0,0.9831456955590595,-2291.7000000000116,-31.393150684931665,3.7482473187842373,3.8125044291149752,0.0,0.4383561643835616,0.03915123536515191,0.039822414462068925,0.0,0.0,0.1643835616438356,0,0,0.0,0.1492642582349645
277,675,M,24,20,3,MONTHLY,0,0.0,0,0,0,0,120117.2,127075.2,78,35193.498717948714,10701.930238015426,0,27,0,39,0,0,12,12,0,0,0,0,78,247192.4,0,Svitavy,east Bohemia,102609,75,33,2,3,6,52.0,8187,4.83,5.45,94,2123.0,2134,0,0,0.9452450202714613,-6958.0,-89.2051282051282,3.413050829718732,3.610757799854424,0.0,0.5,0.0842172999768281,0.08909573514879988,0.0,0.0,0.0,0,0,0.0,0.30408827277401185
278,676,M,46,40,3,MONTHLY,1,6245.0,0,1,0,0,125504.6,116215.2,65,28314.640000000003,4908.651494294283,0,15,0,26,12,0,12,12,0,12,0,0,65,241719.8,0,Blansko,south Moravia,107911,88,33,6,2,7,50.9,8240,2.53,3.56,99,1850.0,1903,0,0,1.0799327454584255,9289.400000000009,142.9138461538463,4.432498523731892,4.104420893219903,0.0,0.4,0.04223760312157345,0.03911132734811539,0.0,0.0,0.18461538461538463,0,1,0.0,0.17336090073171626
279,678,F,66,60,1,MONTHLY,1,3509.0,0,1,0,0,64205.3,36942.4,42,29362.271428571425,5107.544625560367,0,0,12,12,9,0,9,9,0,9,12,0,42,101147.7,0,Most,north Bohemia,119895,17,4,3,2,4,89.9,10446,7.34,9.4,90,4947.0,4743,0,0,1.7379839967083892,27262.9,649.1166666666667,2.1866598487174262,1.258158793670595,0.0,0.5714285714285714,0.1382569791231855,0.0795502026399747,0.0,0.0,0.21428571428571427,0,1,0.0,0.17394923407016769
280,682,M,20,20,1,MONTHLY,1,1408.0,0,0,1,0,161537.1,169075.2,60,33687.23166666667,8158.310173556978,0,13,0,35,0,0,12,12,0,0,0,0,60,330612.3,0,Pisek,south Bohemia,70699,60,13,2,1,4,65.3,8968,2.83,3.35,131,1740.0,1910,0,0,0.955415696684079,-7538.100000000006,-125.63500000000009,4.795202574031635,5.018969848071517,0.0,0.5833333333333334,0.0482525537367809,0.05050425056260746,0.0,0.0,0.0,0,0,0.0,0.24217811229735395
281,686,F,28,20,2,MONTHLY,4,8094.0,1,1,1,0,259544.0,263807.2,100,40824.114,7875.988294016113,0,12,0,40,36,12,12,12,0,12,0,0,100,523351.2,0,Ceska Lipa,north Bohemia,105058,32,19,7,2,10,81.0,9272,2.8,3.22,118,4340.0,4505,0,0,0.9838397132451274,-4263.200000000012,-42.63200000000012,6.3576150115590995,6.462043487336921,0.0,0.4,0.029855092256830418,0.030345483979657067,0.12,0.0,0.12,0,0,0.0,0.19292490448209393
282,689,M,35,30,3,MONTHLY,0,0.0,0,0,0,0,529255.3,510408.2,72,51145.21527777778,22094.72992382904,0,1,12,47,0,0,12,12,0,0,0,0,72,1039663.5,0,Karvina,north Moravia,285387,0,2,8,5,7,89.9,10177,6.63,7.75,81,9878.0,10108,0,0,1.0369255431241113,18847.100000000035,261.76527777777824,10.348090180587382,9.97958845666974,0.0,0.8194444444444444,0.043288352193066336,0.0417468278991803,0.0,0.0,0.0,0,1,0.0,0.431999939854179
283,690,M,57,50,2,MONTHLY,2,6085.0,0,1,0,0,121449.4,127475.2,80,20092.3175,5193.930644238354,0,13,0,31,24,0,12,12,0,12,0,0,80,248924.6,0,Louny,north Bohemia,85852,41,23,4,2,4,59.8,8965,7.08,8.23,104,2653.0,2822,0,0,0.9527296289788131,-6025.800000000003,-75.32250000000003,6.044569024951949,6.344474697854043,0.0,0.3875,0.04074463616639436,0.04276621081897773,0.0,0.0,0.15,0,0,0.0,0.25850331323095777
284,692,F,63,60,3,MONTHLY,1,3662.0,0,1,0,0,76097.3,70419.2,62,33263.84516129032,4116.5654234009335,0,0,12,26,12,0,12,12,0,12,12,0,62,146516.5,0,Brno - venkov,south Moravia,157042,49,70,18,0,9,33.9,8743,1.88,2.43,111,3659.0,3894,0,0,1.0806328387712443,5678.100000000006,91.58225806451622,2.2876880177567585,2.1169891712323134,0.0,0.6129032258064516,0.05845799758305879,0.054096077303674814,0.0,0.0,0.1935483870967742,0,1,0.0,0.12375494785526021
285,694,M,63,60,2,MONTHLY,1,5120.0,0,1,0,0,154219.2,165215.2,76,25469.452631578944,6290.084943983372,0,12,0,40,12,0,12,12,0,12,0,0,76,319434.4,0,Rokycany,west Bohemia,45714,52,10,5,1,6,55.6,8843,2.82,3.6,113,818.0,888,0,0,0.9334443804202035,-10996.0,-144.68421052631578,6.055065345565669,6.486798220200217,0.0,0.5263157894736842,0.03807207172211377,0.040786652660520686,0.0,0.0,0.15789473684210525,0,0,0.0,0.24696584708634262
286,700,M,70,70,2,MONTHLY,1,2812.0,0,1,0,0,51299.6,50879.2,57,14264.761403508772,1968.6457799856069,0,0,12,21,12,0,12,12,0,12,12,0,57,102178.8,0,Pribram,central Bohemia,107870,84,29,6,1,6,58.0,8754,3.83,4.31,137,3804.0,3868,0,0,1.008262708533153,420.40000000000146,7.375438596491254,3.5962466212285604,3.5667753957304185,0.0,0.5789473684210527,0.0386925458730799,0.038375460627092746,0.0,0.0,0.21052631578947367,0,1,0.0,0.13800762061827193
287,704,M,24,20,1,MONTHLY,0,0.0,0,0,0,0,65373.0,68075.2,57,23206.62456140351,8206.174147909278,0,18,0,27,0,0,12,12,0,0,0,0,57,133448.2,0,Brno - mesto,south Moravia,387570,0,0,0,1,1,100.0,9897,1.6,1.96,140,18721.0,18696,0,0,0.9603056619738173,-2702.199999999997,-47.407017543859595,2.8169973546573512,2.933438243889222,0.0,0.47368421052631576,0.12054572219999762,0.12552849261788931,0.0,0.0,0.0,0,0,0.0,0.353613431638719
288,706,M,51,50,3,MONTHLY,3,5089.0,1,1,0,0,101070.4,112903.2,93,20397.68064516129,3357.0449383173573,0,15,0,30,36,12,12,12,0,12,0,0,93,213973.6,0,Zdar nad Sazavou,south Moravia,125832,151,41,2,3,5,48.3,8512,3.51,4.12,102,2247.0,2103,0,0,0.8951951760446116,-11832.800000000003,-127.23440860215057,4.954994725048594,5.535099895133555,0.0,0.3225806451612903,0.02973383339282994,0.03321491691254173,0.12903225806451613,0.0,0.12903225806451613,0,0,0.0,0.1645797380945716
289,712,M,37,30,2,MONTHLY,1,2054.0,0,1,0,0,37843.3,32533.2,59,17867.06779661017,2948.9174130716974,0,0,12,23,12,0,12,12,0,12,0,0,59,70376.5,0,Brno - mesto,south Moravia,387570,0,0,0,1,1,100.0,9897,1.6,1.96,140,18721.0,18696,0,0,1.1632209558235895,5310.100000000002,90.00169491525428,2.118047596325785,1.8208471793101029,0.0,0.5932203389830508,0.09064332475968233,0.07792442554089356,0.0,0.0,0.2033898305084746,0,1,0.0,0.1650476422119572
290,714,M,29,20,2,MONTHLY,0,0.0,0,0,0,0,223224.7,218875.2,61,64555.63114754098,11597.224664570125,2,12,0,35,0,0,12,12,0,0,0,0,61,442099.9,0,Tachov,west Bohemia,51313,34,12,3,1,4,59.2,8930,3.52,4.2,108,1328.0,1452,0,0,1.0198720549427254,4349.5,71.30327868852459,3.457865658378014,3.3904896615411264,0.0,0.5737704918032787,0.05298555827508153,0.05195314257145434,0.0,0.0,0.0,0,1,0.0,0.1796469875426488
291,715,F,47,40,3,MONTHLY,1,6135.0,0,1,0,0,258896.4,267395.2,75,30456.506666666668,10462.077828653004,0,12,0,39,12,0,12,12,0,12,0,0,75,526291.6,0,Usti nad Labem,north Bohemia,118650,8,8,5,1,3,85.6,9832,3.32,4.48,114,6445.0,5471,0,0,0.9682163329783032,-8498.800000000017,-113.31733333333356,8.500528403782793,8.779575508331444,0.0,0.52,0.0391258998989249,0.04041028700535428,0.0,0.0,0.16,0,0,0.0,0.34350879249402877
292,720,M,45,40,3,MONTHLY,1,2230.0,0,1,0,0,41069.9,48615.2,66,19387.780303030304,2138.601681560943,0,0,12,30,12,0,12,12,0,12,0,0,66,89685.1,0,Rokycany,west Bohemia,45714,52,10,5,1,6,55.6,8843,2.82,3.6,113,818.0,888,0,0,0.8447954549194492,-7545.299999999996,-114.3227272727272,2.118339457022875,2.5075175827323286,0.0,0.6363636363636364,0.04399039151460742,0.05207223980484352,0.0,0.0,0.18181818181818182,0,0,0.0,0.11030668019415714
293,721,M,59,50,1,MONTHLY,1,3191.0,0,1,0,0,63157.7,73716.0,57,18631.800000000003,4331.899176087287,0,12,0,23,10,0,10,12,0,10,0,0,57,136873.7,0,Hradec Kralove,east Bohemia,161854,73,21,6,1,6,76.3,9425,1.72,2.5,125,4085.0,3891,0,0,0.8567705789787834,-10558.300000000003,-185.23333333333338,3.389779838770274,3.956461533507229,0.0,0.40350877192982454,0.058764707473103354,0.06858861510294528,0.0,0.0,0.17543859649122806,0,0,0.0,0.2325003046451382
294,723,F,42,40,3,MONTHLY,0,0.0,0,0,0,0,111102.2,99375.2,56,36391.489285714284,6270.597351149789,0,12,0,32,0,0,12,12,0,0,0,0,56,210477.4,0,Pribram,central Bohemia,107870,84,29,6,1,6,58.0,8754,3.83,4.31,137,3804.0,3868,0,0,1.1180073096708234,11727.0,209.41071428571428,3.052972059695669,2.730726385496138,0.0,0.5714285714285714,0.06310022370923318,0.05643990264053987,0.0,0.0,0.0,0,1,0.0,0.172309445813512
295,726,M,64,60,1,MONTHLY,1,2082.0,0,1,0,0,38478.4,38299.2,61,19203.108196721314,1976.6162501688846,0,0,12,25,12,0,12,12,0,12,0,0,61,76777.6,0,Jindrichuv Hradec,south Bohemia,93931,74,21,10,1,8,56.9,8427,1.12,1.54,107,1874.0,1913,0,0,1.0046789489075492,179.20000000000437,2.9377049180328583,2.003758954322285,1.9944271316733557,0.0,0.6065573770491803,0.051609857390464677,0.05136950211466393,0.0,0.0,0.19672131147540983,0,1,0.0,0.1029320998413354
296,727,F,69,60,1,MONTHLY,1,2895.0,0,1,0,0,56618.7,61925.2,67,19212.51641791045,2279.0319901219236,0,0,12,31,12,0,12,12,0,12,12,0,67,118543.9,0,Ceska Lipa,north Bohemia,105058,32,19,7,2,10,81.0,9272,2.8,3.22,118,4340.0,4505,0,0,0.9143079069587179,-5306.5,-79.20149253731343,2.946969505109619,3.223169659455519,0.0,0.6417910447761194,0.03680298150223049,0.04025228396487245,0.0,0.0,0.1791044776119403,0,0,0.0,0.11862225335549204
297,729,F,30,30,2,MONTHLY,3,1970.0,1,1,0,0,36491.9,32425.2,84,19836.459523809524,2513.5259505573194,0,0,12,24,36,0,12,12,0,0,0,0,84,68917.1,0,Vyskov,south Moravia,86513,38,36,5,1,5,50.5,8288,3.79,4.52,110,1562.0,1460,0,0,1.1254178848549894,4066.7000000000007,48.413095238095245,1.8396377617789657,1.634626378819281,0.0,0.42857142857142855,0.0775176699159086,0.06887901015176846,0.0,0.0,0.0,0,1,0.0,0.12671242806914998
298,731,F,20,20,2,MONTHLY,0,0.0,0,0,0,0,344577.5,344597.2,58,74334.23620689656,12358.105425323205,0,0,12,34,0,0,12,12,0,0,0,0,58,689174.7,0,Ostrava - mesto,north Moravia,323870,0,0,0,1,1,100.0,10673,4.75,5.44,100,18782.0,18347,0,0,0.9999428318047854,-19.70000000001164,-0.33965517241399384,4.6355154446052,4.635780463807726,0.0,0.7931034482758621,0.03586246616433101,0.03586451647401007,0.0,0.0,0.0,0,0,0.0,0.16625052002857127
299,740,M,76,70,3,MONTHLY,1,1869.0,0,1,0,0,83371.4,94643.2,74,22670.66891891892,3702.304091176369,0,0,12,38,12,0,12,12,0,12,12,0,74,178014.6,0,Hradec Kralove,east Bohemia,161854,73,21,6,1,6,76.3,9425,1.72,2.5,125,4085.0,3891,0,0,0.880902167297809,-11271.800000000003,-152.32162162162166,3.6775006638831753,4.1746981678612585,0.0,0.6756756756756757,0.039118543024500116,0.04440736381032787,0.0,0.0,0.16216216216216217,0,0,0.0,0.16330810989378244
300,743,M,58,50,1,WEEKLY,2,8267.0,0,1,0,0,435249.7,411269.0,85,49187.68,24452.530807069168,0,18,0,31,24,0,12,12,0,12,0,0,85,846518.7,0,Hl.m. Praha,Prague,1204953,0,0,0,1,1,100.0,12541,0.29,0.43,167,85677.0,99107,0,0,1.0583090386097664,23980.70000000001,282.1258823529413,8.8487544035417,8.361219720059982,0.0,0.36470588235294116,0.05945629455920375,0.05618046562023861,0.0,0.0,0.1411764705882353,0,1,0.0,0.4971271425501095
301,748,M,63,60,3,MONTHLY,2,2072.0,0,1,0,0,38343.4,43279.2,77,21323.61038961039,1891.9662410463534,0,0,12,29,24,0,12,12,0,12,0,0,77,81622.6,0,Hl.m. Praha,Prague,1204953,0,0,0,1,1,100.0,12541,0.29,0.43,167,85677.0,99107,0,0,0.8859544538716059,-4935.799999999996,-64.10129870129865,1.7981664126953967,2.029637533664897,0.0,0.5324675324675324,0.043715369994046877,0.04934268325308536,0.0,0.0,0.15584415584415584,0,0,0.0,0.08872635573796574
302,750,F,43,40,3,MONTHLY,0,0.0,0,0,0,0,771922.5,728975.2,82,72858.20243902439,28038.216971862326,0,29,0,41,0,0,12,12,0,0,0,0,82,1500897.7,0,Karvina,north Moravia,285387,0,2,8,5,7,89.9,10177,6.63,7.75,81,9878.0,10108,0,0,1.058914624256079,42947.30000000005,523.7475609756103,10.594860621850067,10.005396449494963,0.0,0.5,0.038462511443273145,0.036322580274395846,0.0,0.0,0.0,0,1,0.0,0.3848326754331845
303,751,M,40,40,1,MONTHLY,2,14064.2,0,1,1,0,40500.3,76874.0,35,15662.84857142857,12469.206148687006,0,3,0,16,4,0,10,12,0,4,0,0,35,117374.3,0,Karvina,north Moravia,285387,0,2,8,5,7,89.9,10177,6.63,7.75,81,9878.0,10108,0,0,0.5268400239352707,-36373.7,-1039.2485714285713,2.58575570179991,4.908047195210067,0.0,0.45714285714285713,0.1622031655525536,0.30787935271311584,0.0,0.0,0.11428571428571428,0,0,0.0,0.7961007917444048
304,752,M,55,50,3,MONTHLY,1,3639.0,0,1,0,0,102187.2,107143.2,75,37134.13333333333,5197.715313932138,0,20,0,31,12,0,12,12,0,12,0,0,75,209330.4,0,Olomouc,north Moravia,226122,32,50,7,4,4,62.6,8994,3.8,4.79,110,9672.0,9208,0,0,0.9537441480187263,-4956.0,-66.08,2.7518401757951354,2.885302291512571,0.0,0.41333333333333333,0.04851185435876601,0.05086464169614333,0.0,0.0,0.16,0,0,0.0,0.13997136454687165
305,754,F,52,50,3,MONTHLY,2,8782.0,0,1,1,0,293277.0,278711.2,75,53008.706666666665,9708.01903606934,0,12,0,39,12,0,12,12,0,12,0,0,75,571988.2,0,Vyskov,south Moravia,86513,38,36,5,1,5,50.5,8288,3.79,4.52,110,1562.0,1460,0,0,1.0522612654245684,14565.799999999988,194.2106666666665,5.5326194212623685,5.257838146337218,0.0,0.52,0.03483182246020016,0.03310187650606539,0.0,0.0,0.16,0,1,0.0,0.1831400848376859
306,755,M,52,50,2,MONTHLY,1,3028.0,0,1,0,0,74498.1,74951.2,67,33635.985074626864,3360.165549684867,0,18,0,25,12,0,12,12,0,12,0,0,67,149449.3,0,Olomouc,north Moravia,226122,32,50,7,4,4,62.6,8994,3.8,4.79,110,9672.0,9208,0,0,0.9939547332130775,-453.09999999999127,-6.762686567164049,2.2148333053042433,2.2283039974512016,0.0,0.373134328358209,0.04483137761216455,0.045104043588828,0.0,0.0,0.1791044776119403,0,0,0.0,0.09989793794443057
307,756,M,79,70,2,MONTHLY,2,2707.0,0,1,0,0,57309.700000000004,64159.2,76,12868.622368421053,1939.9338811824612,0,0,12,28,24,0,12,12,0,12,12,0,76,121468.9,0,Tachov,west Bohemia,51313,34,12,3,1,4,59.2,8930,3.52,4.2,108,1328.0,1452,0,0,0.8932421227197348,-6849.499999999993,-90.1249999999999,4.453444848971177,4.985708505787179,0.0,0.5263157894736842,0.03023625421112578,0.033850009355876245,0.0,0.0,0.15789473684210525,0,0,0.0,0.15074914980355322
308,757,F,29,20,3,MONTHLY,1,2361.0,0,1,0,0,43307.5,38727.2,56,15659.24107142857,2519.5774380765306,0,0,12,20,12,0,12,12,0,12,0,0,56,82034.7,0,Novy Jicin,north Moravia,161227,5,35,11,4,10,69.7,8678,5.93,5.57,102,4980.0,4595,0,0,1.1182708793819331,4580.300000000003,81.79107142857148,2.7656193427545923,2.4731211316914075,0.0,0.5714285714285714,0.06505963348955078,0.05817877822724772,0.0,0.0,0.21428571428571427,0,1,0.0,0.16090035440310602
309,760,F,63,60,1,MONTHLY,1,3177.0,0,1,0,0,61201.9,44377.4,45,18872.98,5145.35561994769,0,0,12,13,8,0,9,12,0,8,12,0,45,105579.3,0,Hodonin,south Moravia,161954,21,37,20,3,8,48.0,8720,3.73,4.5,116,3729.0,3651,0,0,1.3791231572827611,16824.5,373.8777777777778,3.2428318156433167,2.3513721733398754,0.0,0.5555555555555556,0.1159454050924049,0.08407182816134286,0.0,0.0,0.17777777777777778,0,1,0.0,0.2726307991609004
310,762,M,62,60,2,MONTHLY,4,8097.0,1,1,0,0,94089.7,128826.9,68,18835.379411764705,19886.1396126823,0,3,0,25,30,9,12,10,5,7,0,0,68,222916.6,0,Tabor,south Bohemia,103347,87,16,7,1,7,67.0,9104,1.51,2.07,123,2299.0,2354,0,0,0.7303575573114001,-34737.2,-510.8411764705882,4.995370570620464,6.839623305890713,0.0,0.36764705882352944,0.15436325497766615,0.21135299201381552,0.1323529411764706,0.0,0.10294117647058823,0,0,0.07352941176470588,1.0557865163183962
311,765,M,30,30,1,MONTHLY,3,8028.0,1,1,0,0,226860.4,230531.2,91,36233.87362637363,7432.717496340606,0,12,0,31,36,12,12,12,0,12,0,0,91,457391.6,0,Znojmo,south Moravia,114200,101,41,4,1,4,43.7,8403,5.74,5.72,105,2157.0,2718,0,0,0.9840767757249343,-3670.8000000000175,-40.33846153846173,6.2610032352399285,6.362311752177741,0.0,0.34065934065934067,0.03224169872165072,0.032763397650452025,0.13186813186813187,0.0,0.13186813186813187,0,0,0.0,0.20513173868693238
312,768,F,68,60,3,MONTHLY,1,2891.0,0,1,0,0,53331.8,48357.2,58,26961.83103448276,2828.12956893228,0,0,12,22,12,0,12,12,0,12,12,0,58,101689.0,0,Ceska Lipa,north Bohemia,105058,32,19,7,2,10,81.0,9272,2.8,3.22,118,4340.0,4505,0,0,1.102871961155733,4974.600000000006,85.76896551724148,1.9780481500604112,1.7935428768971102,0.0,0.5862068965517241,0.0584841464959154,0.053028953999907744,0.0,0.0,0.20689655172413793,0,1,0.0,0.10489382435915616
313,778,M,59,50,3,MONTHLY,1,9240.0,0,1,0,0,234513.4,219155.2,71,58595.512676056336,9995.063016037033,12,13,0,22,12,0,12,12,0,12,0,0,71,453668.6,0,Rakovnik,central Bohemia,53921,61,22,1,1,2,41.3,8598,2.77,3.26,123,1597.0,1875,0,0,1.0700791037584323,15358.199999999983,216.31267605633778,4.002241627213006,3.7401362321308365,0.0,0.30985915492957744,0.04560723640614976,0.0426204345510194,0.0,0.0,0.16901408450704225,0,1,0.0,0.17057727732999728
314,779,F,55,50,2,WEEKLY,1,3430.1,0,0,1,0,389969.9,383060.0,61,57183.79344262295,27680.667212917568,0,14,0,35,0,0,12,12,0,0,0,0,61,773029.9,0,Jesenik,north Moravia,42821,4,13,5,1,3,48.4,8173,0.0,7.01,124,0.0,1358,0,0,1.0180386884561166,6909.900000000023,113.27704918032825,6.819587797918441,6.698751113536296,0.0,0.5737704918032787,0.07226196212843305,0.07098154809619298,0.0,0.0,0.0,0,1,0.0,0.4840648992741586
315,780,M,75,70,1,MONTHLY,1,1697.0,0,1,0,0,84242.9,88229.2,75,24603.652,2684.5208547442426,0,0,12,39,12,0,12,12,0,12,12,0,75,172472.1,0,Beroun,central Bohemia,75232,55,26,4,1,5,41.7,8980,1.95,2.21,111,2824.0,2813,0,0,0.9548188128193387,-3986.300000000003,-53.15066666666671,3.4239998192138303,3.5860204818374117,0.0,0.68,0.030426671155855914,0.031866434497675684,0.0,0.0,0.16,0,0,0.0,0.1091106659590309
316,781,M,54,50,3,MONTHLY,2,6714.0,0,1,0,0,264137.4,246703.2,79,52065.13544303798,8919.30659930005,0,12,0,31,24,0,12,12,0,12,0,0,79,510840.6,0,Olomouc,north Moravia,226122,32,50,7,4,4,62.6,8994,3.8,4.79,110,9672.0,9208,0,0,1.0706687225783857,17434.20000000001,220.68607594936722,5.073210657234924,4.73835701954346,0.0,0.3924050632911392,0.036153996378239316,0.033767677728712586,0.0,0.0,0.1518987341772152,0,1,0.0,0.17131054252337907
317,782,F,36,30,3,MONTHLY,1,7591.0,0,1,0,0,190880.6,185127.2,68,54897.49117647059,6798.099927113861,0,14,0,30,12,0,12,12,0,12,0,0,68,376007.8,0,Tabor,south Bohemia,103347,87,16,7,1,7,67.0,9104,1.51,2.07,123,2299.0,2354,0,0,1.0310780911719077,5753.399999999994,84.60882352941168,3.4770368537681486,3.3722342502847686,0.0,0.4411764705882353,0.03672123776038238,0.03561440988300467,0.0,0.0,0.17647058823529413,0,1,0.0,0.1238326156884118
318,785,M,65,60,2,MONTHLY,1,2885.0,0,1,0,0,74590.2,70515.2,63,28702.238095238095,3074.308377213119,0,0,12,27,12,0,12,12,0,12,12,0,63,145105.4,0,Vyskov,south Moravia,86513,38,36,5,1,5,50.5,8288,3.79,4.52,110,1562.0,1460,0,0,1.0577889589762208,4075.0,64.68253968253968,2.598759014976433,2.456784023810985,0.0,0.6190476190476191,0.04359781121252041,0.04121598249117336,0.0,0.0,0.19047619047619047,0,1,0.0,0.10711040606004758
319,786,M,21,20,3,MONTHLY,4,4469.0,1,1,0,0,309838.7,286203.2,108,52944.57685185185,13206.65539003503,0,12,0,36,48,12,12,12,0,12,0,0,108,596041.9,0,Blansko,south Moravia,107911,88,33,6,2,7,50.9,8240,2.53,3.56,99,1850.0,1903,0,1,1.0825829340831967,23635.5,218.84722222222223,5.852132898653297,5.405713238597532,0.0,0.3333333333333333,0.04614433168474367,0.04262429254329762,0.1111111111111111,0.0,0.1111111111111111,1,1,0.0,0.24944302467445442
320,788,M,25,20,3,MONTHLY,2,2928.0,0,1,0,0,76821.9,72291.2,85,36011.90588235294,5425.472895547642,0,20,0,29,24,0,12,12,0,12,0,0,85,149113.1,0,Pardubice,east Bohemia,162580,83,26,5,1,6,72.8,9538,1.51,1.81,111,6079.0,5410,0,0,1.062672911779027,4530.699999999997,53.30235294117644,2.133236165033002,2.0074249953936802,0.0,0.3411764705882353,0.07505025363457297,0.07062403944119636,0.0,0.0,0.1411764705882353,0,1,0.0,0.1506577550566772
321,793,M,21,20,2,MONTHLY,1,3330.0,0,1,0,0,67892.8,77215.2,64,24681.0234375,5775.727235973198,0,14,0,26,12,0,12,12,0,12,0,0,64,145108.0,0,Tabor,south Bohemia,103347,87,16,7,1,7,67.0,9104,1.51,2.07,123,2299.0,2354,0,0,0.8792672945223221,-9322.399999999994,-145.6624999999999,2.7508097535714278,3.1285250466024155,0.0,0.40625,0.07480039209861786,0.08507127760194302,0.0,0.0,0.1875,0,0,0.0,0.2340149001762074
322,797,M,51,50,1,MONTHLY,1,4149.0,0,1,0,0,124548.4,121263.2,73,40623.135616438354,6803.574629649758,0,15,0,34,12,0,12,12,0,12,0,0,73,245811.6,0,Mlada Boleslav,central Bohemia,112065,95,19,7,1,8,69.4,11277,1.25,1.44,127,5179.0,4987,0,1,1.0270914836487903,3285.199999999997,45.00273972602736,3.0659474732817245,2.985077300407363,0.0,0.4657534246575342,0.05610584769039378,0.054625949668159195,0.0,0.0,0.1643835616438356,0,1,0.0,0.16748029236070733
323,809,M,80,80,1,MONTHLY,1,2058.0,0,1,0,0,57295.5,47991.2,57,24911.433333333334,3348.7753569846427,0,0,12,21,12,0,12,12,0,12,12,0,57,105286.7,0,Semily,east Bohemia,75685,31,28,5,1,9,60.8,8208,1.89,2.26,155,1660.0,2123,0,0,1.1938751271066363,9304.300000000003,163.23333333333338,2.2999680200389916,1.9264728511540214,0.0,0.5789473684210527,0.06977894607729423,0.05844744102040549,0.0,0.0,0.21052631578947367,0,1,0.0,0.13442724520004773
324,810,F,54,50,1,MONTHLY,2,8062.0,0,1,0,1,149959.3,149851.2,83,29828.14819277108,7283.179521977778,0,19,0,40,12,0,12,12,0,12,0,0,83,299810.5,0,Jihlava,south Moravia,109164,98,16,6,1,4,63.6,8757,3.38,3.95,96,2212.0,2471,1,0,1.0007213822778862,108.09999999997672,1.3024096385539363,5.0274425026607235,5.023818409093086,0.0,0.4819277108433735,0.0486027440686346,0.04856770818467263,0.0,0.0,0.14457831325301204,0,1,0.0,0.24417136038444628
325,812,M,59,50,1,MONTHLY,1,3017.0,0,1,0,0,72518.9,81147.6,64,27440.653125,4956.386848026663,0,16,0,25,11,0,11,12,0,11,0,0,64,153666.5,0,Most,north Bohemia,119895,17,4,3,2,4,89.9,10446,7.34,9.4,90,4947.0,4743,0,0,0.893666602585905,-8628.700000000012,-134.82343750000018,2.6427541527403053,2.9572036653190996,0.0,0.390625,0.06107866219120051,0.06834613939299497,0.0,0.0,0.171875,0,0,0.0,0.18062204370460525
326,814,M,40,40,3,MONTHLY,3,5088.0,1,1,0,0,100107.8,102131.2,86,19571.103488372093,3989.7064465932426,0,12,0,26,36,12,12,12,0,12,0,0,86,202239.0,0,Pelhrimov,south Bohemia,74062,99,15,4,2,7,61.4,8114,2.38,2.62,119,1003.0,1181,0,0,0.9801882284747463,-2023.3999999999942,-23.52790697674412,5.115082042230153,5.218469160958649,0.0,0.3023255813953488,0.03906452138615078,0.03985410174425212,0.13953488372093023,0.0,0.13953488372093023,0,0,0.0,0.20385700014123745
327,822,F,40,40,1,WEEKLY,1,3847.2,0,0,1,0,217086.4,228045.0,49,44373.09387755102,18623.870893352254,0,12,0,25,0,0,9,12,0,0,0,0,49,445131.4,0,Litomerice,north Bohemia,114006,71,26,6,2,9,62.3,9065,4.46,5.39,123,4147.0,4166,0,0,0.9519454493630642,-10958.600000000006,-223.6448979591838,4.892298035360277,5.139263009906352,0.0,0.5102040816326531,0.08166752567849439,0.08579013191684165,0.0,0.0,0.0,0,0,0.0,0.41971089383006344
328,823,M,43,40,3,MONTHLY,3,6070.0,1,1,0,0,138624.5,138335.2,92,22707.653260869567,5105.061088837085,0,14,0,30,36,12,12,12,0,12,0,0,92,276959.7,0,Usti nad Labem,north Bohemia,118650,8,8,5,1,3,85.6,9832,3.32,4.48,114,6445.0,5471,0,0,1.0020912970812923,289.29999999998836,3.144565217391178,6.104747963493058,6.092007765433996,0.0,0.32608695652173914,0.03690355808815894,0.03682654284658978,0.13043478260869565,0.0,0.13043478260869565,0,1,0.0,0.22481676244520882
329,825,M,22,20,3,MONTHLY,1,2509.0,0,1,0,0,55842.2,52473.2,75,29972.254666666668,3009.2717949289586,0,8,12,31,12,0,12,12,0,12,0,0,75,108315.4,0,Ostrava - mesto,north Moravia,323870,0,0,0,1,1,100.0,10673,4.75,5.44,100,18782.0,18347,0,0,1.064204203288536,3369.0,44.92,1.8631297718854738,1.7507258157110723,0.0,0.5733333333333334,0.05734873792581658,0.05388884741161628,0.0,0.0,0.16,0,1,0.0,0.10040191598517575
330,831,M,51,50,2,MONTHLY,1,6329.0,0,1,0,0,235018.9,237123.2,72,41102.07916666667,8742.523263956893,0,13,0,35,12,0,12,12,0,12,0,0,72,472142.1,0,Benesov,central Bohemia,88884,80,26,6,2,5,46.7,8507,1.67,1.85,132,2159.0,2674,0,0,0.9911257101793497,-2104.3000000000175,-29.226388888889133,5.717932152459035,5.769129075891233,0.0,0.4861111111111111,0.036869118095390466,0.03719923488688311,0.0,0.0,0.16666666666666666,0,0,0.0,0.21270270120658477
331,835,F,56,50,3,MONTHLY,1,6372.0,0,1,0,0,290202.7,279179.2,71,61913.960563380286,11830.979110447748,0,12,0,35,12,0,12,12,0,12,0,0,71,569381.9,0,Plzen - sever,west Bohemia,72541,66,26,10,0,8,36.9,8594,1.62,2.01,112,1580.0,1525,0,0,1.039485391461828,11023.5,155.2605633802817,4.6871932817627515,4.509147815123359,0.0,0.49295774647887325,0.04237772409422961,0.04076798427598278,0.0,0.0,0.16901408450704225,0,1,0.0,0.19108742200939596
332,839,F,44,40,3,MONTHLY,0,0.0,0,0,0,0,518444.7,522702.2,67,65863.06417910448,23512.029183414343,0,19,0,36,0,0,12,12,0,0,0,0,67,1041146.9,0,Hl.m. Praha,Prague,1204953,0,0,0,1,1,100.0,12541,0.29,0.43,167,85677.0,99107,0,0,0.9918548267062967,-4257.5,-63.54477611940298,7.871554511799958,7.936196205184013,0.0,0.5373134328358209,0.044981691646628505,0.04535108408556272,0.0,0.0,0.0,0,0,0.0,0.35698353054873055
333,840,M,62,60,2,MONTHLY,2,2762.0,0,1,0,0,61760.0,56619.2,77,15929.25844155844,2334.8972520699604,0,17,0,24,24,0,12,12,0,12,0,0,77,118379.2,0,Strakonice,south Bohemia,70646,94,14,3,1,4,58.4,8547,2.65,3.64,120,1563.0,1542,0,0,1.090796055048464,5140.800000000003,66.76363636363641,3.8771421925625877,3.554415304875966,0.0,0.3116883116883117,0.04123861255669385,0.0378059788223763,0.0,0.0,0.15584415584415584,0,1,0.0,0.1465791556233628
334,841,M,18,10,3,MONTHLY,0,0.0,0,0,0,0,88734.8,63825.2,58,29176.93448275862,12776.265313484397,0,19,0,27,0,0,12,12,0,0,0,0,58,152560.0,0,Jesenik,north Moravia,42821,4,13,5,1,3,48.4,8173,0.0,7.01,124,0.0,1358,0,0,1.3902784480111305,24909.600000000006,429.4758620689656,3.041265354742309,2.1875224773087765,0.0,0.46551724137931033,0.20017587588420244,0.1439825785766621,0.0,0.0,0.0,0,1,0.0,0.4378892279116646
335,842,F,66,60,3,MONTHLY,1,2813.0,0,1,0,0,51287.6,47451.2,57,13830.170175438596,2116.8526243462857,0,0,12,21,12,0,12,12,0,12,12,0,57,98738.8,0,Pribram,central Bohemia,107870,84,29,6,1,6,58.0,8754,3.83,4.31,137,3804.0,3868,0,0,1.0808493778871768,3836.4000000000015,67.30526315789476,3.708385316261918,3.4309917664115206,0.0,0.5789473684210527,0.04461115049453514,0.04127416031060696,0.0,0.0,0.21052631578947367,0,1,0.0,0.15306049003689529
336,844,M,54,50,3,MONTHLY,2,3338.0,0,1,0,0,228514.9,218531.2,84,26333.983333333334,7508.010414230978,0,12,0,36,24,0,12,12,0,12,0,0,84,447046.1,0,Brno - venkov,south Moravia,157042,49,70,18,0,9,33.9,8743,1.88,2.43,111,3659.0,3894,0,0,1.0456854673383023,9983.699999999983,118.85357142857121,8.677566819553189,8.29844832943997,0.0,0.42857142857142855,0.0343566978730313,0.03285567118043934,0.0,0.0,0.14285714285714285,0,1,0.0,0.28510728206953034
337,850,M,30,30,2,MONTHLY,0,0.0,0,0,0,0,212822.80000000002,208075.19999999998,55,41370.75090909091,21313.06329088886,0,11,0,32,0,0,12,12,0,0,0,0,55,420898.0,0,Prachatice,south Bohemia,51428,50,11,3,1,4,52.7,8402,3.13,3.98,120,999.0,1099,0,0,1.0228167508669943,4747.600000000035,86.32000000000063,5.14428177694096,5.029524372357405,0.0,0.5818181818181818,0.10242961819038915,0.10014464282440066,0.0,0.0,0.0,0,1,0.0,0.5151722611398256
338,851,M,80,80,2,MONTHLY,1,3200.0,0,1,0,0,58661.7,63665.2,64,20182.6921875,3074.798170705342,0,0,12,28,12,0,12,12,0,12,12,0,64,122326.9,0,Klatovy,west Bohemia,88757,60,33,3,2,10,61.7,8554,2.47,2.68,113,1822.0,2218,0,0,0.921409184295345,-5003.5,-78.1796875,2.906534938700184,3.1544453737163254,0.0,0.625,0.04829637181231414,0.052415769926635984,0.0,0.0,0.1875,0,0,0.0,0.15234826663063786
339,853,M,50,50,2,MONTHLY,1,3243.0,0,1,0,0,141025.1,124111.2,72,30097.740277777775,7587.901519917117,0,13,0,35,12,0,12,12,0,12,0,0,72,265136.3,0,Karvina,north Moravia,285387,0,2,8,5,7,89.9,10177,6.63,7.75,81,9878.0,10108,0,0,1.136280206782305,16913.90000000001,234.9152777777779,4.6855710328567035,4.123605255894765,0.0,0.4861111111111111,0.06113792727745052,0.053805326285300395,0.0,0.0,0.16666666666666666,0,1,0.0,0.2521086782558069
340,858,F,40,40,2,MONTHLY,0,0.0,0,0,0,0,257230.9,235815.19999999998,60,37855.49166666667,11991.896747645911,0,12,0,36,0,0,12,12,0,0,0,0,60,493046.1,0,Pardubice,east Bohemia,162580,83,26,5,1,6,72.8,9538,1.51,1.81,111,6079.0,5410,0,0,1.0908156047616948,21415.70000000001,356.9283333333335,6.795074866944668,6.229352456347702,0.0,0.6,0.050852942251584765,0.04661919212523034,0.0,0.0,0.0,0,1,0.0,0.31678090072741744
341,859,F,31,30,3,MONTHLY,1,6561.0,0,1,0,0,267270.8,268927.2,72,44207.70277777778,9149.779184482046,3,12,0,33,12,0,12,12,0,12,0,0,72,536198.0,0,Prerov,north Moravia,138032,67,30,4,2,5,64.6,8819,5.38,5.66,99,4063.0,4505,0,0,0.9938407122819856,-1656.4000000000233,-23.00555555555588,6.045797071689304,6.083265655124331,0.0,0.4583333333333333,0.03402325679396523,0.03423411455528268,0.0,0.0,0.16666666666666666,0,0,0.0,0.2069725095302042
342,862,M,47,40,3,MONTHLY,1,1991.0,0,1,0,0,51059.8,45707.2,75,25842.524,3697.5239681199664,0,6,12,33,12,0,12,12,0,12,0,0,75,96767.0,0,Sokolov,west Bohemia,94812,15,13,8,2,10,81.8,9650,3.38,3.67,100,2985.0,2804,0,0,1.1171062764728534,5352.600000000006,71.36800000000008,1.975805459250033,1.76868172783742,0.0,0.6,0.08089587566335209,0.07241555917022718,0.0,0.0,0.16,0,1,0.0,0.14307905714317867
343,863,F,31,30,1,MONTHLY,1,3916.0,0,1,0,0,84468.4,90407.2,69,24339.24347826087,3473.625357202397,0,15,0,30,12,0,12,12,0,12,0,0,69,174875.6,0,Brno - mesto,south Moravia,387570,0,0,0,1,1,100.0,9897,1.6,1.96,140,18721.0,18696,0,0,0.9343105416382765,-5938.800000000003,-86.06956521739134,3.4704611947139936,3.7144622050701446,0.0,0.43478260869565216,0.038421999101867964,0.041123371073708004,0.0,0.0,0.17391304347826086,0,0,0.0,0.14271706350712757
344,864,M,46,40,3,MONTHLY,1,2194.0,0,1,0,0,40695.4,40633.2,61,23562.804918032787,1978.3842979753485,0,0,12,25,12,0,12,12,0,0,0,0,61,81328.6,0,Sumperk,north Moravia,127369,31,32,13,2,7,51.2,8369,4.73,5.88,107,3736.0,2807,0,0,1.0015307679434553,62.200000000004366,1.0196721311476125,1.727103379311837,1.7244636256740007,0.0,0.6065573770491803,0.04868886275201925,0.04861444531753831,0.0,0.0,0.0,0,1,0.0,0.08396217279129092
345,871,M,25,20,2,MONTHLY,1,3198.0,0,1,0,0,80483.9,75151.2,65,24312.6,3897.968248050836,0,16,0,25,12,0,12,12,0,12,0,0,65,155635.1,0,Sumperk,north Moravia,127369,31,32,13,2,7,51.2,8369,4.73,5.88,107,3736.0,2807,0,0,1.0709596120886957,5332.699999999997,82.04153846153842,3.3103781578276283,3.0910392142345944,0.0,0.38461538461538464,0.05186834339372939,0.04843165214472504,0.0,0.0,0.18461538461538463,0,1,0.0,0.1603270834074034
346,873,M,55,50,1,MONTHLY,3,7125.0,0,1,1,0,106555.1,94227.40000000001,65,25917.326153846152,4024.939375369403,0,13,0,24,16,0,9,12,0,8,0,0,65,200782.5,0,Prostejov,south Moravia,110643,49,41,4,1,4,51.9,8441,3.45,4.48,115,1879.0,2252,0,0,1.130829249241728,12327.699999999997,189.65692307692302,4.111346184690706,3.635691407387586,0.0,0.36923076923076925,0.042715169636108,0.03777331517092474,0.0,0.0,0.12307692307692308,0,1,0.0,0.15529917521110095
347,876,M,39,30,3,MONTHLY,0,0.0,0,0,0,0,552512.5,544141.2,87,61028.471264367814,28997.293735077263,2,24,0,49,0,0,12,12,0,0,0,0,87,1096653.7,0,Kladno,central Bohemia,149893,63,29,6,2,6,67.4,9753,4.64,5.05,109,5244.0,5892,0,0,1.0153844259541458,8371.300000000047,96.2218390804603,9.053356385195755,8.916185982159824,0.0,0.5632183908045977,0.05329001688362738,0.052482602176561186,0.0,0.0,0.0,0,1,0.0,0.47514370152685886
348,877,F,72,70,1,MONTHLY,1,2706.0,0,1,0,0,49472.4,50857.2,57,14571.01052631579,2236.1305269278564,0,0,12,21,12,0,12,12,0,12,12,0,57,100329.6,0,Kolin,central Bohemia,95616,65,30,4,1,6,51.4,9307,3.85,4.43,118,2616.0,3040,0,0,0.9727708171114415,-1384.7999999999956,-24.294736842105188,3.39526211381503,3.490300134513663,0.0,0.5789473684210527,0.04396880927239125,0.04519955625617226,0.0,0.0,0.21052631578947367,0,0,0.0,0.1534643409178328
349,880,M,39,30,1,WEEKLY,0,0.0,0,0,0,0,445213.0,464173.0,74,49991.1527027027,21242.99695021012,0,16,0,46,0,0,12,12,0,0,0,0,74,909386.0,0,Semily,east Bohemia,75685,31,28,5,1,9,60.8,8208,1.89,2.26,155,1660.0,2123,0,0,0.9591531605672885,-18960.0,-256.2162162162162,8.905835851549194,9.285102961326698,0.0,0.6216216216216216,0.04576525767377706,0.047714233300038676,0.0,0.0,0.0,0,0,0.0,0.4249351295526668
350,885,M,76,70,3,MONTHLY,1,2817.0,0,1,0,0,55097.1,47179.2,55,22074.69090909091,3138.9296819535743,0,0,12,19,12,0,12,12,0,12,12,0,55,102276.3,0,Chomutov,north Bohemia,125236,28,11,1,4,5,87.7,9675,6.43,7.68,100,5323.0,5190,0,0,1.1678260758978534,7917.9000000000015,143.96181818181822,2.495939817545062,2.1372530285608855,0.0,0.5636363636363636,0.06653206671485686,0.056970869282658695,0.0,0.0,0.21818181818181817,0,1,0.0,0.1421958610827427
351,886,M,51,50,3,MONTHLY,3,4723.0,1,1,0,0,306939.8,271751.2,98,71332.4693877551,14965.177172985526,0,12,0,38,36,12,12,12,0,12,0,0,98,578691.0,0,Chomutov,north Bohemia,125236,28,11,1,4,5,87.7,9675,6.43,7.68,100,5323.0,5190,0,1,1.129488296647816,35188.59999999998,359.06734693877524,4.302946507172078,3.809642401734219,0.0,0.3877551020408163,0.055069406033848335,0.048756066085224294,0.12244897959183673,0.0,0.12244897959183673,0,1,0.0,0.20979474426486686
352,888,M,26,20,2,MONTHLY,0,0.0,0,0,0,0,10094.300000000001,7300.0,22,22350.436363636363,1541.7367675837147,0,6,0,5,0,0,0,11,0,0,0,0,22,17394.3,0,Plzen - sever,west Bohemia,72541,66,26,10,0,8,36.9,8594,1.62,2.01,112,1580.0,1525,0,0,1.3827808219178084,2794.300000000001,127.01363636363641,0.45163771461854724,0.3266155470627379,0.0,0.22727272727272727,0.2111968174772212,0.15273340078893183,0.0,0.0,0.0,0,1,0.0,0.06898016407823179
353,889,F,18,10,2,MONTHLY,0,0.0,0,0,0,0,109500.2,95975.2,70,40620.45857142857,13134.5259969034,0,25,0,33,0,0,12,12,0,0,0,0,70,205475.4,0,Brno - mesto,south Moravia,387570,0,0,0,1,1,100.0,9897,1.6,1.96,140,18721.0,18696,0,0,1.1409218214705465,13525.0,193.21428571428572,2.695690887079737,2.362730588854223,0.0,0.4714285714285714,0.13685333291207938,0.11994979001776618,0.0,0.0,0.0,0,1,0.0,0.32334755585802033
354,890,M,80,80,2,MONTHLY,1,2048.0,0,1,0,0,52064.5,55971.2,65,17876.847692307692,3209.7311904147286,0,0,12,29,12,0,12,12,0,12,12,0,65,108035.7,0,Vsetin,north Moravia,148545,8,35,12,3,4,53.5,8909,4.01,5.56,113,3460.0,3590,0,0,0.9302016036818936,-3906.699999999997,-60.10307692307688,2.9123982536587287,3.130932307717993,0.0,0.6307692307692307,0.05734612069090405,0.06164913118179813,0.0,0.0,0.18461538461538463,0,0,0.0,0.17954682199344676
355,891,M,68,60,3,MONTHLY,1,2691.0,0,1,0,0,54538.0,48047.2,60,25658.55,5068.473046311526,0,0,12,24,12,0,12,12,0,12,12,0,60,102585.2,0,Praha - vychod,central Bohemia,92084,55,29,4,3,5,46.7,10124,0.56,0.54,141,3810.0,4316,0,0,1.135092159376613,6490.800000000003,108.18000000000005,2.1255293069951344,1.8725609981857898,0.0,0.6,0.1054894571652776,0.0929347069256578,0.0,0.0,0.2,0,1,0.0,0.19753544320748934
356,892,F,77,70,3,MONTHLY,1,2165.0,0,1,0,0,69721.7,78735.2,66,17219.457575757577,3082.6140308840577,0,0,12,30,12,0,12,12,0,12,12,0,66,148456.9,0,Havlickuv Brod,east Bohemia,95907,87,25,5,2,7,59.1,8388,2.41,2.94,87,1658.0,1668,0,0,0.8855213424237189,-9013.5,-136.5681818181818,4.049006752579578,4.572455296782832,0.0,0.6363636363636364,0.039151663180941404,0.044213122039251165,0.0,0.0,0.18181818181818182,0,0,0.0,0.17901922968955292
357,894,M,65,60,1,MONTHLY,1,3452.0,0,1,0,0,63395.0,64339.2,63,25299.968253968254,2972.2775962174064,0,0,12,27,12,0,12,12,0,12,12,0,63,127734.2,0,Prerov,north Moravia,138032,67,30,4,2,5,64.6,8819,5.38,5.66,99,4063.0,4505,0,0,0.9853246543320402,-944.1999999999971,-14.987301587301541,2.5057343694514955,2.5430545743830533,0.0,0.6190476190476191,0.04619699337600416,0.04688504765702983,0.0,0.0,0.19047619047619047,0,0,0.0,0.11748147532759097
358,895,M,29,20,3,MONTHLY,1,2672.0,0,1,0,0,64314.7,63279.2,67,17534.340298507464,2055.98303834382,0,18,0,25,12,0,12,12,0,12,0,0,67,127593.9,0,Most,north Bohemia,119895,17,4,3,2,4,89.9,10446,7.34,9.4,90,4947.0,4743,0,0,1.0163639869024892,1035.5,15.455223880597014,3.6679281287516994,3.608872585037395,0.0,0.373134328358209,0.03249066104413172,0.03196754456358842,0.0,0.0,0.1791044776119403,0,1,0.0,0.11725465591190944
359,896,F,26,20,3,MONTHLY,1,6492.0,0,1,0,0,148404.5,139699.2,75,37974.348,7336.0017647762315,0,19,0,32,12,0,12,12,0,12,0,0,75,288103.7,0,Praha - vychod,central Bohemia,92084,55,29,4,3,5,46.7,10124,0.56,0.54,141,3810.0,4316,0,0,1.0623146016584204,8705.299999999988,116.07066666666651,3.908019697928718,3.6787781056833424,0.0,0.4266666666666667,0.05251284019361765,0.04943247519297751,0.0,0.0,0.16,0,1,0.0,0.19318308677152882
360,900,M,22,20,3,MONTHLY,1,6615.0,0,1,0,0,222053.4,216095.2,74,44221.477027027024,9075.53562855005,0,14,0,36,12,0,12,12,0,12,0,0,74,438148.6,0,Opava,north Moravia,182027,17,49,12,2,7,56.4,8746,3.33,3.74,90,4355.0,4433,0,1,1.0275721071083486,5958.1999999999825,80.51621621621598,5.021392656429967,4.8866572201540945,0.0,0.4864864864864865,0.04199785848343716,0.04087095999678478,0.0,0.0,0.16216216216216217,0,1,0.0,0.20522913838909804
361,901,M,80,80,3,MONTHLY,1,2363.0,0,1,0,0,53428.799999999996,59281.2,67,24919.549253731344,2732.602955856466,0,0,12,31,12,0,12,12,0,12,12,0,67,112710.0,0,Beroun,central Bohemia,75232,55,26,4,1,5,41.7,8980,1.95,2.21,111,2824.0,2813,0,0,0.9012773020789052,-5852.4000000000015,-87.34925373134331,2.144051622121528,2.3789033820956247,0.0,0.6417910447761194,0.046095607981222815,0.0511447563085165,0.0,0.0,0.1791044776119403,0,0,0.0,0.10965699772628504
362,904,M,67,60,1,MONTHLY,2,3083.0,0,1,0,0,76502.0,73791.2,74,30333.401351351353,2939.9721570060424,0,0,12,26,24,0,12,12,0,12,12,0,74,150293.2,0,Hl.m. Praha,Prague,1204953,0,0,0,1,1,100.0,12541,0.29,0.43,167,85677.0,99107,0,0,1.0367360877719838,2710.800000000003,36.63243243243247,2.522038300745717,2.4326714681706014,0.0,0.5135135135135135,0.03984177187802939,0.03843000388233043,0.0,0.0,0.16216216216216217,0,1,0.0,0.09692194168904393
363,906,M,21,20,1,MONTHLY,0,0.0,0,0,0,0,13400.0,900.0,12,38783.333333333336,3581.983537176862,0,10,0,2,0,0,0,0,0,0,0,0,12,14300.0,28,Znojmo,south Moravia,114200,101,41,4,1,4,43.7,8403,5.74,5.72,105,2157.0,2718,0,0,14.88888888888889,12500.0,1041.6666666666667,0.3455092393639879,0.023205844434894714,0.0,0.16666666666666666,3.9799817079742907,0.26731220426693,0.0,0.0,0.0,0,1,0.0,0.09235883636897795
364,907,M,51,50,3,MONTHLY,2,3099.0,0,1,0,0,103201.3,96863.2,77,46298.307792207794,4607.506750795124,3,13,0,25,24,0,12,12,0,12,0,0,77,200064.5,0,Svitavy,east Bohemia,102609,75,33,2,3,6,52.0,8187,4.83,5.45,94,2123.0,2134,0,0,1.0654335186118156,6338.100000000006,82.3129870129871,2.229051231487325,2.092154219431374,0.0,0.3246753246753247,0.04756715399444913,0.0446458208452328,0.0,0.0,0.15584415584415584,0,1,0.0,0.09951782193582867
365,909,M,24,20,3,MONTHLY,1,1952.0,0,1,0,0,59013.5,46569.2,75,39705.196,4661.3768449235295,0,9,12,30,12,0,12,12,0,12,0,0,75,105582.7,0,Cheb,west Bohemia,87419,21,11,4,3,9,85.5,8624,1.79,2.66,102,2879.0,3198,0,0,1.2672216830007816,12444.300000000003,165.92400000000004,1.4862916178527363,1.17287420014247,0.0,0.56,0.10009570370381131,0.07898831360491293,0.0,0.0,0.16,0,1,0.0,0.11739966841930535
366,911,M,60,60,2,MONTHLY,0,0.0,0,0,0,0,14475.6,4500.0,24,31061.833333333332,2462.3004190437828,0,7,0,5,0,0,0,12,0,0,0,0,24,18975.6,0,Hradec Kralove,east Bohemia,161854,73,21,6,1,6,76.3,9425,1.72,2.5,125,4085.0,3891,0,0,3.2168,9975.6,415.65000000000003,0.4660252936347393,0.14487232455693214,0.0,0.20833333333333334,0.5471778708986184,0.17010005934426087,0.0,0.0,0.0,0,1,0.0,0.07927093010319576
367,912,M,79,70,1,MONTHLY,1,3895.0,0,1,0,0,72718.2,62951.0,54,20106.175925925927,2715.4367673933016,0,0,12,22,9,0,10,11,0,9,12,0,54,135669.2,0,Sumperk,north Moravia,127369,31,32,13,2,7,51.2,8369,4.73,5.88,107,3736.0,2807,0,0,1.1551555972105287,9767.199999999997,180.87407407407403,3.6167096253362354,3.1309285381725807,0.0,0.6296296296296297,0.0431357209161618,0.037341913955423835,0.0,0.0,0.16666666666666666,0,1,0.0,0.1350548596310589
368,913,M,61,60,1,MONTHLY,1,7417.0,0,1,0,0,153381.69999999998,150359.2,72,25012.641666666666,5213.4225398025355,0,17,0,31,12,0,12,12,0,12,0,0,72,303740.9,0,Hl.m. Praha,Prague,1204953,0,0,0,1,1,100.0,12541,0.29,0.43,167,85677.0,99107,0,0,1.0201018627393599,3022.499999999971,41.97916666666626,6.132167167468983,6.011328271670625,0.0,0.4305555555555556,0.03467311970137202,0.033989860197158696,0.0,0.0,0.16666666666666666,0,1,0.0,0.20843150472787736
369,914,F,78,70,3,MONTHLY,1,2360.0,0,1,0,0,76020.5,72105.2,62,23874.1935483871,3681.660086796688,0,0,12,26,12,0,12,12,0,12,12,0,62,148125.7,0,Hl.m. Praha,Prague,1204953,0,0,0,1,1,100.0,12541,0.29,0.43,167,85677.0,99107,0,0,1.0542998285837915,3915.300000000003,63.15000000000005,3.1842122686123493,3.0202151060667473,0.0,0.6129032258064516,0.05105956417563072,0.048429832568803,0.0,0.0,0.1935483870967742,0,1,0.0,0.15421086703242443
370,917,F,26,20,1,MONTHLY,4,4199.0,1,1,0,0,245867.9,252003.2,110,35539.73909090909,10386.001293105275,0,12,0,38,48,12,12,12,0,12,0,0,110,497871.1,0,Klatovy,west Bohemia,88757,60,33,3,2,10,61.7,8554,2.47,2.68,113,1822.0,2218,0,0,0.9756538805856433,-6135.3000000000175,-55.77545454545471,6.9181121271340995,7.090744232966565,0.0,0.34545454545454546,0.04121376749622733,0.042242201170243354,0.10909090909090909,0.0,0.10909090909090909,1,0,0.0,0.29223628419269876
371,924,M,46,40,3,MONTHLY,3,5165.0,1,1,0,0,315756.7,332355.2,101,66762.65247524752,12439.497476952956,0,12,0,41,36,12,12,12,0,12,0,0,101,648111.9,0,Jicin,east Bohemia,77917,85,19,6,1,5,53.5,8390,2.28,2.89,132,2080.0,2122,0,0,0.9500579500486227,-16598.5,-164.34158415841586,4.729540967789856,4.978160508575087,0.0,0.40594059405940597,0.03742832209922684,0.039395830640974384,0.1188118811881188,0.0,0.1188118811881188,1,0,0.0,0.18632419497659924
372,925,M,40,40,3,MONTHLY,0,0.0,0,0,0,0,172223.5,180275.2,86,40359.429069767444,6851.425696303549,0,13,0,61,0,0,12,12,0,12,0,0,86,352498.7,0,Cesky Krumlov,south Bohemia,58796,22,16,7,1,5,51.9,9045,3.13,3.6,124,1845.0,1879,0,0,0.9553366186807725,-8051.700000000012,-93.6244186046513,4.267243218487688,4.4667430673602135,0.0,0.7093023255813954,0.03800537010250744,0.0397821766269037,0.0,0.0,0.13953488372093023,0,0,0.0,0.16976022342783423
373,926,M,18,10,3,MONTHLY,0,0.0,0,0,0,0,101867.1,103425.2,78,37775.526923076926,14012.810123335088,0,28,0,38,0,0,12,12,0,0,0,0,78,205292.3,0,Hl.m. Praha,Prague,1204953,0,0,0,1,1,100.0,12541,0.29,0.43,167,85677.0,99107,0,0,0.9849350061687094,-1558.0999999999913,-19.975641025640915,2.6966427287019465,2.7378890097445057,0.0,0.48717948717948717,0.13548738724542073,0.1375597236333918,0.0,0.0,0.0,0,0,0.0,0.3709494284982353
374,927,M,25,20,2,MONTHLY,2,3607.0,0,1,0,0,266718.7,246659.2,86,52100.422093023255,11193.013519306962,0,13,0,37,24,0,12,12,0,12,0,0,86,513377.9,0,Hl.m. Praha,Prague,1204953,0,0,0,1,1,100.0,12541,0.29,0.43,167,85677.0,99107,0,0,1.0813247590197326,20059.5,233.25,5.119319369885032,4.734303295270808,0.0,0.43023255813953487,0.04537845545313923,0.041965612157328906,0.0,0.0,0.13953488372093023,0,1,0.0,0.21483537118609666
375,933,F,21,20,1,MONTHLY,1,2054.0,0,1,0,0,37800.1,39533.2,66,16765.74696969697,2072.2743486487498,0,0,12,30,12,0,12,12,0,0,0,0,66,77333.3,0,Decin,north Bohemia,133777,24,17,7,3,11,84.7,8705,5.75,7.61,116,4650.0,4859,0,0,0.9561608976758775,-1733.0999999999985,-26.259090909090887,2.254602796303755,2.357974271677472,0.0,0.6363636363636364,0.05241858358667525,0.05482192768402067,0.0,0.0,0.0,0,0,0.0,0.12360167145515526
376,938,F,55,50,2,MONTHLY,4,3510.0,1,1,0,0,301982.4,306895.2,109,35310.8,12127.357609385732,0,12,0,37,48,12,12,12,0,12,0,0,109,608877.6,0,Kromeriz,south Moravia,108871,41,29,7,2,6,62.1,8444,3.24,3.47,106,2595.0,2305,0,0,0.9839919294925434,-4912.799999999988,-45.07155963302742,8.55212569525471,8.691255933028987,0.0,0.3394495412844037,0.03951628311353756,0.04015915367712069,0.11009174311926606,0.0,0.11009174311926606,1,0,0.0,0.3434461300617865
377,940,M,39,30,1,MONTHLY,2,5318.0,0,1,0,0,229603.8,230571.2,88,51513.80795454545,9826.257400750197,0,12,0,40,24,0,12,12,0,12,0,0,88,460175.0,0,Blansko,south Moravia,107911,88,33,6,2,7,50.9,8240,2.53,3.56,99,1850.0,1903,0,0,0.9958043328915319,-967.4000000000233,-10.993181818182082,4.457131187090592,4.475910618051193,0.0,0.45454545454545453,0.04261701982186065,0.04279658002502658,0.0,0.0,0.13636363636363635,0,0,0.0,0.19074997153036427
378,941,M,64,60,3,MONTHLY,2,4517.0,0,1,0,0,88886.3,88279.2,71,16435.538028169012,3668.2090515425803,0,12,0,23,24,0,12,12,0,12,0,0,71,177165.5,0,Praha - vychod,central Bohemia,92084,55,29,4,3,5,46.7,10124,0.56,0.54,141,3810.0,4316,0,0,1.0068770446492492,607.1000000000058,8.550704225352195,5.40817707626346,5.371238827028206,0.0,0.323943661971831,0.04155235946341358,0.041268553776482766,0.0,0.0,0.16901408450704225,0,1,0.0,0.22318764650451994
379,944,M,29,20,1,MONTHLY,3,5316.0,0,1,0,1,74943.2,75127.2,80,14363.855,2408.01790033403,0,13,0,19,36,0,12,12,0,12,0,12,80,150070.4,0,Most,north Bohemia,119895,17,4,3,2,4,89.9,10446,7.34,9.4,90,4947.0,4743,0,0,0.9975508204751409,-184.0,-2.3,5.2174851389129175,5.2302950705085784,0.00016012126517148988,0.2375,0.03205254422278522,0.03213123939642329,0.0,0.15,0.15,0,0,0.0,0.16764426404569177
380,946,M,48,40,3,MONTHLY,1,4335.8,0,0,0,1,738142.5,748593.0,103,73465.89223300971,29794.208134055665,4,31,0,45,11,0,12,12,0,0,0,11,103,1486735.5,0,Brno - mesto,south Moravia,387570,0,0,0,1,1,100.0,9897,1.6,1.96,140,18721.0,18696,0,0,0.9860398106848448,-10450.5,-101.46116504854369,10.047417618761834,10.189667303375403,1.4902271580352032e-05,0.4368932038834951,0.03980027616349026,0.04036376192138465,0.0,0.10679611650485436,0.0,1,0,0.0,0.4055515726884281
381,948,M,75,70,1,MONTHLY,1,3054.0,0,1,0,0,58913.5,38618.8,44,20700.327272727274,3733.8825606750565,0,0,12,16,8,0,8,8,0,8,12,0,44,97532.3,0,Semily,east Bohemia,75685,31,28,5,1,9,60.8,8208,1.89,2.26,155,1660.0,2123,0,0,1.525513480481009,20294.699999999997,461.24318181818177,2.8460178056034247,1.8656130162193307,0.0,0.6363636363636364,0.09668561842095187,0.06337906525117429,0.0,0.0,0.18181818181818182,0,1,0.0,0.18037794820734332
382,950,F,34,30,3,MONTHLY,3,2267.0,1,1,0,0,42023.3,36249.2,87,25087.48390804598,2807.510381056152,0,0,12,27,36,0,12,12,0,0,0,0,87,78272.5,0,Pardubice,east Bohemia,162580,83,26,5,1,6,72.8,9538,1.51,1.81,111,6079.0,5410,0,0,1.159289032585547,5774.100000000006,66.36896551724145,1.6750703320440365,1.4449117389717296,0.0,0.4482758620689655,0.07745027148340244,0.06680842249552395,0.0,0.0,0.0,0,1,0.0,0.1119088064529156
383,953,M,62,60,1,MONTHLY,1,2976.0,0,1,0,0,113328.1,90987.2,74,32564.147297297295,9628.598362458604,0,22,0,28,12,0,12,12,0,12,0,0,74,204315.3,0,Klatovy,west Bohemia,88757,60,33,3,2,10,61.7,8554,2.47,2.68,113,1822.0,2218,0,0,1.2455389329488105,22340.90000000001,301.9040540540542,3.4801494712992476,2.794091279876737,0.0,0.3783783783783784,0.10582365829983344,0.084962144097171,0.0,0.0,0.16216216216216217,0,1,0.0,0.2956809608602201
384,957,F,58,50,3,MONTHLY,0,0.0,0,0,0,0,1491.3999999999999,8900.0,7,11866.314285714285,2279.631456638384,0,1,0,3,0,0,0,3,0,0,0,0,7,10391.4,128,Breclav,south Moravia,124605,11,42,14,1,8,46.0,8772,4.69,4.98,126,2854.0,3158,0,0,0.16757303370786517,-7408.6,-1058.3714285714286,0.12568350745567886,0.7500222719294233,0.0,0.42857142857142855,0.2561383659144252,1.5285178065162828,0.0,0.0,0.0,0,0,0.0,0.19210947913142712
385,961,F,68,60,2,MONTHLY,1,1876.0,0,1,0,0,66173.8,52837.2,64,32344.8265625,6010.543700501018,0,0,12,28,12,0,12,12,0,12,12,0,64,119011.0,0,Cesky Krumlov,south Bohemia,58796,22,16,7,1,5,51.9,9045,3.13,3.6,124,1845.0,1879,0,0,1.2524092873960013,13336.600000000006,208.3843750000001,2.045885139378694,1.6335595399747322,0.0,0.625,0.1137559087253113,0.09082965917781687,0.0,0.0,0.1875,0,1,0.0,0.18582704992672716
386,962,M,33,30,1,MONTHLY,0,0.0,0,0,0,0,68280.8,108165.2,43,22148.739534883724,19203.71416663651,0,7,0,24,0,0,12,12,0,0,0,0,43,176446.0,0,Prachatice,south Bohemia,51428,50,11,3,1,4,52.7,8402,3.13,3.98,120,999.0,1099,0,0,0.631264029466039,-39884.399999999994,-927.5441860465115,3.082830058679385,4.883582644946564,0.0,0.5581395348837209,0.17754059685219006,0.2812461799896385,0.0,0.0,0.0,0,0,0.0,0.8670341775608101
387,967,M,20,20,1,WEEKLY,1,12579.0,0,1,0,0,284064.4,263590.0,72,35325.45694444444,12042.512055482028,0,5,12,31,12,0,12,12,0,12,0,0,72,547654.4,0,Sumperk,north Moravia,127369,31,32,13,2,7,51.2,8369,4.73,5.88,107,3736.0,2807,0,0,1.077675177358777,20474.400000000023,284.366666666667,8.041351041735759,7.461757689774321,0.0,0.5972222222222222,0.04568652853098383,0.0423935982667382,0.0,0.0,0.16666666666666666,0,1,0.0,0.3409018055851625
388,968,M,42,40,1,MONTHLY,1,4492.0,0,0,0,1,201490.8,204575.2,94,10698.029787234043,9368.665562691134,0,12,0,51,7,0,12,24,10,12,0,7,94,406066.0,0,Jesenik,north Moravia,42821,4,13,5,1,3,48.4,8173,0.0,7.01,124,0.0,1358,0,0,0.984922903655966,-3084.4000000000233,-32.812765957447056,18.83438390127114,19.122698671499265,3.474104028571032e-05,0.5425531914893617,0.04579570525992952,0.04649674110525709,0.0,0.07446808510638298,0.1276595744680851,0,0,0.10638297872340426,0.8757374721344262
389,970,M,42,40,1,MONTHLY,1,8298.0,0,1,0,0,256361.2,229222.8,53,30278.67358490566,10519.171006971234,0,12,0,23,7,0,8,11,0,7,0,0,53,485584.0,0,Liberec,north Bohemia,159617,29,19,8,1,9,85.2,9198,3.33,4.28,131,5796.0,6132,0,0,1.1183931092369521,27138.400000000023,512.0452830188684,8.466724913861473,7.57043730324669,0.0,0.4339622641509434,0.045890596428327525,0.04103261728752726,0.0,0.0,0.1320754716981132,0,1,0.0,0.34741188306924997
390,971,F,80,80,1,MONTHLY,1,2076.0,0,1,0,0,58583.799999999996,45460.0,55,23699.952727272725,3950.7106358343044,0,0,12,22,9,0,10,12,0,9,12,0,55,104043.8,0,Nachod,east Bohemia,112709,48,20,7,3,10,73.5,8369,1.79,2.31,117,2854.0,2618,0,0,1.2886889573251208,13123.799999999996,238.61454545454538,2.4718952258746354,1.9181472859094313,0.0,0.6181818181818182,0.08690520536371105,0.0674369132052599,0.0,0.0,0.16363636363636364,0,1,0.0,0.1666969837998041
391,976,F,44,40,3,MONTHLY,1,2025.7,0,0,0,1,159721.7,150375.2,65,34889.96461538462,6626.961839132778,0,0,12,41,0,0,12,12,0,0,0,0,65,310096.9,0,Jindrichuv Hradec,south Bohemia,93931,74,21,10,1,8,56.9,8427,1.12,1.54,107,1874.0,1913,0,0,1.0621545308002915,9346.5,143.7923076923077,4.577869360451321,4.30998430802915,0.0,0.8153846153846154,0.044069513052237184,0.04149067934496551,0.0,0.0,0.0,0,1,0.0,0.18993890971762808
392,978,F,31,30,3,MONTHLY,1,1949.0,0,1,0,0,35990.5,37333.2,61,17636.42950819672,1490.5639376137992,0,0,12,25,12,0,12,12,0,0,0,0,61,73323.7,0,Breclav,south Moravia,124605,11,42,14,1,8,46.0,8772,4.69,4.98,126,2854.0,3158,0,0,0.9640346929810464,-1342.699999999997,-22.011475409836017,2.040690831626267,2.116823021499277,0.0,0.6065573770491803,0.03992596235023516,0.04141548290837302,0.0,0.0,0.0,0,0,0.0,0.08451619625849119
393,980,M,38,30,3,MONTHLY,2,6539.7,0,1,0,1,702800.2,737969.6,109,73645.89724770642,25127.3022639587,0,27,0,46,24,0,12,12,0,12,0,12,109,1440769.8,0,Usti nad Orlici,east Bohemia,139012,59,41,8,3,10,61.9,8363,2.52,3.49,108,2564.0,2799,0,0,0.952343023344051,-35169.40000000002,-322.6550458715598,9.542964730759492,10.020512039086913,1.707455404822025e-05,0.42201834862385323,0.03404923761623609,0.03575312338266082,0.0,0.11009174311926606,0.11009174311926606,1,0,0.0,0.34119079545522474
394,981,M,39,30,2,MONTHLY,2,13580.0,0,1,0,1,279334.0,254615.2,80,28187.89625,10941.500797774832,0,12,0,32,24,0,12,12,0,12,0,12,80,533949.2,0,Kolin,central Bohemia,95616,65,30,4,1,6,51.4,9307,3.85,4.43,118,2616.0,3040,0,0,1.097082970694601,24718.79999999999,308.98499999999984,9.909714351243931,9.032784771939125,4.2959324679416036e-05,0.4,0.04297269290197455,0.03916995710430822,0.0,0.15,0.15,0,1,0.0,0.3881630860541723
395,984,M,50,50,1,MONTHLY,0,0.0,0,0,0,0,252068.5,254555.19999999998,58,42190.2724137931,10720.196020428853,2,12,0,32,0,0,12,12,0,0,0,0,58,506623.7,0,Strakonice,south Bohemia,70646,94,14,3,1,4,58.4,8547,2.65,3.64,120,1563.0,1542,0,0,0.990231195434232,-2486.6999999999825,-42.874137931034184,5.974564409723798,6.033504536386431,0.0,0.5517241379310345,0.04211344345127836,0.04252889996341809,0.0,0.0,0.0,0,0,0.0,0.2540916521061415
396,986,M,44,40,1,MONTHLY,2,5577.0,0,1,0,0,150341.9,137299.0,67,40216.928358208956,6066.012674751366,0,13,0,24,18,0,10,12,0,9,0,0,67,287640.9,0,Ostrava - mesto,north Moravia,323870,0,0,0,1,1,100.0,10673,4.75,5.44,100,18782.0,18347,0,0,1.094996321896008,13042.899999999994,194.67014925373127,3.7382740586480585,3.413960379497132,0.0,0.3582089552238806,0.04418104046461639,0.0403481176887572,0.0,0.0,0.13432835820895522,0,1,0.0,0.1508323216711599
397,999,F,33,30,3,MONTHLY,0,0.0,0,0,0,0,218782.6,204515.2,56,56826.84821428572,10566.924315617893,7,12,0,25,0,0,12,12,0,0,0,0,56,423297.8,0,Ostrava - mesto,north Moravia,323870,0,0,0,1,1,100.0,10673,4.75,5.44,100,18782.0,18347,0,0,1.0697620519159456,14267.399999999994,254.7749999999999,3.849986527055009,3.5989185820899863,0.0,0.44642857142857145,0.05166816117148208,0.04829874183604131,0.0,0.0,0.0,0,1,0.0,0.18594950534246715
398,1008,M,43,40,3,MONTHLY,1,9250.0,0,1,0,0,286779.1,273775.2,76,53190.73684210526,14601.258529892482,0,13,0,39,12,0,12,12,0,12,0,0,76,560554.3,0,Nachod,east Bohemia,112709,48,20,7,3,10,73.5,8369,1.79,2.31,117,2854.0,2618,0,0,1.0474984585893827,13003.899999999965,171.1039473684206,5.391523355867266,5.147046577164208,0.0,0.5131578947368421,0.05333302114250115,0.05091465357793676,0.0,0.0,0.15789473684210525,0,1,0.0,0.2745075439213369
399,1009,F,37,30,3,MONTHLY,0,0.0,0,0,0,0,5700.0,12500.0,11,29863.636363636364,3763.581466441966,0,4,0,7,0,0,0,0,0,0,0,0,11,18200.0,25,Pardubice,east Bohemia,162580,83,26,5,1,6,72.8,9538,1.51,1.81,111,6079.0,5410,0,0,0.456,-6800.0,-618.1818181818181,0.1908675799086758,0.4185692541856925,0.0,0.6363636363636364,0.3010865173153573,0.6602774502529765,0.0,0.0,0.0,0,0,0.0,0.1260255589980567
400,1011,M,60,60,1,MONTHLY,1,4254.0,0,1,0,0,321995.9,286523.2,68,59359.17352941176,14160.697237088398,5,12,0,27,12,0,12,12,0,12,0,0,68,608519.1,0,Jindrichuv Hradec,south Bohemia,93931,74,21,10,1,8,56.9,8427,1.12,1.54,107,1874.0,1913,0,0,1.12380393629556,35472.70000000001,521.6573529411767,5.424534757722914,4.826940520963136,0.0,0.39705882352941174,0.049422515304479345,0.04397788057887817,0.0,0.0,0.17647058823529413,0,1,0.0,0.23855954177111213
401,1014,M,68,60,3,MONTHLY,1,2109.0,0,1,0,0,70626.0,55013.2,67,28205.023880597015,6808.901675883223,0,0,12,31,12,0,12,12,0,12,12,0,67,125639.2,0,Hl.m. Praha,Prague,1204953,0,0,0,1,1,100.0,12541,0.29,0.43,167,85677.0,99107,0,0,1.283800978674209,15612.800000000003,233.02686567164184,2.504021989096258,1.9504752143764374,0.0,0.6417910447761194,0.12376850784690263,0.09640786220206755,0.0,0.0,0.1791044776119403,0,1,0.0,0.24140740687573917
402,1015,M,65,60,1,MONTHLY,1,3278.0,0,1,0,0,59813.5,69821.2,63,16240.771428571428,2991.620357869983,0,0,12,27,12,0,12,12,0,12,12,0,63,129634.7,0,Uherske Hradiste,south Moravia,145688,22,41,13,2,5,40.7,8544,1.29,1.86,109,2719.0,2906,0,0,0.8566667430522535,-10007.699999999997,-158.8523809523809,3.6829223453495348,4.299130759094835,0.0,0.6190476190476191,0.042846876849294814,0.05001580509199399,0.0,0.0,0.19047619047619047,0,0,0.0,0.18420432619395175
403,1018,M,54,50,2,MONTHLY,2,14171.0,0,1,0,0,610722.8,585448.2,79,64569.74936708861,21591.72258950812,0,0,12,31,24,0,12,12,0,12,0,0,79,1196171.0,0,Blansko,south Moravia,107911,88,33,6,2,7,50.9,8240,2.53,3.56,99,1850.0,1903,0,0,1.0431713685343982,25274.600000000093,319.9316455696214,9.458342427937117,9.066911452166865,0.0,0.5443037974683544,0.03688067123531701,0.03535437450428921,0.0,0.0,0.1518987341772152,0,1,0.0,0.33439378038709694
404,1025,M,35,30,2,MONTHLY,3,6225.0,0,1,1,0,440593.4,426316.2,92,52567.943478260866,23432.31531598061,0,20,0,36,24,0,12,12,0,12,0,0,92,866909.6,0,Cesky Krumlov,south Bohemia,58796,22,16,7,1,5,51.9,9045,3.13,3.6,124,1845.0,1879,0,0,1.0334896961457247,14277.200000000012,155.18695652173926,8.381408342181096,8.109813163535689,0.0,0.391304347826087,0.054964637318451914,0.053183536830058296,0.0,0.0,0.13043478260869565,0,1,0.0,0.4457529392541463
405,1029,F,45,40,3,MONTHLY,4,6147.0,1,1,0,1,140057.8,131339.2,102,23085.29705882353,4778.515862463265,0,13,0,29,48,12,12,12,0,12,0,12,102,271397.0,0,Uherske Hradiste,south Moravia,145688,22,41,13,2,5,40.7,8544,1.29,1.86,109,2719.0,2906,0,0,1.066382313886486,8718.599999999977,85.47647058823506,6.066969796538438,5.689300842234573,8.567891256324176e-05,0.28431372549019607,0.03638301331562294,0.034118170230171156,0.11764705882352941,0.11764705882352941,0.11764705882352941,1,1,0.0,0.20699390829960526
406,1030,M,52,50,2,MONTHLY,1,6608.0,0,1,0,0,193431.5,188591.2,74,34874.82702702703,8968.392244658686,0,15,0,35,12,0,12,12,0,12,0,0,74,382022.7,0,Hl.m. Praha,Prague,1204953,0,0,0,1,1,100.0,12541,0.29,0.43,167,85677.0,99107,0,0,1.0256655665799888,4840.299999999988,65.4094594594593,5.54645044834476,5.407659795813382,0.0,0.47297297297297297,0.047554669807810146,0.0463646936753253,0.0,0.0,0.16216216216216217,0,1,0.0,0.2571594760228754
407,1032,F,61,60,3,MONTHLY,1,3019.0,0,1,0,0,55094.8,55723.2,54,15691.83888888889,2751.2396850666314,0,0,12,18,12,0,12,12,0,12,12,0,54,110818.0,0,Vsetin,north Moravia,148545,8,35,12,3,4,53.5,8909,4.01,5.56,113,3460.0,3590,0,0,0.9887228299882276,-628.3999999999942,-11.63703703703693,3.5110480288585966,3.5510943232699512,0.0,0.5555555555555556,0.049373325384519044,0.04993646741737208,0.0,0.0,0.2222222222222222,0,0,0.0,0.17532933549392576
408,1037,F,34,30,3,MONTHLY,1,8071.0,0,1,0,0,175306.7,184027.2,72,28170.408333333333,5851.428191397762,0,13,0,35,12,0,12,12,0,12,0,0,72,359333.9,0,Hl.m. Praha,Prague,1204953,0,0,0,1,1,100.0,12541,0.29,0.43,167,85677.0,99107,0,0,0.9526129832981212,-8720.5,-121.11805555555556,6.223079833477743,6.5326422614274025,0.0,0.4861111111111111,0.03179653981258076,0.03337823478165844,0.0,0.0,0.16666666666666666,0,0,0.0,0.207715419746824
409,1038,F,38,30,3,MONTHLY,2,9583.0,0,1,0,0,235513.1,250271.2,86,22391.897674418604,7443.294304049815,0,12,0,38,24,0,12,12,0,12,0,0,86,485784.3,0,Domazlice,west Bohemia,58400,65,16,4,1,6,52.4,8620,1.1,1.25,100,1089.0,1117,0,0,0.9410315689539986,-14758.100000000006,-171.60581395348845,10.517782075659428,11.176864222897901,0.0,0.4418604651162791,0.029740914272396564,0.03160458719302584,0.0,0.0,0.13953488372093023,0,0,0.0,0.3324101606874227
410,1039,F,19,10,3,WEEKLY,1,3122.0,0,1,0,0,579440.1,564524.0,76,67136.28157894737,23286.934619771724,2,0,12,38,12,0,12,12,0,12,0,0,76,1143964.1,0,Zlin,south Moravia,197099,29,41,10,2,10,74.7,9624,1.6,2.31,145,4484.0,4265,0,0,1.0264224373100168,14916.099999999977,196.26447368421023,8.630804184748014,8.408627745284955,0.0,0.6578947368421053,0.04125056617570152,0.0401886832129356,0.0,0.0,0.15789473684210525,0,1,0.0,0.34686065525371684
411,1040,M,39,30,3,MONTHLY,2,10520.3,0,1,1,0,916236.3,878219.2,105,78859.61047619047,29363.906035025917,0,32,0,49,12,0,12,12,0,12,0,0,105,1794455.5,0,Novy Jicin,north Moravia,161227,5,35,11,4,10,69.7,8678,5.93,5.57,102,4980.0,4595,0,1,1.0432888508928069,38017.10000000009,362.0676190476199,11.618575015363954,11.136489195126757,0.0,0.4666666666666667,0.03343573681266126,0.03204839846994265,0.0,0.0,0.11428571428571428,1,1,0.0,0.37235672174530404
412,1044,F,28,20,3,MONTHLY,4,4851.0,1,1,0,0,169219.4,171887.2,111,38185.93693693694,5069.0324809649655,0,13,0,38,48,12,12,12,0,12,0,0,111,341106.6,0,Nymburk,central Bohemia,81344,61,23,4,2,6,55.3,8899,3.39,3.97,149,2987.0,2487,0,0,0.9844793562289686,-2667.8000000000175,-24.034234234234393,4.431458635661117,4.501322051724622,0.0,0.34234234234234234,0.029490459330101165,0.02995538620846644,0.10810810810810811,0.0,0.10810810810810811,1,0,0.0,0.1327460548980725
413,1048,F,25,20,1,MONTHLY,1,4562.0,0,1,0,0,96177.1,104419.2,70,24801.225714285716,4455.102288280184,0,15,0,31,12,0,12,12,0,12,0,0,70,200596.3,0,Karvina,north Moravia,285387,0,2,8,5,7,89.9,10177,6.63,7.75,81,9878.0,10108,0,0,0.9210671983696486,-8242.099999999991,-117.7442857142856,3.8779172089305725,4.210243525982413,0.0,0.44285714285714284,0.042665547028517596,0.046321861319172486,0.0,0.0,0.17142857142857143,0,0,0.0,0.17963234315931442
414,1054,M,75,70,1,MONTHLY,1,3837.0,0,1,0,0,80647.0,73449.2,60,28600.083333333332,4071.4769704707223,0,0,12,24,12,0,12,12,0,12,12,0,60,154096.2,0,Vyskov,south Moravia,86513,38,36,5,1,5,50.5,8288,3.79,4.52,110,1562.0,1460,0,0,1.0979969829487592,7197.800000000003,119.96333333333338,2.8198169585752955,2.5681463632098973,0.0,0.6,0.05543255706625426,0.05048516337211207,0.0,0.0,0.2,0,1,0.0,0.14235891983312599
415,1062,M,24,20,3,MONTHLY,1,3306.0,0,1,0,0,151786.6,153267.2,68,22516.54411764706,5602.852663862395,0,12,0,32,12,0,12,12,0,12,0,0,68,305053.8,0,Nymburk,central Bohemia,81344,61,23,4,2,6,55.3,8899,3.39,3.97,149,2987.0,2487,0,0,0.9903397465341574,-1480.6000000000058,-21.77352941176479,6.741114409339538,6.806870503714589,0.0,0.47058823529411764,0.036556110269270886,0.03691269627135989,0.0,0.0,0.17647058823529413,0,0,0.0,0.24883270872243798
416,1064,F,48,40,3,MONTHLY,3,8406.0,1,1,0,0,217878.3,233727.2,93,30949.450537634406,7547.6679542011325,0,13,0,32,36,12,12,12,0,12,0,0,93,451605.5,0,Hl.m. Praha,Prague,1204953,0,0,0,1,1,100.0,12541,0.29,0.43,167,85677.0,99107,0,0,0.9321906051157074,-15848.900000000023,-170.41827956989272,7.039811570646815,7.551901437338563,0.0,0.34408602150537637,0.032292638401525936,0.03464166901523067,0.12903225806451613,0.0,0.12903225806451613,0,0,0.0,0.24387082235993815
417,1065,M,42,40,3,MONTHLY,1,2259.0,0,1,0,0,41699.5,38833.2,61,19890.029508196723,2520.705106601739,0,0,12,25,12,0,12,12,0,0,0,0,61,80532.7,0,Benesov,central Bohemia,88884,80,26,6,2,5,46.7,8507,1.67,1.85,132,2159.0,2674,0,0,1.073810553855979,2866.300000000003,46.98852459016398,2.096502671492546,1.9523952935312012,0.0,0.6065573770491803,0.0649110839848825,0.06044928851908869,0.0,0.0,0.0,0,1,0.0,0.12673209487009313
418,1066,M,59,50,3,MONTHLY,2,3292.0,0,1,0,0,276056.7,247379.19999999998,86,54990.29186046511,11389.156983337678,13,12,0,25,24,0,12,12,0,12,0,0,86,523435.9,0,Hl.m. Praha,Prague,1204953,0,0,0,1,1,100.0,12541,0.29,0.43,167,85677.0,99107,0,0,1.1159252677670557,28677.50000000003,333.45930232558175,5.02009883309001,4.498597691165402,0.0,0.29069767441860467,0.04603926677480434,0.04125658599605689,0.0,0.0,0.13953488372093023,0,1,0.0,0.20711213921608285
419,1067,M,47,40,3,MONTHLY,1,9034.0,0,1,0,0,244132.3,218583.2,73,59046.3602739726,10083.944053182042,0,13,0,36,12,0,12,12,0,12,0,0,73,462715.5,0,Hl.m. Praha,Prague,1204953,0,0,0,1,1,100.0,12541,0.29,0.43,167,85677.0,99107,0,1,1.1168850122058784,25549.099999999977,349.9876712328764,4.134586769908196,3.7018911747613785,0.0,0.4931506849315068,0.04613320718692947,0.04130524331758658,0.0,0.0,0.1643835616438356,0,1,0.0,0.1707801125487324
420,1068,F,73,70,3,MONTHLY,1,3009.0,0,1,0,0,54949.3,56183.2,59,16816.33220338983,2145.287081298548,0,0,12,23,12,0,12,12,0,12,12,0,59,111132.5,0,Hl.m. Praha,Prague,1204953,0,0,0,1,1,100.0,12541,0.29,0.43,167,85677.0,99107,0,0,0.9780379188084696,-1233.8999999999942,-20.913559322033798,3.267615038487605,3.340990135094656,0.0,0.5932203389830508,0.03818378236374126,0.039041208555860546,0.0,0.0,0.2033898305084746,0,0,0.0,0.12757164019786085
421,1072,F,33,30,3,MONTHLY,1,3136.0,0,1,0,0,98418.6,108427.2,71,23147.45633802817,4673.222357851543,0,13,0,34,12,0,12,12,0,12,0,0,71,206845.8,0,Ceske Budejovice,south Bohemia,177686,69,27,10,1,9,74.8,10045,1.42,1.71,135,6604.0,6295,0,0,0.9076929036256586,-10008.599999999991,-140.96619718309847,4.251810590449692,4.684195032776394,0.0,0.4788732394366197,0.043100092576876865,0.04748312166451812,0.0,0.0,0.16901408450704225,0,0,0.0,0.2018892395608093
422,1075,F,65,60,3,MONTHLY,2,2915.0,0,1,0,0,75250.9,83445.2,81,22091.113580246914,3602.5179502936962,0,0,12,33,24,0,12,12,0,12,12,0,81,158696.1,0,Karvina,north Moravia,285387,0,2,8,5,7,89.9,10177,6.63,7.75,81,9878.0,10108,0,0,0.9018002233801344,-8194.300000000003,-101.16419753086423,3.4063878095890407,3.777319766922647,0.0,0.5555555555555556,0.0431722609604111,0.047873420122466266,0.0,0.0,0.14814814814814814,0,0,0.0,0.16307543470850375
423,1076,F,20,20,1,MONTHLY,0,0.0,0,0,0,0,291469.2,274755.2,62,70040.55967741935,14596.863239228518,0,12,0,38,0,0,12,12,0,0,0,0,62,566224.4,0,Blansko,south Moravia,107911,88,33,6,2,7,50.9,8240,2.53,3.56,99,1850.0,1903,0,0,1.0608323336555596,16714.0,269.5806451612903,4.1614344794273235,3.9228013206265024,0.0,0.6129032258064516,0.053126795195244776,0.05008029403871324,0.0,0.0,0.0,0,1,0.0,0.20840586235255995
424,1077,M,79,70,1,MONTHLY,1,2914.0,0,1,0,0,81132.6,96449.2,67,20520.692537313433,6045.021843891487,0,0,12,32,11,0,12,12,0,11,12,0,67,177581.8,0,Nachod,east Bohemia,112709,48,20,7,3,10,73.5,8369,1.79,2.31,117,2854.0,2618,0,0,0.8411951576581248,-15316.599999999991,-228.6059701492536,3.9536969745282233,4.700094786012866,0.0,0.6567164179104478,0.06267570745938263,0.074507927071134,0.0,0.0,0.16417910447761194,0,0,0.0,0.294581765839512
425,1079,M,38,30,1,MONTHLY,1,3220.0,0,1,0,0,128589.59999999999,133615.2,75,22363.28,4324.647257729096,0,12,0,39,12,0,12,12,0,12,0,0,75,262204.8,0,Beroun,central Bohemia,75232,55,26,4,1,5,41.7,8980,1.95,2.21,111,2824.0,2813,0,0,0.962387512797945,-5025.60000000002,-67.00800000000027,5.7500330899581815,5.974758622169915,0.0,0.52,0.03236643179615115,0.033631392101142674,0.0,0.0,0.16,0,0,0.0,0.1933816174429286
426,1080,F,49,40,3,MONTHLY,2,9586.0,0,1,0,0,468818.5,447662.2,101,58757.4504950495,22482.97220519842,1,24,0,40,24,0,12,12,0,12,0,0,101,916480.7,0,Louny,north Bohemia,85852,41,23,4,2,4,59.8,8965,7.08,8.23,104,2653.0,2822,0,0,1.0472595184494022,21156.29999999999,209.46831683168304,7.978877504896157,7.6188159327593175,0.0,0.39603960396039606,0.05022307491049818,0.04795666597030284,0.0,0.0,0.1188118811881188,1,1,0.0,0.3826403633202683
427,1082,M,32,30,3,MONTHLY,1,1626.6,0,0,1,0,213254.1,215559.2,58,33773.293103448275,9077.400628452247,0,0,12,34,0,0,12,12,0,0,0,0,58,428813.3,0,Olomouc,north Moravia,226122,32,50,7,4,4,62.6,8994,3.8,4.79,110,9672.0,9208,0,0,0.9893064179121095,-2305.100000000006,-39.74310344827596,6.314282097004826,6.382534250946091,0.0,0.7931034482758621,0.042110940421249694,0.04256612477064801,0.0,0.0,0.0,0,0,0.0,0.2687745195781764
428,1083,M,62,60,2,MONTHLY,1,5950.0,0,1,0,0,120152.9,124055.2,66,18712.183333333334,5007.455917316876,0,15,0,27,12,0,12,12,0,12,0,0,66,244208.1,0,Rychnov nad Kneznou,east Bohemia,78955,50,24,8,1,9,59.0,9060,1.78,2.44,124,1655.0,1717,0,0,0.968543841773662,-3902.300000000003,-59.12575757575762,6.421105322646297,6.629648597927731,0.0,0.4090909090909091,0.0403647401907931,0.04167569752637578,0.0,0.0,0.18181818181818182,0,0,0.0,0.26760404321160863
429,1085,F,67,60,2,MONTHLY,1,1910.0,0,1,0,0,56746.9,56275.2,67,26915.937313432838,2592.74871544957,0,0,12,31,12,0,12,12,0,12,12,0,67,113022.1,0,Prostejov,south Moravia,110643,49,41,4,1,4,51.9,8441,3.45,4.48,115,1879.0,2252,0,0,1.008382022631639,471.70000000000437,7.040298507462752,2.1083010908811834,2.0907761578087394,0.0,0.6417910447761194,0.046072669940747796,0.04568969785925875,0.0,0.0,0.1791044776119403,0,1,0.0,0.09632763983870689
430,1086,M,26,20,3,MONTHLY,3,3855.0,1,1,0,0,104561.1,106515.2,95,23037.321052631578,3852.11328755923,0,14,0,33,36,12,12,12,0,12,0,0,95,211076.3,0,Ostrava - mesto,north Moravia,323870,0,0,0,1,1,100.0,10673,4.75,5.44,100,18782.0,18347,0,0,0.9816542615514031,-1954.0999999999913,-20.569473684210433,4.538769927333017,4.623593158104321,0.0,0.3473684210526316,0.036164916251945546,0.036840787707467015,0.12631578947368421,0.0,0.12631578947368421,0,0,0.0,0.16721185934591118
431,1088,F,30,30,3,MONTHLY,1,2580.0,0,1,0,0,52035.5,58435.2,71,16389.423943661972,2388.131835165889,0,5,12,30,12,0,12,12,0,12,0,0,71,110470.7,0,Pardubice,east Bohemia,162580,83,26,5,1,6,72.8,9538,1.51,1.81,111,6079.0,5410,0,0,0.8904821066754286,-6399.699999999997,-90.13661971830982,3.174943803935396,3.5654212253504944,0.0,0.5915492957746479,0.04086803562178086,0.04589428054243524,0.0,0.0,0.16901408450704225,0,0,0.0,0.14571176164427757
432,1089,M,60,60,2,MONTHLY,0,0.0,0,0,0,0,245285.9,234795.19999999998,60,59711.53833333333,9423.682008031978,0,12,0,36,0,0,12,12,0,0,0,0,60,480081.1,0,Hl.m. Praha,Prague,1204953,0,0,0,1,1,100.0,12541,0.29,0.43,167,85677.0,99107,0,1,1.0446802149277328,10490.700000000012,174.8450000000002,4.1078476094639775,3.93215794725101,0.0,0.6,0.04013575238348986,0.038419175370585826,0.0,0.0,0.0,0,1,0.0,0.15782011770363832
433,1092,F,37,30,3,MONTHLY,1,2118.0,0,1,0,0,44043.0,51191.2,67,20679.858208955226,3326.9561604233013,0,5,12,26,12,0,12,12,0,12,0,0,67,95234.2,0,Usti nad Labem,north Bohemia,118650,8,8,5,1,3,85.6,9832,3.32,4.48,114,6445.0,5471,0,0,0.8603627185922581,-7148.199999999997,-106.68955223880593,2.1297534806562446,2.475413490883226,0.0,0.5671641791044776,0.06499078279906119,0.07553881798295532,0.0,0.0,0.1791044776119403,0,0,0.0,0.16087906052385761
434,1093,F,23,20,2,MONTHLY,0,0.0,0,0,0,0,97531.3,72775.2,63,33250.846031746034,15875.441758393283,0,18,0,33,0,0,12,12,0,0,0,0,63,170306.5,0,Uherske Hradiste,south Moravia,145688,22,41,13,2,5,40.7,8544,1.29,1.86,109,2719.0,2906,0,0,1.340172201519199,24756.100000000006,392.95396825396836,2.9331975465190454,2.1886721297412506,0.0,0.5238095238095238,0.21814356756688108,0.16277278943675808,0.0,0.0,0.0,0,1,0.0,0.47744474661596
435,1101,M,53,50,3,MONTHLY,1,2298.0,0,1,0,0,42156.8,36151.2,60,15417.859999999999,2675.839789306135,0,0,12,24,12,0,12,12,0,0,0,0,60,78308.0,0,Opava,north Moravia,182027,17,49,12,2,7,56.4,8746,3.33,3.74,90,4355.0,4433,0,0,1.1661244993250572,6005.600000000006,100.09333333333343,2.7342834868133457,2.3447612055110114,0.0,0.6,0.07401800740517978,0.06347350342782504,0.0,0.0,0.0,0,1,0.0,0.1735545522728923
436,1102,M,64,60,1,MONTHLY,2,20740.0,0,1,0,1,506572.4,491420.2,84,40715.695238095235,16972.091086392276,0,1,12,35,24,0,12,12,0,12,0,12,84,997992.6,0,Olomouc,north Moravia,226122,32,50,7,4,4,62.6,8994,3.8,4.79,110,9672.0,9208,0,0,1.0308334903612022,15152.200000000012,180.38333333333347,12.441698392663834,12.069551978083567,2.3688617856006366e-05,0.5595238095238095,0.03453682019256082,0.033503781663573214,0.0,0.14285714285714285,0.14285714285714285,0,1,0.0,0.4168439464718389
437,1105,M,57,50,1,MONTHLY,1,4669.0,0,1,0,0,100552.8,103710.6,65,33457.449230769234,5807.856712896634,0,15,0,28,10,0,11,12,0,10,0,0,65,204263.4,0,Breclav,south Moravia,124605,11,42,14,1,8,46.0,8772,4.69,4.98,126,2854.0,3158,0,0,0.9695518105188862,-3157.800000000003,-48.58153846153851,3.005393486707479,3.099776055391045,0.0,0.4307692307692308,0.056000608548177656,0.057759273863051394,0.0,0.0,0.15384615384615385,0,0,0.0,0.17358934546496818
438,1111,M,20,20,1,MONTHLY,3,2805.0,1,1,0,0,86315.7,84435.2,99,25016.041414141415,4703.083480103069,0,21,0,30,36,12,12,12,0,12,0,0,99,170750.9,0,Trebic,south Moravia,117897,139,28,5,1,6,53.8,8814,4.76,5.74,107,2112.0,2059,0,0,1.0222715170923975,1880.5,18.994949494949495,3.4504140191903527,3.3752422536472655,0.0,0.30303030303030304,0.05570050737255397,0.054486999237717694,0.12121212121212122,0.0,0.12121212121212122,0,1,0.0,0.1880027060334352
439,1113,M,23,20,1,MONTHLY,2,2212.0,0,1,0,0,57237.9,49231.4,66,17931.60303030303,4385.327392811684,0,4,12,21,17,0,9,12,0,8,0,0,66,106469.3,0,Praha - zapad,central Bohemia,75637,35,36,9,0,7,36.5,9622,0.45,0.59,154,3475.0,3529,0,0,1.162629947553797,8006.5,121.31060606060606,3.19201244324182,2.7455102545379084,0.0,0.5,0.08907582138252587,0.07661579814793491,0.0,0.0,0.12121212121212122,0,1,0.0,0.24455858103711184
440,1114,M,19,10,3,MONTHLY,2,6463.0,0,1,1,0,242644.3,213015.2,64,39321.98125,11255.418006931326,0,12,0,28,12,0,12,12,0,12,0,0,64,455659.5,0,Kromeriz,south Moravia,108871,41,29,7,2,6,62.1,8444,3.24,3.47,106,2595.0,2305,0,0,1.1390938299238738,29629.099999999977,462.95468749999964,6.170703822305495,5.417204149651031,0.0,0.4375,0.05283856742115739,0.046386492519837993,0.0,0.0,0.1875,0,1,0.0,0.28623730669550956
441,1117,F,23,20,3,MONTHLY,1,4561.0,0,1,0,0,113423.2,97467.2,70,37370.94571428571,11399.610748295863,0,19,0,27,12,0,12,12,0,12,0,0,70,210890.4,0,Strakonice,south Bohemia,70646,94,14,3,1,4,58.4,8547,2.65,3.64,120,1563.0,1542,0,0,1.1637063545479915,15956.0,227.94285714285715,3.0350636793395878,2.6081009762282097,0.0,0.38571428571428573,0.11695843061353833,0.10050510608319871,0.0,0.0,0.17142857142857143,0,1,0.0,0.30503939706128863
442,1119,F,19,10,3,MONTHLY,1,5884.0,0,1,0,0,124405.9,130083.2,72,34230.788888888885,5942.722488124508,0,14,0,34,12,0,12,12,0,12,0,0,72,254489.1,0,Brno - mesto,south Moravia,387570,0,0,0,1,1,100.0,9897,1.6,1.96,140,18721.0,18696,0,0,0.9563563934466557,-5677.300000000003,-78.85138888888893,3.6343275757919042,3.800181188410304,0.0,0.4722222222222222,0.0456840121408799,0.04776881553145396,0.0,0.0,0.16666666666666666,0,0,0.0,0.17360752354887976
443,1120,F,26,20,3,MONTHLY,1,9356.0,0,1,0,0,191047.6,189727.2,74,41728.67567567567,8979.409602900429,0,15,0,35,12,0,12,12,0,12,0,0,74,380774.8,0,Usti nad Labem,north Bohemia,118650,8,8,5,1,3,85.6,9832,3.32,4.48,114,6445.0,5471,0,0,1.0069594660122534,1320.3999999999942,17.843243243243165,4.578328856752211,4.546686347647383,0.0,0.47297297297297297,0.04732800359094757,0.04700090240809321,0.0,0.0,0.16216216216216217,0,1,0.0,0.21518558778836763
444,1121,M,60,60,3,MONTHLY,4,3474.0,1,1,0,0,74511.7,74543.2,103,24647.31067961165,3295.494494505522,0,18,0,25,48,12,12,12,0,12,0,0,103,149054.9,0,Kromeriz,south Moravia,108871,41,29,7,2,6,62.1,8444,3.24,3.47,106,2595.0,2305,0,0,0.9995774262441108,-31.5,-0.3058252427184466,3.023116840963763,3.024394870863636,0.0,0.24271844660194175,0.04420919003350436,0.04422787957469126,0.11650485436893204,0.0,0.11650485436893204,1,0,0.0,0.13370604758236637
445,1124,M,71,70,1,MONTHLY,1,2584.0,0,1,0,0,80237.8,56773.4,53,30924.60754716981,3824.595046580296,0,0,12,23,8,0,9,10,0,8,12,0,53,137011.2,0,Tabor,south Bohemia,103347,87,16,7,1,7,67.0,9104,1.51,2.07,123,2299.0,2354,0,0,1.4132991858863482,23464.4,442.72452830188683,2.5946262980900237,1.835864850132782,0.0,0.660377358490566,0.06736596798113723,0.047665751635517124,0.0,0.0,0.1509433962264151,0,1,0.0,0.12367481271174029
446,1129,M,68,60,1,MONTHLY,1,1751.0,0,1,0,0,54270.8,43767.2,59,22277.362711864404,4839.3490244716395,0,0,12,23,12,0,12,12,0,12,12,0,59,98038.0,0,Hradec Kralove,east Bohemia,161854,73,21,6,1,6,76.3,9425,1.72,2.5,125,4085.0,3891,0,0,1.2399879361713797,10503.600000000006,178.02711864406788,2.4361411492885843,1.9646490729663708,0.0,0.5932203389830508,0.1105702220948939,0.08917040147688332,0.0,0.0,0.2033898305084746,0,1,0.0,0.217231684336419
447,1131,F,52,50,2,MONTHLY,1,2108.0,0,1,0,0,38946.1,36391.2,63,20213.31746031746,1798.4340760729976,0,0,12,27,12,0,12,12,0,0,0,0,63,75337.3,0,Brno - venkov,south Moravia,157042,49,70,18,0,9,33.9,8743,1.88,2.43,111,3659.0,3894,0,0,1.0702065334476467,2554.9000000000015,40.55396825396828,1.9267544813689546,1.8003576143026874,0.0,0.6190476190476191,0.04941947712834415,0.04617751395063942,0.0,0.0,0.0,0,1,0.0,0.0889727319428719
448,1133,F,41,40,2,MONTHLY,1,4738.0,0,0,0,1,508778.1,487933.2,81,71527.95308641976,21404.009080520907,0,3,12,47,7,0,12,12,0,0,0,7,81,996711.3,0,Litomerice,north Bohemia,114006,71,26,6,2,9,62.3,9065,4.46,5.39,123,4147.0,4166,0,0,1.0427208068645462,20844.899999999965,257.34444444444404,7.112996780227955,6.821573649821648,1.3758453832820241e-05,0.7283950617283951,0.04386667904647789,0.042069438681658876,0.0,0.08641975308641975,0.0,0,1,0.0,0.299239781888637
449,1135,M,47,40,2,MONTHLY,1,3871.0,0,1,0,0,81454.9,87567.2,68,16426.41911764706,3331.0417991730487,0,15,0,29,12,0,12,12,0,12,0,0,68,169022.1,0,Mlada Boleslav,central Bohemia,112065,95,19,7,1,8,69.4,11277,1.25,1.44,127,5179.0,4987,0,0,0.9301987502169762,-6112.300000000003,-89.8867647058824,4.958773997948963,5.330875790568726,0.0,0.4264705882352941,0.038039834540479184,0.04089430837399652,0.0,0.0,0.17647058823529413,0,0,0.0,0.20278563302908048
450,1136,F,23,20,3,MONTHLY,0,0.0,0,0,0,0,106537.5,111825.2,70,26066.235714285714,14640.094446486311,0,30,0,28,0,0,12,12,0,0,0,0,70,218362.7,0,Nymburk,central Bohemia,81344,61,23,4,2,6,55.3,8899,3.39,3.97,149,2987.0,2487,0,0,0.9527145938482561,-5287.699999999997,-75.53857142857139,4.087183940472527,4.290040235411272,0.0,0.4,0.13091945685307346,0.13741728918443094,0.0,0.0,0.0,0,0,0.0,0.5616497374978752
451,1137,F,22,20,3,MONTHLY,1,2144.0,0,1,0,0,39515.7,37543.2,61,18952.11967213115,2153.6781026745584,0,0,12,25,12,0,12,12,0,0,0,0,61,77058.9,0,Hl.m. Praha,Prague,1204953,0,0,0,1,1,100.0,12541,0.29,0.43,167,85677.0,99107,0,0,1.052539474525347,1972.5,32.33606557377049,2.085027990726933,1.9809499227258887,0.0,0.6065573770491803,0.05736533120976791,0.054501833516160884,0.0,0.0,0.0,0,1,0.0,0.11363784842713476
452,1138,F,29,20,3,MONTHLY,1,5361.0,0,1,0,0,222781.8,225207.2,74,52591.47162162162,6688.767816590146,0,12,0,38,12,0,12,12,0,12,0,0,74,447989.0,0,Karvina,north Moravia,285387,0,2,8,5,7,89.9,10177,6.63,7.75,81,9878.0,10108,0,0,0.9892303620843382,-2425.4000000000233,-32.77567567567599,4.236082260691276,4.2822000042191615,0.0,0.5135135135135135,0.029700506096564168,0.03002385211265079,0.0,0.0,0.16216216216216217,0,0,0.0,0.1271835073320183
453,1142,F,53,50,3,MONTHLY,2,2689.0,0,1,0,0,64524.7,53223.2,79,21873.63417721519,5513.242380451976,0,19,0,24,24,0,12,12,0,12,0,0,79,117747.9,0,Kromeriz,south Moravia,108871,41,29,7,2,6,62.1,8444,3.24,3.47,106,2595.0,2305,0,0,1.2123416104255287,11301.5,143.05696202531647,2.9498847551913694,2.4332124954087546,0.0,0.3037974683544304,0.10358720220603,0.08544390567413682,0.0,0.0,0.1518987341772152,0,1,0.0,0.2520496747721455
454,1146,M,34,30,3,MONTHLY,1,8910.0,0,1,0,0,264065.0,240995.2,68,68583.21911764707,11861.87710122451,4,14,0,26,12,0,12,12,0,12,0,0,68,505060.2,0,Semily,east Bohemia,75685,31,28,5,1,9,60.8,8208,1.89,2.26,155,1660.0,2123,0,0,1.095727217803508,23069.79999999999,339.2617647058822,3.8502858774684396,3.5139091325911505,0.0,0.38235294117647056,0.04922038738209106,0.04492029273559355,0.0,0.0,0.17647058823529413,0,1,0.0,0.172955968731604
455,1149,F,23,20,1,MONTHLY,2,1953.0,0,1,0,0,49240.4,41731.2,85,27218.628235294116,3855.7983799483472,0,6,12,31,24,0,12,12,0,12,0,0,85,90971.6,0,Ceske Budejovice,south Bohemia,177686,69,27,10,1,9,74.8,10045,1.42,1.71,135,6604.0,6295,0,0,1.1799421056667434,7509.200000000004,88.34352941176476,1.8090698610648748,1.5331852744102503,0.0,0.5058823529411764,0.09239605810396892,0.07830558606242734,0.0,0.0,0.1411764705882353,0,1,0.0,0.14166027569855902
456,1152,M,18,10,3,MONTHLY,0,0.0,0,0,0,0,105121.9,98925.2,68,47785.22941176471,10794.080221039056,0,21,0,35,0,0,12,12,0,0,0,0,68,204047.1,0,Ostrava - mesto,north Moravia,323870,0,0,0,1,1,100.0,10673,4.75,5.44,100,18782.0,18347,0,0,1.0626402574874754,6196.699999999997,91.12794117647054,2.199882710495453,2.070204563580993,0.0,0.5147058823529411,0.10911355469626603,0.10268155561342647,0.0,0.0,0.0,0,1,0.0,0.22588737888075422
457,1153,F,19,10,1,MONTHLY,1,2126.0,0,1,0,0,54949.799999999996,36654.8,60,18758.493333333336,4015.2615385136082,0,7,12,21,8,0,8,12,0,8,0,0,60,91604.6,0,Karvina,north Moravia,285387,0,2,8,5,7,89.9,10177,6.63,7.75,81,9878.0,10108,0,0,1.4991160775669214,18294.999999999993,304.9166666666666,2.9293290790234034,1.95403753108814,0.0,0.55,0.10954258483237142,0.0730714495505645,0.0,0.0,0.13333333333333333,0,1,0.0,0.21405032201486018
458,1157,F,41,40,2,TRANSACTION,2,9091.0,0,1,0,1,522553.8,501635.0,91,46682.4967032967,18770.845869482757,0,0,12,43,24,0,12,12,0,12,0,12,91,1024188.8,0,Kladno,central Bohemia,149893,63,29,6,2,6,67.4,9753,4.64,5.05,109,5244.0,5892,0,1,1.0417012369551566,20918.79999999999,229.87692307692294,11.193784328229759,10.745676333214943,2.296414263947559e-05,0.6043956043956044,0.0374193305281385,0.03592136516753444,0.0,0.13186813186813187,0.13186813186813187,0,1,0.0,0.4020960144609653
459,1162,F,24,20,2,MONTHLY,0,0.0,0,0,0,0,93958.9,82175.2,57,40985.8298245614,16180.526317955755,0,19,0,26,0,0,12,12,0,0,0,0,57,176134.1,0,Plzen - mesto,west Bohemia,170449,0,0,0,1,1,100.0,10787,2.64,3.09,131,6041.0,6261,0,0,1.143397278010884,11783.699999999997,206.73157894736838,2.292472798579124,2.0049661151609826,0.0,0.45614035087719296,0.1969027920583796,0.1722085541439476,0.0,0.0,0.0,0,1,0.0,0.3947834260576401
460,1163,M,35,30,3,MONTHLY,1,2853.0,0,1,0,0,70606.3,69411.2,69,19711.301449275365,3871.105031417072,0,18,0,27,12,0,12,12,0,12,0,0,69,140017.5,0,Strakonice,south Bohemia,70646,94,14,3,1,4,58.4,8547,2.65,3.64,120,1563.0,1542,0,0,1.017217682448942,1195.1000000000058,17.32028985507255,3.5820212166962553,3.521391024261958,0.0,0.391304347826087,0.05577061095928427,0.05482662356499451,0.0,0.0,0.17391304347826086,0,1,0.0,0.19639012884962923
461,1166,M,40,40,1,MONTHLY,1,7262.0,0,1,0,0,145636.5,145729.4,63,27362.574603174602,6113.999493520089,0,14,0,28,9,0,9,12,0,9,0,0,63,291365.9,0,Ostrava - mesto,north Moravia,323870,0,0,0,1,1,100.0,10673,4.75,5.44,100,18782.0,18347,0,0,0.9993625171036181,-92.89999999999418,-1.474603174603082,5.322470641454305,5.32586578980373,0.0,0.4444444444444444,0.04195446830577831,0.04198123062226907,0.0,0.0,0.14285714285714285,0,0,0.0,0.22344386747914957
462,1168,M,21,20,2,MONTHLY,0,0.0,0,0,0,0,116190.9,86825.2,71,45025.05633802817,16502.337184140506,0,33,0,26,0,0,12,12,0,0,0,0,71,203016.1,0,Prachatice,south Bohemia,51428,50,11,3,1,4,52.7,8402,3.13,3.98,120,999.0,1099,0,0,1.3382163242929472,29365.699999999997,413.6014084507042,2.5805831119386107,1.9283751551170725,0.0,0.36619718309859156,0.19006391213772622,0.14202779377851885,0.0,0.0,0.0,0,1,0.0,0.36651452605074547
463,1172,F,76,70,2,MONTHLY,1,2909.0,0,1,0,0,70952.2,73593.2,64,36428.0265625,3267.781224790418,0,0,12,28,12,0,12,12,0,12,12,0,64,144545.4,0,Brno - mesto,south Moravia,387570,0,0,0,1,1,100.0,9897,1.6,1.96,140,18721.0,18696,0,0,0.9641135322285211,-2641.0,-41.265625,1.9477365834865212,2.0202357070794177,0.0,0.625,0.044403303902947805,0.04605609445218638,0.0,0.0,0.1875,0,0,0.0,0.08970514005703402
464,1174,F,29,20,2,MONTHLY,0,0.0,0,0,0,0,324239.7,304035.2,61,46643.06393442623,13399.709924907986,0,12,0,37,0,0,12,12,0,0,0,0,61,628274.9,0,Rokycany,west Bohemia,45714,52,10,5,1,6,55.6,8843,2.82,3.6,113,818.0,888,0,0,1.066454476323794,20204.5,331.22131147540983,6.951509456064822,6.518336797673324,0.0,0.6065573770491803,0.0440728899973029,0.04132655539993402,0.0,0.0,0.0,0,1,0.0,0.287281940649228
465,1178,F,28,20,3,MONTHLY,1,6846.0,0,1,0,0,197706.5,160847.2,70,49521.47571428571,16480.27346188124,0,14,0,32,12,0,12,12,0,12,0,0,70,358553.7,0,Hl.m. Praha,Prague,1204953,0,0,0,1,1,100.0,12541,0.29,0.43,167,85677.0,99107,0,0,1.2291572374278197,36859.29999999999,526.5614285714285,3.9923386197266857,3.248029217223016,0.0,0.45714285714285713,0.10245918773768668,0.08335726676604582,0.0,0.0,0.17142857142857143,0,1,0.0,0.3327904353449445
466,1179,F,69,60,3,MONTHLY,1,2062.0,0,1,0,0,80910.3,77809.2,67,43986.37164179104,4285.746611374834,0,0,12,31,12,0,12,12,0,12,12,0,67,158719.5,0,Opava,north Moravia,182027,17,49,12,2,7,56.4,8746,3.33,3.74,90,4355.0,4433,0,0,1.039855184219861,3101.100000000006,46.28507462686576,1.8394401943152747,1.7689388120859282,0.0,0.6417910447761194,0.05508020402953422,0.0529691103774777,0.0,0.0,0.1791044776119403,0,1,0.0,0.09743351068545482
467,1180,M,55,50,3,MONTHLY,1,5354.0,0,1,0,0,234712.0,253223.2,72,35564.337499999994,8782.877786800276,0,12,0,36,12,0,12,12,0,12,0,0,72,487935.2,0,Tabor,south Bohemia,103347,87,16,7,1,7,67.0,9104,1.51,2.07,123,2299.0,2354,0,0,0.9268976934182965,-18511.20000000001,-257.10000000000014,6.59964493925973,7.120143880087744,0.0,0.5,0.03468433297896984,0.03741980719690632,0.0,0.0,0.16666666666666666,0,0,0.0,0.24695744119513763
468,1182,F,53,50,1,MONTHLY,2,3838.0,0,1,0,0,302638.3,295731.2,87,49760.808045977006,11784.643190237608,0,12,0,39,24,0,12,12,0,12,0,0,87,598369.5,0,Zdar nad Sazavou,south Moravia,125832,151,41,2,3,5,48.3,8512,3.51,4.12,102,2247.0,2103,0,1,1.0233560070766965,6907.099999999977,79.39195402298824,6.081860642624096,5.943054616933796,0.0,0.4482758620689655,0.03984917110618564,0.03893969530703024,0.0,0.0,0.13793103448275862,0,1,0.0,0.2368258003236014
469,1183,M,57,50,3,MONTHLY,4,3033.0,1,1,0,0,75583.7,60691.2,100,21950.001,4831.933279890371,0,19,0,21,48,12,12,12,0,12,0,0,100,136274.9,0,Brno - mesto,south Moravia,387570,0,0,0,1,1,100.0,9897,1.6,1.96,140,18721.0,18696,0,0,1.245381538015396,14892.5,148.925,3.4434485902756906,2.7649748170854296,0.0,0.21,0.0796150558876801,0.06392824484499132,0.12,0.0,0.12,0,1,0.0,0.22013362459028454
470,1187,F,38,30,2,MONTHLY,1,2227.0,0,1,0,0,40960.1,39589.2,59,17948.894915254237,2078.34483584843,0,0,12,23,12,0,12,12,0,0,0,0,59,80549.3,0,Ceska Lipa,north Bohemia,105058,32,19,7,2,10,81.0,9272,2.8,3.22,118,4340.0,4505,0,0,1.034628130904388,1370.9000000000015,23.23559322033901,2.2820402143637946,2.2056622531314893,0.0,0.5932203389830508,0.05249777302517935,0.050740716840252595,0.0,0.0,0.0,0,1,0.0,0.11579235633510263
471,1192,F,74,70,2,MONTHLY,1,2512.0,0,1,0,0,83601.3,81799.2,68,31244.685294117648,3639.5496679468674,0,0,12,32,12,0,12,12,0,12,12,0,68,165400.5,0,Praha - vychod,central Bohemia,92084,55,29,4,3,5,46.7,10124,0.56,0.54,141,3810.0,4316,0,0,1.022030777807118,1802.1000000000058,26.501470588235378,2.675696657304447,2.618019648141571,0.0,0.6470588235294118,0.044493707370571685,0.0435346061358719,0.0,0.0,0.17647058823529413,0,1,0.0,0.1164854001148181
472,1193,M,73,70,2,MONTHLY,2,3409.0,0,1,0,0,62153.8,64443.2,75,16242.034666666668,2348.5014892476,0,0,12,27,24,0,12,12,0,12,12,0,75,126597.0,0,Prachatice,south Bohemia,51428,50,11,3,1,4,52.7,8402,3.13,3.98,120,999.0,1099,0,0,0.9644741415696304,-2289.399999999994,-30.525333333333254,3.826724993239763,3.9676802397335105,0.0,0.52,0.036442968214607595,0.037785324296303685,0.0,0.0,0.16,0,0,0.0,0.14459404486233499
473,1194,F,60,60,1,MONTHLY,1,7538.0,0,1,0,0,250801.8,253398.6,62,56030.39838709678,7810.417375436598,0,12,0,27,11,0,11,12,0,11,0,0,62,504200.4,0,Pelhrimov,south Bohemia,74062,99,15,4,2,7,61.4,8114,2.38,2.62,119,1003.0,1181,0,1,0.9897521138632968,-2596.8000000000175,-41.88387096774222,4.476173777442872,4.5225200479451715,0.0,0.43548387096774194,0.030822654014018222,0.03114179154789399,0.0,0.0,0.1774193548387097,0,0,0.0,0.13939607070927515
474,1195,F,60,60,3,MONTHLY,1,6748.0,0,1,0,0,272452.9,273371.2,72,73482.64722222222,9646.815955653228,0,12,0,36,12,0,12,12,0,12,0,0,72,545824.1,0,Most,north Bohemia,119895,17,4,3,2,4,89.9,10446,7.34,9.4,90,4947.0,4743,0,0,0.9966408312214309,-918.2999999999884,-12.754166666666505,3.7077175401161417,3.72021436807095,0.0,0.5,0.035288340379868936,0.03540727940738831,0.0,0.0,0.16666666666666666,0,0,0.0,0.13128019090656673
475,1196,M,56,50,1,MONTHLY,4,7087.0,1,1,0,0,143415.6,157857.6,95,28614.452631578948,7928.93142786838,0,14,0,25,44,11,11,12,0,11,0,0,95,301273.2,0,Domazlice,west Bohemia,58400,65,16,4,1,6,52.4,8620,1.1,1.25,100,1089.0,1117,0,0,0.9085124821357984,-14442.0,-152.02105263157895,5.011998721293951,5.516708707745405,0.0,0.2631578947368421,0.05022837942467375,0.055286394422004156,0.11578947368421053,0.0,0.11578947368421053,0,0,0.0,0.27709533814803783
476,1198,F,24,20,1,MONTHLY,0,0.0,0,0,0,0,73955.2,104725.2,67,35328.155223880596,7588.211659567024,0,21,0,34,0,0,12,12,0,0,0,0,67,178680.4,0,Olomouc,north Moravia,226122,32,50,7,4,4,62.6,8994,3.8,4.79,110,9672.0,9208,0,0,0.7061834209913183,-30770.0,-459.25373134328356,2.093378483289976,2.964355181761923,0.0,0.5074626865671642,0.07245831623684676,0.10260551874062979,0.0,0.0,0.0,0,0,0.0,0.2147921851984408
477,1199,F,23,20,1,MONTHLY,2,2296.0,0,1,0,0,42215.7,35451.2,68,18070.235294117647,2071.3519319275297,0,0,12,22,22,0,12,12,0,11,0,0,68,77666.9,0,Zlin,south Moravia,197099,29,41,10,2,10,74.7,9624,1.6,2.31,145,4484.0,4265,0,0,1.1908115945299453,6764.5,99.4779411764706,2.336200902361374,1.9618560258338378,0.0,0.5,0.05842826002864585,0.04906591462246344,0.0,0.0,0.16176470588235295,0,1,0.0,0.11462783401618523
478,1202,F,19,10,3,MONTHLY,1,7641.0,0,1,0,0,321845.7,336247.2,72,32452.073611111107,9513.242882217104,0,12,0,36,12,0,12,12,0,12,0,0,72,658092.9,0,Pardubice,east Bohemia,162580,83,26,5,1,6,72.8,9538,1.51,1.81,111,6079.0,5410,0,0,0.9571699035709442,-14401.5,-200.02083333333334,9.91756963998149,10.361347136993858,0.0,0.5,0.028292407735193346,0.029558396716864957,0.0,0.0,0.16666666666666666,0,0,0.0,0.29314745788570845
479,1204,F,25,20,3,MONTHLY,3,7506.0,1,1,0,0,410332.1,374327.2,99,60478.239393939395,15196.928514843681,0,0,12,39,36,12,12,12,0,12,0,0,99,784659.3,0,Vsetin,north Moravia,148545,8,35,12,3,4,53.5,8909,4.01,5.56,113,3460.0,3590,0,0,1.096185636523341,36004.899999999965,363.6858585858582,6.78478910947133,6.1894526651434205,0.0,0.5151515151515151,0.04059798089704323,0.037035680403370054,0.12121212121212122,0.0,0.12121212121212122,0,1,0.0,0.2512792810626459
480,1209,F,42,40,3,WEEKLY,2,11198.0,0,1,1,0,454352.2,385896.0,70,73697.93571428572,18924.96732219364,0,1,12,33,12,0,12,12,0,12,0,0,70,840248.2,0,Brno - mesto,south Moravia,387570,0,0,0,1,1,100.0,9897,1.6,1.96,140,18721.0,18696,0,0,1.1773954640628563,68456.20000000001,977.9457142857144,6.165060060317642,5.236184653747328,0.0,0.6428571428571429,0.04904162603964187,0.041652637144034166,0.0,0.0,0.17142857142857143,0,1,0.0,0.2567910096635881
481,1210,M,38,30,3,MONTHLY,4,2491.0,1,1,0,0,50622.3,50197.2,108,32301.663888888892,2125.2327443056324,0,5,12,31,48,12,12,12,0,12,0,0,108,100819.5,0,Kutna Hora,central Bohemia,77963,60,23,4,2,4,51.5,8546,2.95,4.02,126,2640.0,3120,0,0,1.0084685998422225,425.1000000000058,3.936111111111165,1.5671731392577901,1.5540128264806445,0.0,0.39814814814814814,0.042337675095535855,0.041982145108097266,0.1111111111111111,0.0,0.1111111111111111,1,1,0.0,0.06579329014183287
482,1213,M,33,30,1,WEEKLY,1,7521.0,0,1,0,0,578566.1,575438.0,82,49192.61951219512,18755.10777523292,0,0,12,46,12,0,12,12,0,12,0,0,82,1154004.1,0,Hl.m. Praha,Prague,1204953,0,0,0,1,1,100.0,12541,0.29,0.43,167,85677.0,99107,0,1,1.0054360330739367,3128.0999999999767,38.14756097560947,11.761237879527238,11.697649072283005,0.0,0.7073170731707317,0.032592751565299685,0.03241653421317447,0.0,0.0,0.14634146341463414,0,1,0.0,0.38125857011097825
483,1214,M,59,50,1,MONTHLY,0,0.0,0,0,0,0,725481.8,698820.2,104,58640.500961538455,21853.705627990268,0,28,0,64,0,0,12,12,0,12,0,0,104,1424302.0,0,Trebic,south Moravia,117897,139,28,5,1,6,53.8,8814,4.76,5.74,107,2112.0,2059,0,0,1.038152302981511,26661.600000000093,256.36153846153934,12.371684895322334,11.917023022336508,0.0,0.6153846153846154,0.031272286674011815,0.030123023938009565,0.0,0.0,0.11538461538461539,1,1,0.0,0.372672560255306
484,1215,M,55,50,2,MONTHLY,2,10485.5,0,1,0,1,285662.4,246800.2,83,50000.596385542165,16886.2604797831,0,4,12,31,24,0,12,12,0,12,0,12,83,532462.6,0,Jicin,east Bohemia,77917,85,19,6,1,5,53.5,8390,2.28,2.89,132,2080.0,2122,0,0,1.157464215993342,38862.20000000001,468.21927710843386,5.713179854842696,4.935945125473805,4.2007628585351094e-05,0.5180722891566265,0.0684207730779112,0.05911264653585176,0.0,0.14457831325301204,0.14457831325301204,0,1,0.0,0.3377211813550652
485,1216,F,54,50,2,MONTHLY,1,4090.8,0,0,0,1,358584.8,347368.9,100,34246.083,12625.269657710687,0,6,12,51,7,0,12,24,2,0,0,7,100,705953.7,0,Znojmo,south Moravia,114200,101,41,4,1,4,43.7,8403,5.74,5.72,105,2157.0,2718,0,0,1.0322881524511835,11215.899999999965,112.15899999999965,10.470826692792865,10.143317704392647,1.9521184389299268e-05,0.63,0.036345423144417036,0.03520860242182794,0.0,0.07,0.0,0,1,0.02,0.36866317405440757
486,1220,F,46,40,3,MONTHLY,2,4774.0,0,1,0,0,280487.8,231263.2,86,57549.41744186047,16463.797461033326,0,13,0,37,24,0,12,12,0,12,0,0,86,511751.0,0,Teplice,north Bohemia,128118,9,16,6,3,8,85.3,9317,6.49,7.07,97,6949.0,6872,0,1,1.212850985370781,49224.59999999998,572.3790697674416,4.8738599358258305,4.018515048108603,0.0,0.43023255813953487,0.07119073618731094,0.058697018055806086,0.0,0.0,0.13953488372093023,0,1,0.0,0.2860810446546387
487,1221,F,26,20,2,MONTHLY,2,4969.0,0,1,0,0,277716.4,292703.2,87,50001.752873563215,9855.778636601144,0,12,0,39,24,0,12,12,0,12,0,0,87,570419.6,0,Ceske Budejovice,south Bohemia,177686,69,27,10,1,9,74.8,10045,1.42,1.71,135,6604.0,6295,0,0,0.9487986465470826,-14986.799999999988,-172.2620689655171,5.554133286131924,5.853858778514088,0.0,0.4482758620689655,0.03367157802374946,0.035488644662688786,0.0,0.0,0.13793103448275862,0,0,0.0,0.1971086626007478
488,1222,F,60,60,3,MONTHLY,2,2642.0,0,1,0,0,48232.5,43719.2,69,14809.978260869566,2458.6647879830048,0,0,12,21,24,0,12,12,0,12,0,0,69,91951.7,0,Melnik,central Bohemia,94725,38,28,1,3,6,63.4,9920,2.26,2.87,130,4289.0,4846,0,0,1.103233819466047,4513.300000000003,65.41014492753628,3.256756974953725,2.952009734917263,0.0,0.4782608695652174,0.05623764359784728,0.05097527161111294,0.0,0.0,0.17391304347826086,0,1,0.0,0.16601407136965268
489,1223,F,44,40,3,MONTHLY,3,9364.0,1,1,0,0,262389.4,273183.2,101,43541.98910891089,8887.861621660199,0,13,0,40,36,12,12,12,0,12,0,0,101,535572.6,0,Usti nad Orlici,east Bohemia,139012,59,41,8,3,10,61.9,8363,2.52,3.49,108,2564.0,2799,0,0,0.960488785547574,-10793.799999999988,-106.86930693069296,6.026123412591224,6.274017462011007,0.0,0.39603960396039606,0.03253443704320104,0.03387279219991432,0.1188118811881188,0.0,0.1188118811881188,1,0,0.0,0.20412162612574106
490,1226,F,48,40,2,WEEKLY,0,0.0,0,0,0,0,180565.6,183277.0,57,44440.91403508772,10964.156981524562,0,13,0,32,0,0,12,12,0,0,0,0,57,363842.6,0,Decin,north Bohemia,133777,24,17,7,3,11,84.7,8705,5.75,7.61,116,4650.0,4859,0,0,0.9852059996617143,-2711.399999999994,-47.56842105263148,4.063048745069395,4.124060091457528,0.0,0.5614035087719298,0.059822874564318285,0.060721183777666186,0.0,0.0,0.0,0,0,0.0,0.2467131295469747
491,1228,F,50,50,3,MONTHLY,0,0.0,0,0,0,0,239177.8,243295.19999999998,56,36111.833928571425,10376.989102945328,5,12,0,27,0,0,12,12,0,0,0,0,56,482473.0,0,Tabor,south Bohemia,103347,87,16,7,1,7,67.0,9104,1.51,2.07,123,2299.0,2354,0,0,0.9830765259651649,-4117.399999999994,-73.52499999999989,6.623252656541606,6.737270681993986,0.0,0.48214285714285715,0.042651844766955244,0.043386088102429776,0.0,0.0,0.0,0,0,0.0,0.2873570232813662
492,1237,M,76,70,1,MONTHLY,2,1714.0,0,1,0,0,77390.3,57157.4,62,24221.904838709677,3332.361715819304,0,0,12,23,17,0,9,10,0,9,12,0,62,134547.7,0,Hodonin,south Moravia,161954,21,37,20,3,8,48.0,8720,3.73,4.5,116,3729.0,3651,0,0,1.3539856606493648,20232.9,326.3370967741936,3.195054250081954,2.359740093960539,0.0,0.5645161290322581,0.05830149229704822,0.04305916524188825,0.0,0.0,0.14516129032258066,0,1,0.0,0.1375763689110762
493,1238,M,64,60,1,MONTHLY,4,8166.0,1,1,1,0,225355.30000000002,232775.2,96,39764.634375,9415.874604839908,0,12,0,36,36,12,12,12,0,12,0,0,96,458130.5,0,Ostrava - mesto,north Moravia,323870,0,0,0,1,1,100.0,10673,4.75,5.44,100,18782.0,18347,0,0,0.9681241816138489,-7419.899999999994,-77.29062499999993,5.667229274002347,5.853824727893025,0.0,0.375,0.04045050591660928,0.0417823525998275,0.125,0.0,0.125,0,0,0.0,0.2367901717904305
494,1239,F,23,20,3,MONTHLY,0,0.0,0,0,0,0,649433.4,636776.2,72,59032.362499999996,25428.729975139806,0,0,12,48,0,0,12,12,0,0,0,0,72,1286209.6,0,Praha - zapad,central Bohemia,75637,35,36,9,0,7,36.5,9622,0.45,0.59,154,3475.0,3529,0,0,1.0198769991717656,12657.20000000007,175.79444444444542,11.001311356969664,10.78690015159058,0.0,0.8333333333333334,0.039933543331455865,0.03915525437271906,0.0,0.0,0.0,0,1,0.0,0.43075914461563025
495,1245,M,20,20,1,MONTHLY,2,2147.0,0,1,0,0,39444.2,36139.2,74,16212.802702702702,1988.106470438847,0,0,12,26,24,0,12,12,0,12,0,0,74,75583.4,0,Zlin,south Moravia,197099,29,41,10,2,10,74.7,9624,1.6,2.31,145,4484.0,4265,0,0,1.091451941382211,3305.0,44.66216216216216,2.4329044597221046,2.229053215701905,0.0,0.5135135135135135,0.05501246487024747,0.050403011607253974,0.0,0.0,0.16216216216216217,0,1,0.0,0.12262571172271321
496,1246,M,37,30,3,WEEKLY,0,0.0,0,0,0,0,455998.7,451020.0,74,70629.84054054055,26497.213143220135,12,19,0,31,0,0,12,12,0,0,0,0,74,907018.7,0,Karvina,north Moravia,285387,0,2,8,5,7,89.9,10177,6.63,7.75,81,9878.0,10108,0,0,1.0110387565961598,4978.700000000012,67.2797297297299,6.456176263604377,6.38568622763803,0.0,0.4189189189189189,0.05874953027187294,0.05810808921871956,0.0,0.0,0.0,0,1,0.0,0.3751560663373026
497,1250,F,47,40,2,MONTHLY,0,0.0,0,0,0,0,158894.5,158875.2,62,47441.8064516129,6462.710954894632,0,12,0,38,0,0,12,12,0,0,0,0,62,317769.7,0,Hradec Kralove,east Bohemia,161854,73,21,6,1,6,76.3,9425,1.72,2.5,125,4085.0,3891,0,0,1.0001214789973514,19.29999999998836,0.3112903225804574,3.34925062691406,3.348843812725404,0.0,0.6129032258064516,0.040677909169553404,0.0406729682581501,0.0,0.0,0.0,0,1,0.0,0.1362239644370649
498,1253,F,32,30,1,MONTHLY,2,3068.0,0,1,0,0,200224.7,169843.4,70,39294.218571428566,8245.8014634993,0,12,0,28,18,0,9,12,0,9,0,0,70,370068.1,0,Ceske Budejovice,south Bohemia,177686,69,27,10,1,9,74.8,10045,1.42,1.71,135,6604.0,6295,0,1,1.178878307900101,30381.300000000017,434.0185714285717,5.0955256849308235,4.322350874372541,0.0,0.4,0.04854943709028022,0.04118273851077964,0.0,0.0,0.12857142857142856,0,1,0.0,0.20984770185746737
499,1255,F,33,30,1,MONTHLY,1,7399.0,0,1,0,0,161390.9,162023.2,77,26242.1012987013,7456.3396062554775,0,19,0,34,12,0,12,12,0,12,0,0,77,323414.1,0,Hl.m. Praha,Prague,1204953,0,0,0,1,1,100.0,12541,0.29,0.43,167,85677.0,99107,0,0,0.9960974724607339,-632.3000000000175,-8.211688311688539,6.1500753374497155,6.174170206713531,0.0,0.44155844155844154,0.046020197146183245,0.04620049585357959,0.0,0.0,0.15584415584415584,0,0,0.0,0.28413653012704765
500,1256,F,44,40,2,MONTHLY,1,4339.0,0,1,0,0,92414.4,102543.2,73,23519.516438356164,4052.0422298862554,0,16,0,33,12,0,12,12,0,12,0,0,73,194957.6,0,Nachod,east Bohemia,112709,48,20,7,3,10,73.5,8369,1.79,2.31,117,2854.0,2618,0,0,0.901224069465357,-10128.800000000003,-138.7506849315069,3.9292644575501767,4.359919570147718,0.0,0.4520547945205479,0.0395154649931566,0.04384643767514863,0.0,0.0,0.1643835616438356,0,0,0.0,0.17228424914715051
501,1257,F,71,70,3,MONTHLY,1,3852.0,0,1,0,0,72744.1,77649.2,62,15986.509677419355,2774.0477210374993,0,0,12,26,12,0,12,12,0,12,12,0,62,150393.3,0,Jablonec n. Nisou,north Bohemia,88768,10,18,5,1,7,80.5,8867,1.02,1.21,130,3384.0,3620,0,0,0.9368299995363766,-4905.099999999991,-79.11451612903211,4.550342849555816,4.8571702996357,0.0,0.6129032258064516,0.03572538701026539,0.03813433283300637,0.0,0.0,0.1935483870967742,0,0,0.0,0.1735242887292521
502,1260,F,54,50,3,TRANSACTION,1,5673.0,0,1,0,0,338096.4,322675.0,75,54744.95333333333,16012.944064026997,0,2,12,37,12,0,12,12,0,12,0,0,75,660771.4,0,Hodonin,south Moravia,161954,21,37,20,3,8,48.0,8720,3.73,4.5,116,3729.0,3651,0,0,1.0477923607344852,15421.400000000023,205.61866666666697,6.175845980567098,5.894150608464001,0.0,0.6533333333333333,0.049625611107234825,0.04736206615635954,0.0,0.0,0.16,0,1,0.0,0.29250082590310605
503,1262,M,47,40,3,MONTHLY,0,0.0,0,0,0,0,169876.7,158675.2,60,44843.193333333336,8318.798847207085,0,12,0,36,0,0,12,12,0,0,0,0,60,328551.9,0,Jablonec n. Nisou,north Bohemia,88768,10,18,5,1,7,80.5,8867,1.02,1.21,130,3384.0,3620,0,0,1.0705938924293148,11201.5,186.69166666666666,3.78823824470425,3.5384455968717066,0.0,0.6,0.052426584918166694,0.048969628249236556,0.0,0.0,0.0,0,1,0.0,0.18550861856270756
504,1264,F,23,20,3,MONTHLY,0,0.0,0,0,0,0,70056.1,78275.2,56,22514.31071428571,9175.816154171565,0,15,0,29,0,0,12,12,0,0,0,0,56,148331.3,0,Trebic,south Moravia,117897,139,28,5,1,6,53.8,8814,4.76,5.74,107,2112.0,2059,0,0,0.8949973938105557,-8219.099999999991,-146.7696428571427,3.1116253519388546,3.476686494796088,0.0,0.5178571428571429,0.11722507453409976,0.13097811831049067,0.0,0.0,0.0,0,0,0.0,0.40755483348416943
505,1265,F,41,40,2,MONTHLY,2,3482.0,0,1,0,0,129939.4,130259.2,82,20531.265853658537,5048.546787173158,0,14,0,32,24,0,12,12,0,12,0,0,82,260198.6,0,Hodonin,south Moravia,161954,21,37,20,3,8,48.0,8720,3.73,4.5,116,3729.0,3651,0,0,0.9975448951014593,-319.8000000000029,-3.9000000000000354,6.328854778179478,6.3444310218597,0.0,0.3902439024390244,0.038757698398064463,0.03885308680179498,0.0,0.0,0.14634146341463414,0,0,0.0,0.24589554405256217
506,1266,F,47,40,3,MONTHLY,1,4736.0,0,1,0,0,128385.7,137307.2,76,28093.11315789474,5741.420754885026,0,14,0,38,12,0,12,12,0,12,0,0,76,265692.9,0,Praha - vychod,central Bohemia,92084,55,29,4,3,5,46.7,10124,0.56,0.54,141,3810.0,4316,0,0,0.9350252572334152,-8921.500000000015,-117.38815789473703,4.570006153409203,4.88757508746993,0.0,0.5,0.04181441872593007,0.04472009542250443,0.0,0.0,0.15789473684210525,0,0,0.0,0.20437111126189195
507,1270,M,69,60,3,MONTHLY,1,3090.0,0,1,0,0,56469.8,55325.2,56,16515.96607142857,2695.4371738029486,0,0,12,20,12,0,12,12,0,12,12,0,56,111795.0,0,Rakovnik,central Bohemia,53921,61,22,1,1,2,41.3,8598,2.77,3.26,123,1597.0,1875,0,0,1.0206885831411365,1144.6000000000058,20.43928571428582,3.4191036573808833,3.349801020462775,0.0,0.5714285714285714,0.048719881244043375,0.04773236621703899,0.0,0.0,0.21428571428571427,0,1,0.0,0.16320190790812172
508,1272,M,55,50,1,MONTHLY,2,2146.0,0,1,0,0,39319.9,41187.2,74,14124.045945945947,1735.8619333226602,0,0,12,26,24,0,12,12,0,12,0,0,74,80507.1,0,Mlada Boleslav,central Bohemia,112065,95,19,7,1,8,69.4,11277,1.25,1.44,127,5179.0,4987,0,0,0.9546630992152902,-1867.2999999999956,-25.233783783783725,2.7838977691293953,2.916104928972002,0.0,0.5135135135135135,0.042145664995985654,0.04414716042824779,0.0,0.0,0.16216216216216217,0,0,0.0,0.12290118142959654
509,1275,F,48,40,3,MONTHLY,1,7844.0,0,1,0,0,304004.8,294903.2,69,57548.87101449275,11851.658180933036,0,12,0,33,12,0,12,12,0,12,0,0,69,598908.0,0,Kutna Hora,central Bohemia,77963,60,23,4,2,4,51.5,8546,2.95,4.02,126,2640.0,3120,0,0,1.03086300860757,9101.599999999977,131.90724637681126,5.282550198481588,5.124395923001399,0.0,0.4782608695652174,0.04018829968929817,0.03898510214619321,0.0,0.0,0.17391304347826086,0,1,0.0,0.2059407590801979
510,1278,M,21,20,3,MONTHLY,0,0.0,0,0,0,0,54809.3,54825.2,64,35708.7671875,5252.983953726931,0,20,0,32,0,0,12,12,0,0,0,0,64,109634.5,0,Olomouc,north Moravia,226122,32,50,7,4,4,62.6,8994,3.8,4.79,110,9672.0,9208,0,0,0.9997099873780672,-15.89999999999418,-0.24843749999990905,1.5348975704539647,1.5353428392563433,0.0,0.5,0.0958133112825294,0.09584110641308921,0.0,0.0,0.0,0,0,0.0,0.14710628138307053
511,1283,F,60,60,3,MONTHLY,1,3080.0,0,1,0,0,56341.7,59605.2,64,17189.1734375,2386.751871666237,0,0,12,28,12,0,12,12,0,12,12,0,64,115946.9,0,Karvina,north Moravia,285387,0,2,8,5,7,89.9,10177,6.63,7.75,81,9878.0,10108,0,0,0.9452480656050143,-3263.5,-50.9921875,3.2777434124368434,3.467601290819775,0.0,0.625,0.040042678686863516,0.042362084773200616,0.0,0.0,0.1875,0,0,0.0,0.13885204430244943
512,1286,F,49,40,3,WEEKLY,1,4219.5,0,0,0,1,227183.2,246732.0,65,39538.37384615385,21064.371505698593,0,12,0,29,12,0,12,12,0,0,0,12,65,473915.2,0,Frydek - Mistek,north Moravia,228848,15,40,18,2,6,57.2,9893,4.09,4.72,96,5623.0,5887,0,0,0.9207690935914272,-19548.79999999999,-300.75076923076904,5.745891343027492,6.240317342338074,5.282080717236133e-05,0.4461538461538462,0.08537348826134669,0.09271975879245734,0.0,0.18461538461538463,0.0,0,0,0.0,0.5327576593731778
513,1288,M,27,20,2,MONTHLY,1,3843.0,0,1,0,0,94590.7,82571.2,71,33342.90845070423,8503.432095365903,0,21,0,26,12,0,12,12,0,12,0,0,71,177161.9,0,Opava,north Moravia,182027,17,49,12,2,7,56.4,8746,3.33,3.74,90,4355.0,4433,0,0,1.1455652818416107,12019.5,169.2887323943662,2.836906088736904,2.4764246383028423,0.0,0.36619718309859156,0.10298302671350183,0.089897126201264,0.0,0.0,0.16901408450704225,0,1,0.0,0.2550297046803157
514,1290,M,23,20,1,MONTHLY,2,4076.0,0,1,0,0,89015.5,81787.2,78,26570.343589743592,4238.599862567635,0,19,0,23,24,0,12,12,0,12,0,0,78,170802.7,0,Jablonec n. Nisou,north Bohemia,88768,10,18,5,1,7,80.5,8867,1.02,1.21,130,3384.0,3620,0,0,1.0883793552047265,7228.300000000003,92.67051282051285,3.35018249573411,3.078138591763286,0.0,0.2948717948717949,0.051824733730554844,0.04761642480879886,0.0,0.0,0.15384615384615385,0,1,0.0,0.15952371290387735
515,1291,F,35,30,2,MONTHLY,2,7087.0,0,1,0,0,161801.1,148619.2,84,31284.045238095237,8707.57530842569,0,15,0,33,24,0,12,12,0,12,0,0,84,310420.3,0,Hl.m. Praha,Prague,1204953,0,0,0,1,1,100.0,12541,0.29,0.43,167,85677.0,99107,0,0,1.0886958078094888,13181.899999999994,156.92738095238087,5.172000576286452,4.750638827840055,0.0,0.39285714285714285,0.05858984107319707,0.053816539618245424,0.0,0.0,0.14285714285714285,0,1,0.0,0.278339173919308
516,1292,M,22,20,3,MONTHLY,0,0.0,0,0,0,0,80784.7,69925.2,67,39320.23582089552,10064.155059021634,0,22,0,33,0,0,12,12,0,0,0,0,67,150709.9,0,Ceske Budejovice,south Bohemia,177686,69,27,10,1,9,74.8,10045,1.42,1.71,135,6604.0,6295,0,0,1.155301665207965,10859.5,162.0820895522388,2.0545324389196433,1.778351491036593,0.0,0.4925373134328358,0.14392744045096237,0.12457996451087439,0.0,0.0,0.0,0,1,0.0,0.25595357832704935
517,1295,F,55,50,3,MONTHLY,1,10392.0,0,1,0,0,361585.1,362166.2,79,40280.21392405063,12759.899903360452,0,3,12,40,12,0,12,12,0,12,0,0,79,723751.3,0,Ostrava - mesto,north Moravia,323870,0,0,0,1,1,100.0,10673,4.75,5.44,100,18782.0,18347,0,0,0.9983954880383646,-581.1000000000349,-7.355696202532088,8.97674229540533,8.99116873318681,0.0,0.6582278481012658,0.035232166622286815,0.03528878790459135,0.0,0.0,0.1518987341772152,0,0,0.0,0.3167783549367332
518,1296,F,40,40,3,MONTHLY,1,6185.0,0,1,0,0,319618.5,297735.2,74,48510.122972972975,14268.491572745868,0,12,0,38,12,0,12,12,0,12,0,0,74,617353.7,0,Brno - venkov,south Moravia,157042,49,70,18,0,9,33.9,8743,1.88,2.43,111,3659.0,3894,0,0,1.0734992033189223,21883.29999999999,295.72027027027013,6.588696964921587,6.137589058800795,0.0,0.5135135135135135,0.047923428512133825,0.04464225810691768,0.0,0.0,0.16216216216216217,0,1,0.0,0.2941343104962946
519,1306,F,77,70,3,MONTHLY,1,3032.0,0,1,0,0,68493.4,70979.2,66,25139.12424242424,3711.455809664932,0,0,12,30,12,0,12,12,0,12,12,0,66,139472.6,0,Ceska Lipa,north Bohemia,105058,32,19,7,2,10,81.0,9272,2.8,3.22,118,4340.0,4505,0,0,0.9649784725666111,-2485.800000000003,-37.66363636363641,2.724573829203327,2.8234555553934944,0.0,0.6363636363636364,0.052289344056638175,0.05418705758021842,0.0,0.0,0.18181818181818182,0,0,0.0,0.14763663896459686
520,1307,M,46,40,1,MONTHLY,2,3718.0,0,1,0,0,173965.4,166370.0,73,31947.667123287672,7966.89227782101,0,12,0,30,19,0,10,12,0,9,0,0,73,340335.4,0,Ostrava - mesto,north Moravia,323870,0,0,0,1,1,100.0,10673,4.75,5.44,100,18782.0,18347,0,0,1.0456536635210674,7595.399999999994,104.04657534246567,5.445324045998685,5.207578987159523,0.0,0.410958904109589,0.04788659180033065,0.04579584375870725,0.0,0.0,0.1232876712328767,0,1,0.0,0.24937320922608738
521,1309,M,24,20,3,MONTHLY,0,0.0,0,0,0,0,21064.8,2300.0,24,42154.80416666667,5385.99980847924,0,11,0,1,0,0,0,12,0,0,0,0,24,23364.8,0,Jindrichuv Hradec,south Bohemia,93931,74,21,10,1,8,56.9,8427,1.12,1.54,107,1874.0,1913,0,0,9.158608695652173,18764.8,781.8666666666667,0.4997010522624299,0.05456080381506536,0.0,0.041666666666666664,2.3417390471648867,0.25568720369902587,0.0,0.0,0.0,0,1,0.0,0.1277671647384415
522,1310,F,22,20,1,MONTHLY,1,5664.0,0,1,0,0,157320.7,176143.2,76,29921.47894736842,6868.161610529483,8,12,0,32,12,0,12,12,0,12,0,0,76,333463.9,0,Usti nad Labem,north Bohemia,118650,8,8,5,1,3,85.6,9832,3.32,4.48,114,6445.0,5471,0,0,0.8931409217046131,-18822.5,-247.66447368421052,5.257784893478211,5.886848050186092,0.0,0.42105263157894735,0.038991920270152254,0.04365707507358843,0.0,0.0,0.15789473684210525,0,0,0.0,0.2295395098153574
523,1318,M,68,60,3,MONTHLY,2,1626.0,0,1,0,0,70288.0,81577.2,74,18971.19459459459,4759.783483158218,0,0,12,26,24,0,12,12,0,12,12,0,74,151865.2,0,Pardubice,east Bohemia,162580,83,26,5,1,6,72.8,9538,1.51,1.81,111,6079.0,5410,0,0,0.8616132939105535,-11289.199999999997,-152.55675675675673,3.7049854530524375,4.300056045139274,0.0,0.5135135135135135,0.058346982774086606,0.06771829449064161,0.0,0.0,0.16216216216216217,0,0,0.0,0.2508952959933482
524,1324,F,43,40,1,MONTHLY,0,0.0,0,0,0,0,275630.0,303075.2,56,56421.3375,10354.031052520955,0,12,0,32,0,0,12,12,0,0,0,0,56,578705.2,0,Zdar nad Sazavou,south Moravia,125832,151,41,2,3,5,48.3,8512,3.51,4.12,102,2247.0,2103,0,0,0.9094442567389215,-27445.20000000001,-490.0928571428573,4.885208543664885,5.371641535438609,0.0,0.5714285714285714,0.034163240847555176,0.037564964091430376,0.0,0.0,0.0,0,0,0.0,0.18351268352192032
525,1325,M,54,50,1,MONTHLY,1,8840.0,0,1,0,0,214669.69999999998,175236.8,58,38509.7275862069,8494.289278155062,0,13,0,25,8,0,8,12,0,8,0,0,58,389906.5,0,Most,north Bohemia,119895,17,4,3,2,4,89.9,10446,7.34,9.4,90,4947.0,4743,0,0,1.2250263643253014,39432.899999999994,679.8775862068965,5.574427903169292,4.55045545590317,0.0,0.43103448275862066,0.04847320470446312,0.03956911142166343,0.0,0.0,0.13793103448275862,0,1,0.0,0.2205751588125354
526,1326,F,43,40,2,MONTHLY,2,5854.0,0,1,0,0,115075.4,115923.2,74,18288.144594594592,4425.123885647333,0,13,0,25,24,0,12,12,0,12,0,0,74,230998.6,0,Brno - venkov,south Moravia,157042,49,70,18,0,9,33.9,8743,1.88,2.43,111,3659.0,3894,0,0,0.9926865372936564,-847.8000000000029,-11.456756756756796,6.29234963693434,6.338707538120805,0.0,0.33783783783783783,0.03817289279149758,0.03845412560501491,0.0,0.0,0.16216216216216217,0,0,0.0,0.24196680328934309
527,1327,F,36,30,3,WEEKLY,1,8022.8,0,0,0,1,612146.5,555439.0,90,56166.03999999999,33250.557177562936,0,25,0,43,10,0,12,12,0,0,0,10,90,1167585.5,0,Strakonice,south Bohemia,70646,94,14,3,1,4,58.4,8547,2.65,3.64,120,1563.0,1542,0,0,1.102094919514114,56707.5,630.0833333333334,10.89887234350152,9.889231998552864,1.6335958794177538e-05,0.4777777777777778,0.05986356229498277,0.05431797319361123,0.0,0.1111111111111111,0.0,0,1,0.0,0.5920046557949064
528,1328,F,62,60,3,MONTHLY,1,1746.0,0,1,0,0,78000.0,71017.2,68,26755.220588235294,5706.463078382522,0,0,12,32,12,0,12,12,0,12,12,0,68,149017.2,0,Havlickuv Brod,east Bohemia,95907,87,25,5,2,7,59.1,8388,2.41,2.94,87,1658.0,1668,0,0,1.0983254760818506,6982.800000000003,102.68823529411769,2.915318890485914,2.6543305731976443,0.0,0.6470588235294118,0.0803532535552306,0.07315978305618619,0.0,0.0,0.17647058823529413,0,1,0.0,0.21328409756755087
529,1329,M,81,80,1,MONTHLY,2,2366.0,0,1,0,0,58229.4,47817.2,66,28995.65303030303,3870.7554034847094,0,0,12,18,24,0,12,12,0,12,12,0,66,106046.6,0,Plzen - mesto,west Bohemia,170449,0,0,0,1,1,100.0,10787,2.64,3.09,131,6041.0,6261,0,0,1.2177500982909917,10412.200000000004,157.76060606060614,2.0082113666881414,1.6491161606198963,0.0,0.45454545454545453,0.08094901841773901,0.06647424502888076,0.0,0.0,0.18181818181818182,0,1,0.0,0.13349433445901102
530,1330,M,31,30,2,MONTHLY,0,0.0,0,0,0,0,235341.0,229715.19999999998,59,51311.972881355934,9309.596017140346,0,12,0,35,0,0,12,12,0,0,0,0,59,465056.2,0,Zdar nad Sazavou,south Moravia,125832,151,41,2,3,5,48.3,8512,3.51,4.12,102,2247.0,2103,0,0,1.0244903254116402,5625.8000000000175,95.35254237288166,4.586473424909189,4.476834296181708,0.0,0.5932203389830508,0.040526687033075506,0.03955790116104013,0.0,0.0,0.0,0,1,0.0,0.18143126242029495
531,1333,M,50,50,1,MONTHLY,0,0.0,0,0,0,0,247083.2,238915.2,62,51726.440322580645,9479.917161660958,0,12,0,38,0,0,12,12,0,0,0,0,62,485998.4,0,Rychnov nad Kneznou,east Bohemia,78955,50,24,8,1,9,59.0,9060,1.78,2.44,124,1655.0,1717,0,0,1.0341878624717054,8168.0,131.74193548387098,4.776729240580245,4.618821602840976,0.0,0.6129032258064516,0.03967900393805399,0.038367307699029955,0.0,0.0,0.0,0,1,0.0,0.18327024056829594
532,1335,F,38,30,3,WEEKLY,1,3350.0,0,1,0,0,264021.6,255634.0,64,25993.4859375,14048.979541215142,0,13,0,27,12,0,12,12,0,12,0,0,64,519655.6,0,Kutna Hora,central Bohemia,77963,60,23,4,2,4,51.5,8546,2.95,4.02,126,2640.0,3120,0,0,1.0328109719364402,8387.599999999977,131.05624999999964,10.157221722197104,9.834540877459022,0.0,0.421875,0.05495739823816528,0.053211477929135886,0.0,0.0,0.1875,0,1,0.0,0.5404807794920308
533,1337,F,20,20,3,MONTHLY,1,2293.0,0,1,0,0,42101.4,44251.2,65,16155.052307692305,1850.969902772908,0,0,12,29,12,0,12,12,0,12,0,0,65,86352.6,0,Chomutov,north Bohemia,125236,28,11,1,4,5,87.7,9675,6.43,7.68,100,5323.0,5190,0,0,0.9514182666232781,-2149.7999999999956,-33.073846153846084,2.6060825553596763,2.739155476391096,0.0,0.6307692307692307,0.04182869397378847,0.04396456894005681,0.0,0.0,0.18461538461538463,0,0,0.0,0.11457529616858993
534,1339,M,40,40,3,MONTHLY,1,8086.0,0,1,0,0,168230.8,159367.2,70,40837.61714285715,7709.938445871158,0,15,0,31,12,0,12,12,0,12,0,0,70,327598.0,0,Hl.m. Praha,Prague,1204953,0,0,0,1,1,100.0,12541,0.29,0.43,167,85677.0,99107,0,0,1.0556174670823104,8863.599999999977,126.62285714285682,4.119505783393266,3.9024607983983395,0.0,0.44285714285714284,0.04837845206461027,0.04582952970485285,0.0,0.0,0.17142857142857143,0,1,0.0,0.1887950126693348
535,1341,F,37,30,3,MONTHLY,2,5025.0,0,1,0,0,99058.7,95575.2,65,23207.921538461538,6939.86793220187,0,12,0,17,24,0,12,12,0,12,0,0,65,194633.9,0,Rychnov nad Kneznou,east Bohemia,78955,50,24,8,1,9,59.0,9060,1.78,2.44,124,1655.0,1717,0,0,1.0364477395809792,3483.5,53.59230769230769,4.268314154537022,4.11821454332337,0.0,0.26153846153846155,0.07261159727839303,0.07005813656147183,0.0,0.0,0.18461538461538463,0,1,0.0,0.29903013592581784
536,1343,F,60,60,3,MONTHLY,2,2703.0,0,1,0,0,65929.2,62401.2,72,16788.6,2924.102133916915,0,0,12,24,24,0,12,12,0,12,12,0,72,128330.4,0,Hl.m. Praha,Prague,1204953,0,0,0,1,1,100.0,12541,0.29,0.43,167,85677.0,99107,0,0,1.0565373742812638,3528.0,49.0,3.927021907723098,3.7168793109610094,0.0,0.5,0.04685970997219469,0.04435215555348639,0.0,0.0,0.16666666666666666,0,1,0.0,0.17417188651328375
537,1346,M,45,40,1,MONTHLY,0,0.0,0,0,0,0,125961.0,126075.2,62,28058.974193548387,6296.959216198772,0,12,0,38,0,0,12,12,0,0,0,0,62,252036.2,0,Rakovnik,central Bohemia,53921,61,22,1,1,2,41.3,8598,2.77,3.26,123,1597.0,1875,0,0,0.9990941914032261,-114.19999999999709,-1.8419354838709208,4.4891519957619215,4.493221994872091,0.0,0.6129032258064516,0.04994605771951004,0.04999134030532285,0.0,0.0,0.0,0,0,0.0,0.22441872510245348
538,1347,M,29,20,3,MONTHLY,2,9112.0,0,1,0,0,212493.0,222659.2,82,33534.61341463414,8394.957626077992,0,12,0,34,24,0,12,12,0,12,0,0,82,435152.2,0,Rakovnik,central Bohemia,53921,61,22,1,1,2,41.3,8598,2.77,3.26,123,1597.0,1875,0,0,0.9543418821229933,-10166.200000000012,-123.97804878048795,6.336527496907728,6.63968292244675,0.0,0.4146341463414634,0.03770316980424789,0.03950698435279276,0.0,0.0,0.14634146341463414,0,0,0.0,0.2503370926713747
539,1352,F,28,20,3,MONTHLY,1,2791.0,0,1,0,0,82401.8,68867.2,71,45582.94225352113,7808.753603061879,0,18,0,29,12,0,12,12,0,12,0,0,71,151269.0,0,Breclav,south Moravia,124605,11,42,14,1,8,46.0,8772,4.69,4.98,126,2854.0,3158,0,0,1.1965318758422008,13534.600000000006,190.6281690140846,1.8077332424419081,1.5108107681372902,0.0,0.4084507042253521,0.11338857399548521,0.0947643571264448,0.0,0.0,0.16901408450704225,0,1,0.0,0.17130867857611098
540,1353,M,40,40,3,MONTHLY,1,6260.0,0,1,0,0,306091.2,310595.2,74,61875.59054054054,10185.941361533269,12,12,0,26,12,0,12,12,0,12,0,0,74,616686.4,0,Plzen - jih,west Bohemia,67298,71,19,10,0,7,43.8,8561,0.65,1.29,110,1029.0,1127,0,0,0.9854988100266843,-4504.0,-60.86486486486486,4.946881271370667,5.0196724958366215,0.0,0.35135135135135137,0.032794909134246986,0.033277472078691805,0.0,0.0,0.16216216216216217,0,0,0.0,0.16461970338464077
541,1354,M,78,70,3,MONTHLY,1,2070.0,0,1,0,0,75864.5,77825.2,67,33536.5328358209,5334.239509495527,0,0,12,31,12,0,12,12,0,12,12,0,67,153689.7,0,Ostrava - mesto,north Moravia,323870,0,0,0,1,1,100.0,10673,4.75,5.44,100,18782.0,18347,0,0,0.9748063609216552,-1960.699999999997,-29.26417910447757,2.262144997856425,2.3206095985233652,0.0,0.6417910447761194,0.06854128880485405,0.07031272214929944,0.0,0.0,0.1791044776119403,0,0,0.0,0.1590575726957064
542,1355,F,23,20,1,MONTHLY,2,6689.0,0,1,0,0,321868.7,326443.2,86,42259.32906976744,13176.15247094597,0,12,0,38,24,0,12,12,0,12,0,0,86,648311.9,0,Jablonec n. Nisou,north Bohemia,88768,10,18,5,1,7,80.5,8867,1.02,1.21,130,3384.0,3620,0,0,0.985986842427718,-4574.5,-53.19186046511628,7.616512308290921,7.724760595726999,0.0,0.4418604651162791,0.04036277205635152,0.04093642056821918,0.0,0.0,0.13953488372093023,0,0,0.0,0.31179275111521504
543,1359,F,48,40,3,WEEKLY,0,0.0,0,0,0,0,628403.6,636846.0,72,67506.27361111112,23919.82234177273,0,0,12,48,0,0,12,12,0,0,0,0,72,1265249.6,0,Hl.m. Praha,Prague,1204953,0,0,0,1,1,100.0,12541,0.29,0.43,167,85677.0,99107,0,0,0.9867434199162749,-8442.400000000023,-117.25555555555587,9.308817779219984,9.433878748347606,0.0,0.8333333333333334,0.03755982190635213,0.03806442601820348,0.0,0.0,0.0,0,0,0.0,0.3543348056740563
544,1361,F,77,70,3,MONTHLY,2,2998.0,0,1,0,0,54746.1,52191.2,66,15782.889393939393,2162.4763328632002,0,0,12,18,24,0,12,12,0,12,12,0,66,106937.3,0,Hl.m. Praha,Prague,1204953,0,0,0,1,1,100.0,12541,0.29,0.43,167,85677.0,99107,0,0,1.0489526970063918,2554.9000000000015,38.71060606060608,3.468699465195671,3.3068216279866567,0.0,0.45454545454545453,0.041433734669124304,0.03950009832413999,0.0,0.0,0.18181818181818182,0,1,0.0,0.1370139699321208
545,1363,F,20,20,3,MONTHLY,2,7980.0,0,1,0,0,159683.1,165435.2,84,20280.745238095238,4780.20714438507,0,14,0,34,24,0,12,12,0,12,0,0,84,325118.3,0,Kutna Hora,central Bohemia,77963,60,23,4,2,4,51.5,8546,2.95,4.02,126,2640.0,3120,0,0,0.9652304950820623,-5752.100000000006,-68.47738095238103,7.873630782563757,8.157254482406666,0.0,0.40476190476190477,0.028894740323613534,0.029935585822075533,0.0,0.0,0.14285714285714285,0,0,0.0,0.2357017500227731
546,1364,M,66,60,1,MONTHLY,1,1735.0,0,1,0,0,62435.4,56205.2,66,24175.87727272727,3479.439406473645,0,0,12,30,12,0,12,12,0,12,12,0,66,118640.6,0,Hl.m. Praha,Prague,1204953,0,0,0,1,1,100.0,12541,0.29,0.43,167,85677.0,99107,0,0,1.1108473949029627,6230.200000000004,94.39696969696976,2.5825495098137834,2.324846348529611,0.0,0.6363636363636364,0.06190600525349336,0.055728631617217875,0.0,0.0,0.18181818181818182,0,1,0.0,0.14392195026563895
547,1366,F,19,10,3,MONTHLY,3,12214.8,0,1,1,0,402546.5,408408.2,91,39771.32967032967,13307.48656413203,0,0,12,43,24,0,12,12,0,12,0,0,91,810954.7,0,Pribram,central Bohemia,107870,84,29,6,1,6,58.0,8754,3.83,4.31,137,3804.0,3868,0,0,0.9856474478230358,-5861.700000000012,-64.41428571428584,10.121524810378894,10.26890987516271,0.0,0.6043956043956044,0.03258378887625672,0.03305825926726982,0.0,0.0,0.13186813186813187,0,0,0.0,0.33459999136160945
548,1367,F,34,30,1,MONTHLY,1,2121.0,0,1,0,0,38717.7,24153.8,45,16202.013333333332,2889.8096986417013,0,0,12,18,7,0,8,8,0,7,0,0,45,62871.5,0,Prostejov,south Moravia,110643,49,41,4,1,4,51.9,8441,3.45,4.48,115,1879.0,2252,0,0,1.6029651649015888,14563.899999999998,323.6422222222222,2.3896844918861935,1.4907900335020092,0.0,0.6666666666666666,0.11964203142535342,0.07463794850008398,0.0,0.0,0.15555555555555556,0,1,0.0,0.17836114803685107
549,1373,F,24,20,1,MONTHLY,1,2077.0,0,1,0,0,41195.2,39839.0,58,17891.046551724135,3748.951834107981,0,2,12,23,9,0,10,12,0,9,0,0,58,81034.2,0,Ostrava - mesto,north Moravia,323870,0,0,0,1,1,100.0,10673,4.75,5.44,100,18782.0,18347,0,0,1.0340420191269861,1356.199999999997,23.382758620689604,2.3025595445689606,2.2267562651979556,0.0,0.603448275862069,0.09410255865127089,0.09100457903124591,0.0,0.0,0.15517241379310345,0,1,0.0,0.20954346204787555
550,1375,M,22,20,3,MONTHLY,1,2250.0,0,1,0,0,41340.4,42475.2,64,17618.0328125,1825.8249935307297,0,0,12,28,12,0,12,12,0,12,0,0,64,83815.6,0,Kromeriz,south Moravia,108871,41,29,7,2,6,62.1,8444,3.24,3.47,106,2595.0,2305,0,0,0.9732832335103779,-1134.7999999999956,-17.731249999999932,2.346482177662251,2.410893455134436,0.0,0.625,0.04298567148667293,0.04416563442856696,0.0,0.0,0.1875,0,0,0.0,0.10363387405177871
551,1376,M,41,40,3,MONTHLY,2,1947.0,0,1,0,0,35931.9,37719.2,77,17157.05974025974,1784.64479889592,0,0,12,29,24,0,12,12,0,0,0,0,77,73651.1,0,Tachov,west Bohemia,51313,34,12,3,1,4,59.2,8930,3.52,4.2,108,1328.0,1452,0,0,0.9526156440221427,-1787.2999999999956,-23.211688311688256,2.094292410469629,2.198465271499309,0.0,0.5324675324675324,0.047313962090816356,0.04966742084042091,0.0,0.0,0.0,0,0,0.0,0.10401810251369459
552,1378,F,58,50,3,MONTHLY,2,4821.0,0,1,0,0,285590.9,273187.2,86,64040.22906976745,12800.04090879369,0,12,0,38,24,0,12,12,0,12,0,0,86,558778.1,0,Bruntal,north Moravia,106054,38,25,6,2,6,63.1,8110,5.77,6.55,109,3244.0,3079,0,1,1.045403664593363,12403.700000000012,144.22906976744198,4.45955462915144,4.265868563686449,0.0,0.4418604651162791,0.04685446795748003,0.04481949848119701,0.0,0.0,0.13953488372093023,0,1,0.0,0.19987500192806806
553,1380,F,46,40,3,MONTHLY,0,0.0,0,0,0,0,297036.6,298855.2,63,51040.55714285714,12465.064436704617,3,12,0,36,0,0,12,12,0,0,0,0,63,595891.8,0,Chrudim,east Bohemia,105606,77,26,7,2,7,53.0,8254,2.79,3.76,97,2166.0,2325,0,0,0.993914778795885,-1818.600000000035,-28.86666666666722,5.819619076034492,5.855249564841853,0.0,0.5714285714285714,0.041709377774603276,0.04196474251558434,0.0,0.0,0.0,0,0,0.0,0.24421881606457027
554,1382,F,20,20,1,MONTHLY,0,0.0,0,0,0,0,37659.2,22800.0,27,34353.80370370371,4826.239633541871,0,8,0,7,0,0,0,12,0,0,0,0,27,60459.2,0,Pisek,south Bohemia,70699,60,13,2,1,4,65.3,8968,2.83,3.35,131,1740.0,1910,0,0,1.651719298245614,14859.199999999997,550.3407407407407,1.0962163120219475,0.6636819665340847,0.0,0.25925925925925924,0.21167717690973117,0.1281556600655848,0.0,0.0,0.0,0,1,0.0,0.14048632504183373
555,1384,F,46,40,1,MONTHLY,1,3263.0,0,1,0,0,314756.8,307531.2,74,52049.41891891892,11434.985874465528,4,12,0,34,12,0,12,12,0,12,0,0,74,622288.0,0,Teplice,north Bohemia,128118,9,16,6,3,8,85.3,9317,6.49,7.07,97,6949.0,6872,0,0,1.0234955022449754,7225.599999999977,97.64324324324294,6.047268279600182,5.908446364772357,0.0,0.4594594594594595,0.037183173201501274,0.036329591209675306,0.0,0.0,0.16216216216216217,0,1,0.0,0.2196947845331111
556,1385,M,46,40,3,MONTHLY,1,2186.0,0,1,0,0,40119.6,38177.2,59,16103.315254237288,2001.6318452886499,0,0,12,23,12,0,12,12,0,12,0,0,59,78296.8,0,Jicin,east Bohemia,77917,85,19,6,1,5,53.5,8390,2.28,2.89,132,2080.0,2122,0,0,1.0508785348323084,1942.4000000000015,32.92203389830511,2.4913876035211615,2.370766478657516,0.0,0.5932203389830508,0.05243003272342262,0.04989162018785456,0.0,0.0,0.2033898305084746,0,1,0.0,0.12429936405560697
557,1387,F,22,20,3,MONTHLY,2,5951.0,0,1,0,0,157504.2,153287.2,82,21871.210975609756,5453.782765053681,0,13,0,33,24,0,12,12,0,12,0,0,82,310791.4,0,Jablonec n. Nisou,north Bohemia,88768,10,18,5,1,7,80.5,8867,1.02,1.21,130,3384.0,3620,0,0,1.027510450970466,4217.0,51.426829268292686,7.2014393796321965,7.008628839570986,0.0,0.4024390243902439,0.03557885306179303,0.034626268791903204,0.0,0.0,0.14634146341463414,0,1,0.0,0.2493589756477411
558,1391,M,34,30,3,MONTHLY,0,0.0,0,0,0,0,79455.0,53875.2,57,32086.947368421053,8455.375337683656,0,15,0,30,0,0,12,12,0,0,0,0,57,133330.2,0,Melnik,central Bohemia,94725,38,28,1,3,6,63.4,9920,2.26,2.87,130,4289.0,4846,0,0,1.4747973093371347,25579.800000000003,448.76842105263165,2.476240543785635,1.6790378773464205,0.0,0.5263157894736842,0.1569437391913841,0.10641715861410428,0.0,0.0,0.0,0,1,0.0,0.2635144827147118
559,1392,M,67,60,2,MONTHLY,1,2171.0,0,1,0,0,77420.5,75027.2,68,26053.901470588236,3813.828065824344,0,0,12,32,12,0,12,12,0,12,12,0,68,152447.7,0,Svitavy,east Bohemia,102609,75,33,2,3,6,52.0,8187,4.83,5.45,94,2123.0,2134,0,0,1.0318990979271518,2393.300000000003,35.19558823529416,2.9715511163423476,2.879691553477962,0.0,0.6470588235294118,0.05083260558603205,0.04926121719472677,0.0,0.0,0.17647058823529413,0,1,0.0,0.14638222494737316
560,1394,F,57,50,2,MONTHLY,1,6470.0,0,1,0,0,153335.6,155495.2,71,32052.36197183099,7181.494277782232,0,15,0,32,12,0,12,12,0,12,0,0,71,308830.8,0,Semily,east Bohemia,75685,31,28,5,1,9,60.8,8208,1.89,2.26,155,1660.0,2123,0,0,0.9861114683925934,-2159.600000000006,-30.416901408450787,4.783909533243073,4.851286783066283,0.0,0.4507042253521127,0.0461846685800091,0.046835139900859496,0.0,0.0,0.16901408450704225,0,0,0.0,0.22405507226249477
561,1397,F,78,70,3,MONTHLY,1,3947.0,0,1,0,0,71985.1,83039.2,63,19720.498412698413,4810.730793069234,0,0,12,27,12,0,12,12,0,12,12,0,63,155024.3,0,Zdar nad Sazavou,south Moravia,125832,151,41,2,3,5,48.3,8512,3.51,4.12,102,2247.0,2103,0,0,0.8668809429763293,-11054.099999999991,-175.46190476190463,3.6502677819566367,4.210806352973789,0.0,0.6190476190476191,0.057933250718567066,0.06682953546038324,0.0,0.0,0.19047619047619047,0,0,0.0,0.24394570017416553
562,1401,M,18,10,2,MONTHLY,0,0.0,0,0,0,0,104678.9,105325.2,82,39242.30975609756,10824.617546479782,0,29,0,41,0,0,12,12,0,0,0,0,82,210004.1,0,Jablonec n. Nisou,north Bohemia,88768,10,18,5,1,7,80.5,8867,1.02,1.21,130,3384.0,3620,0,0,0.9938637666959094,-646.3000000000029,-7.881707317073206,2.667500986833089,2.6839704557307393,0.0,0.5,0.10277329211318642,0.1034078266630599,0.0,0.0,0.0,0,0,0.0,0.2758404796699773
563,1404,F,31,30,3,MONTHLY,2,7502.2,0,1,0,1,246392.1,261232.6,92,37019.67282608696,8186.778638865283,0,2,12,42,24,0,12,12,0,12,0,12,92,507624.7,0,Praha - zapad,central Bohemia,75637,35,36,9,0,7,36.5,9622,0.45,0.59,154,3475.0,3529,0,0,0.9431904746957309,-14840.5,-161.30978260869566,6.655707119766139,7.056588566496328,4.870286019722223e-05,0.5869565217391305,0.03133903899767978,0.03322662795952176,0.0,0.13043478260869565,0.13043478260869565,0,0,0.0,0.22114670427600966
564,1406,F,51,50,2,MONTHLY,4,4358.0,1,1,0,0,127539.3,132351.2,108,22371.96759259259,5353.422746834321,0,12,0,36,48,12,12,12,0,12,0,0,108,259890.5,0,Rokycany,west Bohemia,45714,52,10,5,1,6,55.6,8843,2.82,3.6,113,818.0,888,0,0,0.9636429439249511,-4811.900000000009,-44.55462962962971,5.700853064092072,5.915939197222054,0.0,0.3333333333333333,0.04044861510008462,0.04197469130561576,0.1111111111111111,0.0,0.1111111111111111,1,0,0.0,0.23929154754393847
565,1408,M,30,30,2,TRANSACTION,2,8339.0,0,1,0,0,143296.2,156411.0,71,23620.405633802817,9956.789217297017,0,15,0,20,24,0,12,12,0,12,0,0,71,299707.2,0,Semily,east Bohemia,75685,31,28,5,1,9,60.8,8208,1.89,2.26,155,1660.0,2123,0,0,0.9161516773116981,-13114.799999999988,-184.7154929577463,6.06662739927425,6.621859185015964,0.0,0.28169014084507044,0.06365785793388583,0.0694839724800589,0.0,0.0,0.16901408450704225,0,0,0.0,0.42153337125794327
566,1414,F,25,20,1,MONTHLY,3,4731.0,1,1,0,0,287390.4,253127.2,98,48688.155102040815,13429.787177042075,0,12,0,38,36,12,12,12,0,12,0,0,98,540517.6,0,Karvina,north Moravia,285387,0,2,8,5,7,89.9,10177,6.63,7.75,81,9878.0,10108,0,0,1.1353596136645925,34263.20000000001,349.62448979591846,5.9026759054165465,5.198948275396656,0.0,0.3877551020408163,0.05305548821715752,0.04673011755800498,0.12244897959183673,0.0,0.12244897959183673,0,1,0.0,0.2758327389669187
567,1419,F,81,80,3,MONTHLY,1,2808.0,0,1,0,0,51619.299999999996,43961.2,55,20686.327272727274,4584.1205322146625,0,0,12,19,12,0,12,12,0,12,12,0,55,95580.5,0,Ostrava - mesto,north Moravia,323870,0,0,0,1,1,100.0,10673,4.75,5.44,100,18782.0,18347,0,0,1.1742013411826793,7658.0999999999985,139.2381818181818,2.4953342040592466,2.1251331577818635,0.0,0.5636363636363636,0.10427651047320508,0.08880632887727387,0.0,0.0,0.21818181818181817,0,1,0.0,0.22160146998439587
568,1421,F,43,40,3,MONTHLY,0,0.0,0,0,0,0,204338.5,203775.2,63,43680.98253968254,10556.324906432832,0,13,0,38,0,0,12,12,0,0,0,0,63,408113.7,0,Strakonice,south Bohemia,70646,94,14,3,1,4,58.4,8547,2.65,3.64,120,1563.0,1542,0,0,1.0027643206827916,563.2999999999884,8.941269841269657,4.677973985918611,4.665078213725569,0.0,0.6031746031746031,0.05180377644793297,0.05166096896293568,0.0,0.0,0.0,0,1,0.0,0.2416686688959619
569,1425,M,31,30,1,MONTHLY,2,2928.0,0,1,0,0,74995.3,64491.2,77,30482.994805194805,3536.6311772160925,0,19,0,22,24,0,12,12,0,12,0,0,77,139486.5,0,Pribram,central Bohemia,107870,84,29,6,1,6,58.0,8754,3.83,4.31,137,3804.0,3868,0,0,1.1628764854739873,10504.100000000006,136.41688311688318,2.460233992075463,2.115645146158987,0.0,0.2857142857142857,0.054838973026026694,0.04715803759990416,0.0,0.0,0.15584415584415584,0,1,0.0,0.11601980710285698
570,1427,F,34,30,2,MONTHLY,0,0.0,0,0,0,0,493838.0,483490.2,71,53799.2676056338,19165.537093892366,0,0,12,47,0,0,12,12,0,0,0,0,71,977328.2,0,Ceske Budejovice,south Bohemia,177686,69,27,10,1,9,74.8,10045,1.42,1.71,135,6604.0,6295,0,0,1.0214022952274937,10347.799999999988,145.74366197183082,9.17926994136786,8.986929033014743,0.0,0.8309859154929577,0.039639970146018194,0.03880936074966359,0.0,0.0,0.0,0,1,0.0,0.35624159857308857
571,1433,F,40,40,3,MONTHLY,2,2288.0,0,1,0,0,42478.9,40951.2,75,25276.713333333333,1837.2202754053105,0,0,12,27,24,0,12,12,0,0,0,0,75,83430.1,0,Kromeriz,south Moravia,108871,41,29,7,2,6,62.1,8444,3.24,3.47,106,2595.0,2305,0,0,1.0373053781085781,1527.7000000000044,20.36933333333339,1.6805547240187082,1.620115695421372,0.0,0.52,0.04486364930466777,0.0432501848071704,0.0,0.0,0.0,0,1,0.0,0.07268430239237236
572,1439,M,25,20,2,MONTHLY,1,7334.0,0,1,0,0,188632.2,189703.2,68,28102.895588235293,6899.02550772563,0,12,0,32,12,0,12,12,0,12,0,0,68,378335.4,0,Rokycany,west Bohemia,45714,52,10,5,1,6,55.6,8843,2.82,3.6,113,818.0,888,0,0,0.9943543387776274,-1071.0,-15.75,6.712198015601177,6.750307967532549,0.0,0.47058823529411764,0.03636747038387138,0.03657395454077103,0.0,0.0,0.17647058823529413,0,0,0.0,0.24549162509125097
573,1440,M,21,20,2,MONTHLY,1,3171.0,0,1,0,0,290444.8,322207.2,75,50842.13733333333,10527.715063246711,0,12,0,39,12,0,12,12,0,12,0,0,75,612652.0,0,Hl.m. Praha,Prague,1204953,0,0,0,1,1,100.0,12541,0.29,0.43,167,85677.0,99107,0,0,0.9014224387288675,-31762.400000000023,-423.49866666666696,5.712678798213649,6.337404698145001,0.0,0.52,0.03267374243420604,0.036246870535284886,0.0,0.0,0.16,0,0,0.0,0.207066728808517
574,1445,M,58,50,3,MONTHLY,1,2582.0,0,1,0,0,62312.799999999996,55349.2,77,30166.718181818178,4732.686065926243,0,7,12,34,12,0,12,12,0,12,0,0,77,117662.0,0,Frydek - Mistek,north Moravia,228848,15,40,18,2,6,57.2,9893,4.09,4.72,96,5623.0,5887,0,1,1.1258121165256227,6963.5999999999985,90.43636363636362,2.065614152140574,1.8347769772768847,0.0,0.5974025974025974,0.08550595249662585,0.07595046388424599,0.0,0.0,0.15584415584415584,0,1,0.0,0.15688435306094006
575,1449,M,50,50,3,MONTHLY,3,7424.0,1,1,0,0,306294.0,313663.2,98,47953.131632653065,10418.195710495407,0,12,0,38,36,12,12,12,0,12,0,0,98,619957.2,0,Decin,north Bohemia,133777,24,17,7,3,11,84.7,8705,5.75,7.61,116,4650.0,4859,0,0,0.9765060102683387,-7369.200000000012,-75.19591836734706,6.387361775376378,6.541036827434542,0.0,0.3877551020408163,0.033214593584760366,0.034013711370433006,0.12244897959183673,0.0,0.12244897959183673,0,0,0.0,0.21725787984618863
576,1450,F,30,30,3,MONTHLY,2,7709.0,0,1,0,0,199059.3,206003.2,87,35646.175862068965,8042.48874469816,0,13,0,38,24,0,12,12,0,12,0,0,87,405062.5,0,Trebic,south Moravia,117897,139,28,5,1,6,53.8,8814,4.76,5.74,107,2112.0,2059,0,0,0.9662922711880203,-6943.900000000023,-79.8149425287359,5.584310103003746,5.779110802716082,0.0,0.4367816091954023,0.03904060104259623,0.04040247677299257,0.0,0.0,0.13793103448275862,0,0,0.0,0.2256199592297966
577,1452,F,59,50,1,MONTHLY,4,4161.0,1,1,0,0,270804.2,279407.2,110,48477.336363636365,13291.344118682438,0,12,0,38,48,12,12,12,0,12,0,0,110,550211.4,0,Olomouc,north Moravia,226122,32,50,7,4,4,62.6,8994,3.8,4.79,110,9672.0,9208,0,1,0.9692098127750466,-8603.0,-78.2090909090909,5.586202137193632,5.763666508079596,0.0,0.34545454545454546,0.047569798196619266,0.04908101173719771,0.10909090909090909,0.0,0.10909090909090909,1,0,0.0,0.2741764526619596
578,1453,F,33,30,3,MONTHLY,2,7146.0,0,1,0,0,309980.2,293447.2,84,59981.11785714286,12969.559481647417,0,12,0,36,24,0,12,12,0,12,0,0,84,603427.4,0,Rokycany,west Bohemia,45714,52,10,5,1,6,55.6,8843,2.82,3.6,113,818.0,888,0,0,1.0563406295919675,16533.0,196.82142857142858,5.1679630369390654,4.892326293399595,0.0,0.42857142857142855,0.04419725075464143,0.041839961009275485,0.0,0.0,0.14285714285714285,0,1,0.0,0.2162273719629074
579,1454,M,74,70,2,MONTHLY,1,2989.0,0,1,0,0,64063.0,76293.2,72,23067.484722222223,3957.8893593721036,0,0,12,36,12,0,12,12,0,12,12,0,72,140356.2,0,Opava,north Moravia,182027,17,49,12,2,7,56.4,8746,3.33,3.74,90,4355.0,4433,0,0,0.8396947565444889,-12230.199999999997,-169.86388888888885,2.777199194946663,3.30739137442681,0.0,0.6666666666666666,0.05187735419896011,0.06178120536615681,0.0,0.0,0.16666666666666666,0,0,0.0,0.17157871380572512
580,1456,M,71,70,1,MONTHLY,1,3279.0,0,1,0,0,65508.8,61016.0,54,21012.92777777778,3076.5655492200713,0,0,12,21,10,0,10,11,0,10,12,0,54,126524.8,0,Karvina,north Moravia,285387,0,2,8,5,7,89.9,10177,6.63,7.75,81,9878.0,10108,0,0,1.073633145404484,4492.800000000003,83.20000000000006,3.1175474780472445,2.903736244909549,0.0,0.6111111111111112,0.05042227529205571,0.04696415671207641,0.0,0.0,0.18518518518518517,0,1,0.0,0.14641298831634939
581,1458,M,61,60,3,MONTHLY,2,10362.0,0,1,1,0,250320.1,249639.2,73,46008.132876712334,8911.790270370524,0,12,0,37,12,0,12,12,0,12,0,0,73,499959.3,0,Bruntal,north Moravia,106054,38,25,6,2,6,63.1,8110,5.77,6.55,109,3244.0,3079,0,0,1.0027275363805044,680.8999999999942,9.327397260273893,5.4407793654826415,5.425979808156015,0.0,0.5068493150684932,0.03569868141850528,0.03560157682251854,0.0,0.0,0.1643835616438356,0,1,0.0,0.19370032455460395
582,1463,F,63,60,1,MONTHLY,1,2805.0,0,1,0,0,83473.0,72436.8,48,21973.01875,7011.711416051105,0,0,12,20,8,0,8,8,0,8,12,0,48,155909.8,0,Karvina,north Moravia,285387,0,2,8,5,7,89.9,10177,6.63,7.75,81,9878.0,10108,0,0,1.1523562609060587,11036.199999999997,229.92083333333326,3.7988863045957215,3.2966248663488718,0.0,0.6666666666666666,0.0967976417518596,0.08399975340590496,0.0,0.0,0.16666666666666666,0,1,0.0,0.31910551280311017
583,1469,F,33,30,3,MONTHLY,2,2107.0,0,1,0,0,38790.9,37669.2,75,17805.346666666668,1760.519340862108,0,0,12,27,24,0,12,12,0,12,0,0,75,76460.1,0,Jesenik,north Moravia,42821,4,13,5,1,3,48.4,8173,0.0,7.01,124,0.0,1358,0,0,1.02977764327355,1121.7000000000044,14.956000000000058,2.178609646091324,2.1156117151327574,0.0,0.52,0.0467363082003894,0.045384854201941896,0.0,0.0,0.16,0,1,0.0,0.09887588115079897
584,1473,F,68,60,1,MONTHLY,1,2770.0,0,1,0,0,70513.9,64885.2,65,27635.83846153846,4699.603272574334,0,0,12,29,12,0,12,12,0,12,12,0,65,135399.1,0,Hl.m. Praha,Prague,1204953,0,0,0,1,1,100.0,12541,0.29,0.43,167,85677.0,99107,0,0,1.0867485959818264,5628.699999999997,86.59538461538457,2.5515382896066674,2.3478643533939625,0.0,0.6307692307692307,0.07242951046732282,0.066647898819585,0.0,0.0,0.18461538461538463,0,1,0.0,0.17005466576000214
585,1475,M,67,60,3,MONTHLY,1,1727.0,0,1,0,0,77634.9,93239.2,65,37595.14615384615,5913.247793621879,0,0,12,29,12,0,12,12,0,12,12,0,65,170874.1,0,Zdar nad Sazavou,south Moravia,125832,151,41,2,3,5,48.3,8512,3.51,4.12,102,2247.0,2103,0,0,0.8326422792130348,-15604.300000000003,-240.0661538461539,2.0650245561569016,2.480086115863157,0.0,0.6307692307692307,0.06342019015201632,0.07616739112978672,0.0,0.0,0.18461538461538463,0,0,0.0,0.15728753306141696
586,1478,M,30,30,3,MONTHLY,0,0.0,0,0,0,0,248120.4,263115.2,65,65958.39692307691,8967.274379043663,0,12,0,41,0,0,12,12,0,0,0,0,65,511235.6,0,Kladno,central Bohemia,149893,63,29,6,2,6,67.4,9753,4.64,5.05,109,5244.0,5892,0,0,0.9430105140257955,-14994.800000000017,-230.68923076923105,3.7617712311802705,3.9891084725248027,0.0,0.6307692307692307,0.03408117196970629,0.03614081864709094,0.0,0.0,0.0,0,0,0.0,0.13595349185793015
587,1481,F,66,60,1,MONTHLY,1,1980.0,0,1,0,0,62715.9,55735.2,64,30433.7703125,6082.233392866074,0,0,12,28,12,0,12,12,0,12,12,0,64,118451.1,0,Uherske Hradiste,south Moravia,145688,22,41,13,2,5,40.7,8544,1.29,1.86,109,2719.0,2906,0,0,1.125247599362701,6980.700000000004,109.07343750000007,2.060733828113332,1.831360341742081,0.0,0.625,0.10912732694717295,0.09698072407262072,0.0,0.0,0.1875,0,1,0.0,0.19985145877137445
588,1485,M,21,20,2,MONTHLY,2,4150.0,0,1,1,0,229358.2,235575.2,73,44046.397260273974,8439.259924289252,0,12,0,37,12,0,12,12,0,12,0,0,73,464933.4,0,Melnik,central Bohemia,94725,38,28,1,3,6,63.4,9920,2.26,2.87,130,4289.0,4846,0,0,0.9736092763584622,-6217.0,-85.16438356164383,5.207195463563173,5.348342081373097,0.0,0.5068493150684932,0.03582405925704086,0.03679510880487051,0.0,0.0,0.1643835616438356,0,0,0.0,0.1915993236500351
589,1489,M,71,70,3,MONTHLY,1,2236.0,0,1,0,0,77613.0,85157.2,69,19136.431884057973,3369.6696308868914,0,0,12,33,12,0,12,12,0,12,12,0,69,162770.2,0,Kutna Hora,central Bohemia,77963,60,23,4,2,4,51.5,8546,2.95,4.02,126,2640.0,3120,0,0,0.9114085479560154,-7544.199999999997,-109.33623188405792,4.055771758822877,4.450004082053671,0.0,0.6521739130434783,0.03956999092134184,0.04341630436765608,0.0,0.0,0.17391304347826086,0,0,0.0,0.17608662112679788
590,1490,M,71,70,3,MONTHLY,2,2892.0,0,1,0,0,53105.9,42849.2,68,20513.58529411765,4991.836482153304,0,0,12,20,24,0,12,12,0,12,12,0,68,95955.1,0,Sumperk,north Moravia,127369,31,32,13,2,7,51.2,8369,4.73,5.88,107,3736.0,2807,0,0,1.23936736275123,10256.700000000004,150.83382352941183,2.588816105940697,2.08882062231643,0.0,0.47058823529411764,0.1164977755046373,0.09399777580557535,0.0,0.0,0.17647058823529413,0,1,0.0,0.24334295592807625
591,1491,M,17,10,3,MONTHLY,0,0.0,0,0,0,0,83438.1,119675.2,58,25780.508620689656,13706.923958661213,0,14,0,32,0,0,12,12,0,0,0,0,58,203113.3,0,Prachatice,south Bohemia,51428,50,11,3,1,4,52.7,8402,3.13,3.98,120,999.0,1099,0,0,0.6972046004518898,-36237.09999999999,-624.7775862068964,3.2364799790271923,4.642080641650217,0.0,0.5517241379310345,0.11453437269092688,0.16427655901394222,0.0,0.0,0.0,0,0,0.0,0.531677794272103
592,1492,F,31,30,2,MONTHLY,0,0.0,0,0,0,0,528327.9,528429.2,80,69059.9525,26521.820164435867,0,22,0,46,0,0,12,12,0,0,0,0,80,1056757.1,0,Nymburk,central Bohemia,81344,61,23,4,2,6,55.3,8899,3.39,3.97,149,2987.0,2487,0,0,0.999808299768446,-101.29999999993015,-1.2662499999991268,7.650278936985948,7.651745778423464,0.0,0.575,0.050189921685697664,0.05019954495008851,0.0,0.0,0.0,0,0,0.0,0.38404052137794137
593,1493,M,77,70,1,MONTHLY,1,2256.0,0,1,0,0,74563.0,60500.0,55,26315.067272727272,2752.031435547644,0,0,12,24,9,0,10,10,0,9,12,0,55,135063.0,0,Hl.m. Praha,Prague,1204953,0,0,0,1,1,100.0,12541,0.29,0.43,167,85677.0,99107,0,0,1.2324462809917356,14063.0,255.6909090909091,2.8334717607686493,2.299063094651547,0.0,0.6545454545454545,0.04548812290161395,0.03690880779404858,0.0,0.0,0.16363636363636364,0,1,0.0,0.10458006460807447
594,1495,F,68,60,3,MONTHLY,1,3744.0,0,1,0,0,81001.6,93453.2,62,20458.711290322582,5666.937766282563,0,0,12,26,12,0,12,12,0,12,12,0,62,174454.8,0,Hl.m. Praha,Prague,1204953,0,0,0,1,1,100.0,12541,0.29,0.43,167,85677.0,99107,0,0,0.8667611167942886,-12451.599999999991,-200.832258064516,3.959271864710048,4.567892799983223,0.0,0.6129032258064516,0.06063931215070819,0.0699608127034844,0.0,0.0,0.1935483870967742,0,0,0.0,0.2769938773691551
595,1503,M,77,70,2,MONTHLY,1,3239.0,0,1,0,0,74487.2,69363.2,55,15589.68,4587.513916192437,0,0,12,19,12,0,12,12,0,12,12,0,55,143850.4,0,Jihlava,south Moravia,109164,98,16,6,1,4,63.6,8757,3.38,3.95,96,2212.0,2471,0,0,1.0738720243587379,5124.0,93.16363636363636,4.777981331239641,4.449302358996464,0.0,0.5636363636363636,0.06613757606616243,0.06158794955633233,0.0,0.0,0.21818181818181817,0,1,0.0,0.29426607320948456
596,1505,F,28,20,3,MONTHLY,1,2077.0,0,0,0,1,166173.3,157998.2,65,23724.793846153847,15663.380812292697,0,12,0,31,10,0,12,12,0,0,0,10,65,324171.5,0,Klatovy,west Bohemia,88757,60,33,3,2,10,61.7,8554,2.47,2.68,113,1822.0,2218,0,0,1.0517417287032382,8175.099999999977,125.77076923076888,7.004204170437469,6.659623726324346,6.0178139328038865e-05,0.47692307692307695,0.09913645099939554,0.09425931128702805,0.0,0.15384615384615385,0.0,0,1,0.0,0.6602114612191655
597,1506,M,68,60,1,MONTHLY,1,3176.0,0,1,0,0,77674.7,77687.2,63,23254.5873015873,3516.38650580724,0,0,12,27,12,0,12,12,0,12,12,0,63,155361.9,0,Domazlice,west Bohemia,58400,65,16,4,1,6,52.4,8620,1.1,1.25,100,1089.0,1117,0,0,0.9998390983328013,-12.5,-0.1984126984126984,3.3401882816771433,3.340725810029631,0.0,0.6190476190476191,0.04526339610395587,0.0452706802318804,0.0,0.0,0.19047619047619047,0,0,0.0,0.15121259561408
598,1508,F,45,40,1,MONTHLY,3,2457.0,1,1,0,0,57180.3,61189.2,98,28831.44693877551,3108.8964289634123,0,5,12,33,36,12,12,12,0,12,0,0,98,118369.5,0,Bruntal,north Moravia,106054,38,25,6,2,6,63.1,8110,5.77,6.55,109,3244.0,3079,0,0,0.9344835363103293,-4008.899999999994,-40.907142857142794,1.9832615449867703,2.1223076361702278,0.0,0.45918367346938777,0.05080792736240076,0.05437006152404608,0.12244897959183673,0.0,0.12244897959183673,0,0,0.0,0.10783005221920539
599,1510,F,51,50,1,WEEKLY,1,7870.0,0,1,0,0,189404.9,184990.0,62,22645.006451612902,14521.17842607565,0,13,0,25,12,0,12,12,0,12,0,0,62,374394.9,0,Chomutov,north Bohemia,125236,28,11,1,4,5,87.7,9675,6.43,7.68,100,5323.0,5190,0,0,1.0238656143575329,4414.899999999994,71.20806451612894,8.364091235951472,8.169129931372751,0.0,0.4032258064516129,0.07849709944362208,0.07666738519476345,0.0,0.0,0.1935483870967742,0,1,0.0,0.6412530045908365
600,1511,F,37,30,1,WEEKLY,1,4114.7,0,0,0,1,323003.4,327561.0,75,41185.984,13051.267568231771,0,0,12,51,0,0,12,12,0,0,0,0,75,650564.4,0,Rakovnik,central Bohemia,53921,61,22,1,1,2,41.3,8598,2.77,3.26,123,1597.0,1875,1,0,0.98608625568978,-4557.599999999977,-60.76799999999969,7.842556341497147,7.953215346269256,0.0,0.84,0.03984377739789466,0.04040597581397524,0.0,0.0,0.0,0,0,0.0,0.3168861418542719
601,1513,M,40,40,1,MONTHLY,0,0.0,0,0,0,0,703704.1,680975.2,83,74687.29156626506,28264.705613824233,0,25,0,46,0,0,12,12,0,0,0,0,83,1384679.3,0,Ostrava - mesto,north Moravia,323870,0,0,0,1,1,100.0,10673,4.75,5.44,100,18782.0,18347,0,0,1.0333769864159517,22728.900000000023,273.84216867469905,9.422005876001677,9.11768502671992,0.0,0.5542168674698795,0.04150621874897094,0.04016561167374787,0.0,0.0,0.0,0,1,0.0,0.37844062920325394
602,1516,F,53,50,2,MONTHLY,3,8602.0,0,1,0,1,200327.2,205339.2,94,31251.156382978726,7100.38843175784,0,13,0,33,36,0,12,12,0,12,0,12,94,405666.4,0,Louny,north Bohemia,85852,41,23,4,2,4,59.8,8965,7.08,8.23,104,2653.0,2822,0,0,0.9755916064735812,-5012.0,-53.319148936170215,6.41023319409423,6.5706112594233534,5.990200032746426e-05,0.35106382978723405,0.03457882582457631,0.03544395584702347,0.0,0.1276595744680851,0.1276595744680851,0,0,0.0,0.22720402230060013
603,1517,M,43,40,1,MONTHLY,1,4387.0,0,1,0,0,244551.5,230429.0,62,39029.84354838709,10051.401365140802,0,12,0,29,9,0,10,12,0,9,0,0,62,474980.5,0,Zdar nad Sazavou,south Moravia,125832,151,41,2,3,5,48.3,8512,3.51,4.12,102,2247.0,2103,0,0,1.0612878587330588,14122.5,227.78225806451613,6.265756604861053,5.903918106008459,0.0,0.46774193548387094,0.043620383567783576,0.04110136868978846,0.0,0.0,0.14516129032258066,0,1,0.0,0.25753117233687134
604,1522,F,31,30,1,MONTHLY,1,9222.0,0,1,0,0,299310.7,291699.2,72,33993.274999999994,12028.724157062132,0,12,0,36,12,0,12,12,0,12,0,0,72,591009.9,0,Usti nad Orlici,east Bohemia,139012,59,41,8,3,10,61.9,8363,2.52,3.49,108,2564.0,2799,0,0,1.026093660867085,7611.5,105.71527777777777,8.804997459056242,8.581085523533702,0.0,0.5,0.041236740303237485,0.04018808601584284,0.0,0.0,0.16666666666666666,0,1,0.0,0.3538559952538299
605,1530,F,54,50,3,MONTHLY,1,2220.0,0,1,0,0,63073.6,42205.2,72,26690.23611111111,7608.720082595851,0,9,12,27,12,0,12,12,0,12,0,0,72,105278.8,0,Ostrava - mesto,north Moravia,323870,0,0,0,1,1,100.0,10673,4.75,5.44,100,18782.0,18347,0,0,1.4944509207396246,20868.4,289.8388888888889,2.3631713011988884,1.5812973637363226,0.0,0.5416666666666666,0.18027920925847649,0.12063240535811894,0.0,0.0,0.16666666666666666,0,1,0.0,0.2850750383368977
606,1531,F,39,30,2,MONTHLY,2,7439.0,0,1,0,0,159466.9,157423.2,83,24655.419277108434,5822.939768968808,0,13,0,34,24,0,12,12,0,12,0,0,83,316890.1,0,Usti nad Orlici,east Bohemia,139012,59,41,8,3,10,61.9,8363,2.52,3.49,108,2564.0,2799,0,0,1.0129822033855238,2043.6999999999825,24.62289156626485,6.467823491773211,6.384932993054437,0.0,0.40963855421686746,0.0369890827334777,0.03651503709527688,0.0,0.0,0.14457831325301204,0,1,0.0,0.23617281472780197
607,1535,M,63,60,3,WEEKLY,1,1246.4,0,0,1,0,122731.3,173002.0,53,48687.8962264151,24216.75528971437,0,11,0,30,0,0,12,12,0,0,0,0,53,295733.3,0,Teplice,north Bohemia,128118,9,16,6,3,8,85.3,9317,6.49,7.07,97,6949.0,6872,0,0,0.7094212783667241,-50270.7,-948.5037735849056,2.5207764046583194,3.5532855885882295,0.0,0.5660377358490566,0.1399796261876416,0.19731523490514943,0.0,0.0,0.0,0,0,0.0,0.4973875884285143
608,1536,F,32,30,2,MONTHLY,1,3863.0,0,1,0,0,268534.5,269831.2,69,47647.53188405797,11817.74684494982,0,12,0,33,12,0,12,12,0,12,0,0,69,538365.7,0,Litomerice,north Bohemia,114006,71,26,6,2,9,62.3,9065,4.46,5.39,123,4147.0,4166,0,0,0.9951944030193691,-1296.7000000000116,-18.792753623188574,5.63585330407947,5.663067725240996,0.0,0.4782608695652174,0.043796813878268406,0.04400830003202501,0.0,0.0,0.17391304347826086,0,0,0.0,0.24802432314240877
609,1540,M,62,60,3,MONTHLY,3,4516.0,1,1,0,0,97711.8,90727.2,93,33280.32580645162,5043.955603123737,0,17,0,28,36,12,12,12,0,12,0,0,93,188439.0,0,Liberec,north Bohemia,159617,29,19,8,1,9,85.2,9198,3.33,4.28,131,5796.0,6132,0,0,1.0769846308494035,6984.600000000006,75.10322580645168,2.9360229394466413,2.7261511959841425,0.0,0.3010752688172043,0.05559474560136031,0.05162074184616123,0.12903225806451613,0.0,0.12903225806451613,0,1,0.0,0.15155968221158256
610,1542,M,80,80,3,MONTHLY,1,3175.0,0,1,0,0,76343.6,82645.2,67,26351.11791044776,2875.798460292343,0,0,12,31,12,0,12,12,0,12,12,0,67,158988.8,0,Tachov,west Bohemia,51313,34,12,3,1,4,59.2,8930,3.52,4.2,108,1328.0,1452,0,0,0.92375116764192,-6301.599999999991,-94.05373134328345,2.897167408967158,3.136307168480037,0.0,0.6417910447761194,0.03479692057484697,0.03766914921869473,0.0,0.0,0.1791044776119403,0,0,0.0,0.10913383143992304
611,1548,M,76,70,1,MONTHLY,1,2491.0,0,1,0,0,62573.1,67267.2,61,21322.20491803279,3705.2967920454175,0,0,12,25,12,0,12,12,0,12,12,0,61,129840.3,0,Karvina,north Moravia,285387,0,2,8,5,7,89.9,10177,6.63,7.75,81,9878.0,10108,0,0,0.9302171043242472,-4694.0999999999985,-76.95245901639342,2.9346449037772904,3.1547956817125526,0.0,0.6065573770491803,0.05508326185786561,0.05921549023534742,0.0,0.0,0.19672131147540983,0,0,0.0,0.1737764366438362
612,1555,M,49,40,3,MONTHLY,1,7213.0,0,1,0,0,249106.80000000002,251731.2,74,34498.66891891892,8739.128377369452,0,12,0,38,12,0,12,12,0,12,0,0,74,500838.0,0,Znojmo,south Moravia,114200,101,41,4,1,4,43.7,8403,5.74,5.72,105,2157.0,2718,0,0,0.9895745938524902,-2624.399999999994,-35.464864864864786,7.220765548533698,7.296838048784883,0.0,0.5135135135135135,0.034716111381384,0.03508185395729643,0.0,0.0,0.16216216216216217,0,0,0.0,0.25331784243353667
613,1556,M,49,40,3,TRANSACTION,1,8500.0,0,1,0,0,680513.0,657338.0,93,70069.5064516129,27097.89264239294,0,23,0,46,12,0,12,12,0,12,0,0,93,1337851.0,0,Zdar nad Sazavou,south Moravia,125832,151,41,2,3,5,48.3,8512,3.51,4.12,102,2247.0,2103,0,0,1.0352558348977239,23175.0,249.19354838709677,9.711970791030675,9.38122777350987,0.0,0.4946236559139785,0.04122368194504645,0.03981980159437504,0.0,0.0,0.12903225806451613,0,1,0.0,0.3867287499892071
614,1557,F,40,40,1,MONTHLY,3,9767.0,1,1,0,0,286431.1,290961.2,100,40708.661,9948.568147702152,0,4,12,36,36,12,12,12,0,12,0,0,100,577392.3,0,Jablonec n. Nisou,north Bohemia,88768,10,18,5,1,7,80.5,8867,1.02,1.21,130,3384.0,3620,0,0,0.9844305701241264,-4530.100000000035,-45.30100000000035,7.0361218709699145,7.147402858571055,0.0,0.48,0.0341920783516914,0.034732849008722,0.12,0.0,0.12,0,0,0.0,0.24438455855136457
615,1558,F,72,70,3,MONTHLY,1,2948.0,0,1,0,0,73506.9,71641.2,65,17417.503076923076,3322.904350581789,0,0,12,29,12,0,12,12,0,12,12,0,65,145148.1,0,Praha - zapad,central Bohemia,75637,35,36,9,0,7,36.5,9622,0.45,0.59,154,3475.0,3529,0,0,1.026042277348788,1865.699999999997,28.70307692307688,4.220289192736891,4.1131728057461565,0.0,0.6307692307692307,0.04638258921656518,0.04520533923457239,0.0,0.0,0.18461538461538463,0,1,0.0,0.19077960462567078
616,1561,F,76,70,2,MONTHLY,2,1668.0,0,1,0,0,58992.3,62101.2,78,22373.329487179486,3137.3643662764994,0,0,12,30,24,0,12,12,0,12,12,0,78,121093.5,0,Hl.m. Praha,Prague,1204953,0,0,0,1,1,100.0,12541,0.29,0.43,167,85677.0,99107,0,0,0.9499381654460785,-3108.899999999994,-39.85769230769223,2.636724231581364,2.7756798573759727,0.0,0.5384615384615384,0.05052018908292431,0.05318260800607027,0.0,0.0,0.15384615384615385,0,0,0.0,0.14022787122829852
617,1563,M,21,20,2,MONTHLY,3,3331.0,1,1,0,0,156674.0,154987.2,99,41647.44141414141,4810.649352536858,0,12,0,39,36,12,12,12,0,12,0,0,99,311661.2,0,Beroun,central Bohemia,75232,55,26,4,1,5,41.7,8980,1.95,2.21,111,2824.0,2813,0,0,1.0108834794099124,1686.7999999999884,17.03838383838372,3.7619117688896315,3.7214098810731273,0.0,0.3939393939393939,0.031039010657246905,0.030704835215395392,0.12121212121212122,0.0,0.12121212121212122,0,1,0.0,0.11550888095861273
618,1565,M,39,30,2,MONTHLY,2,3581.0,0,1,0,0,188960.0,199527.2,85,25262.455294117648,5449.008712502667,0,12,0,37,24,0,12,12,0,12,0,0,85,388487.2,0,Novy Jicin,north Moravia,161227,5,35,11,4,10,69.7,8678,5.93,5.57,102,4980.0,4595,0,0,0.947038799722544,-10567.200000000012,-124.32000000000014,7.479874691515011,7.8981713248775085,0.0,0.43529411764705883,0.02730960346510484,0.02883683696286339,0.0,0.0,0.1411764705882353,0,0,0.0,0.2156959269818665
619,1566,F,33,30,2,MONTHLY,1,3282.0,0,1,0,0,78497.8,75959.2,67,19636.471641791046,3563.067436523471,0,15,0,28,12,0,12,12,0,12,0,0,67,154457.0,0,Cesky Krumlov,south Bohemia,58796,22,16,7,1,5,51.9,9045,3.13,3.6,124,1845.0,1879,0,0,1.0334205731497963,2538.600000000006,37.889552238806054,3.997551160511859,3.86827131603118,0.0,0.417910447761194,0.04690764827069625,0.04539066619094383,0.0,0.0,0.1791044776119403,0,1,0.0,0.1814515103080139
620,1569,F,43,40,3,MONTHLY,2,6189.0,0,1,0,0,268888.2,266543.2,83,49687.07831325301,11751.705738847057,0,12,0,35,24,0,12,12,0,12,0,0,83,535431.4,0,Karvina,north Moravia,285387,0,2,8,5,7,89.9,10177,6.63,7.75,81,9878.0,10108,0,0,1.0087978233922306,2345.0,28.253012048192772,5.411632342412847,5.3644369733228014,0.0,0.42168674698795183,0.0440893098711468,0.04370480273528945,0.0,0.0,0.14457831325301204,0,1,0.0,0.23651432400106587
621,1572,F,36,30,3,MONTHLY,2,2608.0,0,1,0,0,47739.5,49741.2,70,15681.307142857142,1746.631889767857,0,0,12,22,24,0,12,12,0,12,0,0,70,97480.7,0,Hl.m. Praha,Prague,1204953,0,0,0,1,1,100.0,12541,0.29,0.43,167,85677.0,99107,0,0,0.9597577058856642,-2001.699999999997,-28.595714285714244,3.044357180501079,3.172005978000194,0.0,0.4857142857142857,0.03511438987736237,0.036586723567860094,0.0,0.0,0.17142857142857143,0,0,0.0,0.11138305460482294
622,1574,M,20,20,2,MONTHLY,0,0.0,0,0,0,0,39668.1,65237.6,36,20341.13611111111,6548.719456685635,0,3,0,21,0,0,6,12,0,0,0,0,36,104905.7,0,Pisek,south Bohemia,70699,60,13,2,1,4,65.3,8968,2.83,3.35,131,1740.0,1910,0,0,0.6080557837811323,-25569.5,-710.2638888888889,1.9501418103353507,3.207175825560929,0.0,0.5833333333333334,0.1003825931163261,0.16508780245803645,0.0,0.0,0.0,0,0,0.0,0.32194462594979995
623,1575,F,76,70,3,MONTHLY,1,3924.0,0,1,0,0,74201.5,73693.2,61,21641.1,4294.72763071187,0,0,12,25,12,0,12,12,0,12,12,0,61,147894.7,0,Brno - venkov,south Moravia,157042,49,70,18,0,9,33.9,8743,1.88,2.43,111,3659.0,3894,0,0,1.0068975156459483,508.3000000000029,8.33278688524595,3.4287305173951417,3.4052428018908465,0.0,0.6065573770491803,0.058278479299472274,0.05787925622409075,0.0,0.0,0.19672131147540983,0,1,0.0,0.19845237213967268
624,1579,M,36,30,3,MONTHLY,0,0.0,0,0,0,0,137810.1,105575.2,62,51970.43548387097,12821.687080305683,0,14,0,36,0,0,12,12,0,0,0,0,62,243385.3,0,Hodonin,south Moravia,161954,21,37,20,3,8,48.0,8720,3.73,4.5,116,3729.0,3651,0,0,1.3053264403003737,32234.90000000001,519.9177419354841,2.651701851580008,2.0314472837689665,0.0,0.5806451612903226,0.12144601270284766,0.09303880543084783,0.0,0.0,0.0,0,1,0.0,0.2467111726297713
625,1580,F,31,30,1,MONTHLY,3,7853.0,1,1,0,0,223118.5,227611.2,99,32026.939393939392,8565.512283878237,0,12,0,39,36,12,12,12,0,12,0,0,99,450729.7,0,Hl.m. Praha,Prague,1204953,0,0,0,1,1,100.0,12541,0.29,0.43,167,85677.0,99107,0,0,0.9802615161292589,-4492.700000000012,-45.3808080808082,6.966588260451193,7.106867040909689,0.0,0.3939393939393939,0.03763220915261743,0.038389968935244,0.12121212121212122,0.0,0.12121212121212122,0,0,0.0,0.26744710690335677
626,1581,F,36,30,2,MONTHLY,1,3297.0,0,1,0,0,91248.2,90459.2,74,24377.317567567567,3259.3940338304205,0,20,0,30,12,0,12,12,0,12,0,0,74,181707.4,0,Breclav,south Moravia,124605,11,42,14,1,8,46.0,8772,4.69,4.98,126,2854.0,3158,0,0,1.0087221642464228,789.0,10.662162162162161,3.743159998924565,3.7107938455193312,0.0,0.40540540540540543,0.03603164779072135,0.035720091287613574,0.0,0.0,0.16216216216216217,0,1,0.0,0.13370601686572897
627,1583,F,27,20,1,MONTHLY,2,12799.0,0,1,1,0,517449.1,461947.2,73,66344.42876712329,19693.676076193133,0,0,12,37,12,0,12,12,0,12,0,0,73,979396.3,0,Hl.m. Praha,Prague,1204953,0,0,0,1,1,100.0,12541,0.29,0.43,167,85677.0,99107,0,1,1.1201477138512799,55501.899999999965,760.2999999999995,7.799435606210537,6.962863477527085,0.0,0.6712328767123288,0.042631876708405486,0.03805915611060708,0.0,0.0,0.1643835616438356,0,1,0.0,0.2968399373113942
628,1587,M,71,70,2,MONTHLY,1,1690.0,0,1,0,0,70395.9,70985.2,69,30130.13333333333,4175.339000173823,0,0,12,33,12,0,12,12,0,12,12,0,69,141381.1,0,Cheb,west Bohemia,87419,21,11,4,3,9,85.5,8624,1.79,2.66,102,2879.0,3198,0,0,0.9916982694984307,-589.3000000000029,-8.54057971014497,2.3363952366623004,2.3559537295996034,0.0,0.6521739130434783,0.0588198525914391,0.05931224688048342,0.0,0.0,0.17391304347826086,0,0,0.0,0.13857685108729986
629,1589,F,48,40,3,MONTHLY,1,6889.0,0,1,0,0,218464.5,212383.2,65,39139.46615384615,8192.395797271336,0,12,0,29,12,0,12,12,0,12,0,0,65,430847.7,0,Rychnov nad Kneznou,east Bohemia,78955,50,24,8,1,9,59.0,9060,1.78,2.44,124,1655.0,1717,0,0,1.0286336207383635,6081.299999999988,93.55846153846136,5.581693402288063,5.426318263135778,0.0,0.4461538461538462,0.038573652705446264,0.037499894936117016,0.0,0.0,0.18461538461538463,0,1,0.0,0.2093129161514199
630,1590,F,59,50,1,MONTHLY,3,6272.0,1,1,0,0,130177.09999999999,129959.2,98,31216.912244897958,5294.1846069851235,0,16,0,34,36,12,12,12,0,12,0,0,98,260136.3,0,Rakovnik,central Bohemia,53921,61,22,1,1,2,41.3,8598,2.77,3.26,123,1597.0,1875,0,0,1.0016766800657437,217.89999999999418,2.2234693877550424,4.170082517410925,4.1631023267280485,0.0,0.3469387755102041,0.040737282216150326,0.040669093158359836,0.12244897959183673,0.0,0.12244897959183673,0,1,0.0,0.1695934743786326
631,1592,M,71,70,2,MONTHLY,1,3493.0,0,1,0,0,82407.9,80011.2,65,31112.984615384616,3914.2539761839835,0,0,12,29,12,0,12,12,0,12,12,0,65,162419.1,0,Breclav,south Moravia,124605,11,42,14,1,8,46.0,8772,4.69,4.98,126,2854.0,3158,0,0,1.0299545563621093,2396.699999999997,36.87230769230765,2.6486658550671893,2.571633708211857,0.0,0.6307692307692307,0.04892132571669946,0.04749852837147875,0.0,0.0,0.18461538461538463,0,1,0.0,0.12580773026347591
632,1598,M,74,70,3,MONTHLY,2,2916.0,0,1,0,0,54096.5,57487.2,72,18645.780555555553,2414.126131729301,0,0,12,24,24,0,12,12,0,12,12,0,72,111583.7,0,Pelhrimov,south Bohemia,74062,99,15,4,2,7,61.4,8114,2.38,2.62,119,1003.0,1181,0,0,0.9410181744805801,-3390.699999999997,-47.093055555555516,2.9012730166387066,3.083121129132433,0.0,0.5,0.04199415055402422,0.04462629064226523,0.0,0.0,0.16666666666666666,0,0,0.0,0.12947305287308053
633,1606,M,17,10,2,MONTHLY,0,0.0,0,0,0,0,114495.4,93575.2,66,32158.586363636365,16252.721666278034,0,18,0,36,0,0,12,12,0,0,0,0,66,208070.6,0,Znojmo,south Moravia,114200,101,41,4,1,4,43.7,8403,5.74,5.72,105,2157.0,2718,0,0,1.2235656455984063,20920.199999999997,316.97272727272724,3.5603368476876454,2.909804521314751,0.0,0.5454545454545454,0.17368620816496289,0.1419508702207952,0.0,0.0,0.0,0,1,0.0,0.505392913808424
634,1611,F,36,30,1,MONTHLY,2,4416.0,0,1,0,0,141666.0,146335.2,79,25720.148101265822,4482.096723428604,0,0,12,31,24,0,12,12,0,12,0,0,79,288001.2,0,Kromeriz,south Moravia,108871,41,29,7,2,6,62.1,8444,3.24,3.47,106,2595.0,2305,0,0,0.9680924343561904,-4669.200000000012,-59.10379746835458,5.507977615145531,5.68951622766115,0.0,0.5443037974683544,0.03062897186342454,0.03163847869939579,0.0,0.0,0.1518987341772152,0,0,0.0,0.1742640324535307
635,1613,M,38,30,3,MONTHLY,1,4755.0,0,1,0,0,294308.4,297675.2,73,76956.09178082192,10583.461864859322,0,12,0,37,12,0,12,12,0,12,0,0,73,591983.6,0,Kromeriz,south Moravia,108871,41,29,7,2,6,62.1,8444,3.24,3.47,106,2595.0,2305,0,0,0.9886896859395744,-3366.7999999999884,-46.12054794520532,3.8243678075313077,3.8681174304927874,0.0,0.5068493150684932,0.03555372387373661,0.03596044783247546,0.0,0.0,0.1643835616438356,0,0,0.0,0.13752597903492814
636,1614,M,61,60,2,MONTHLY,1,6508.0,0,1,0,0,130392.0,142571.2,70,20218.82285714286,4728.306018756211,0,13,0,33,12,0,12,12,0,12,0,0,70,272963.2,0,Tabor,south Bohemia,103347,87,16,7,1,7,67.0,9104,1.51,2.07,123,2299.0,2354,0,0,0.9145746125444689,-12179.200000000012,-173.9885714285716,6.449040130639228,7.051409521085585,0.0,0.4714285714285714,0.0331645242430183,0.03626224015856963,0.0,0.0,0.17142857142857143,0,0,0.0,0.23385664200949297
637,1615,F,47,40,3,MONTHLY,0,0.0,0,0,0,0,77126.8,74155.2,58,24712.5275862069,4453.592815142096,0,14,0,32,0,0,12,12,0,0,0,0,58,151282.0,0,Ostrava - mesto,north Moravia,323870,0,0,0,1,1,100.0,10673,4.75,5.44,100,18782.0,18347,0,0,1.0400727123654174,2971.600000000006,51.23448275862079,3.1209595914845925,3.000712887069841,0.0,0.5517241379310345,0.0600577277809526,0.05774377797525757,0.0,0.0,0.0,0,1,0.0,0.18021599772043687
638,1616,M,61,60,1,MONTHLY,2,6411.0,0,1,0,0,197613.0,195797.6,76,38222.222368421055,8103.1643822167625,0,14,0,29,21,0,11,12,0,11,0,0,76,393410.6,0,Brno - mesto,south Moravia,387570,0,0,0,1,1,100.0,9897,1.6,1.96,140,18721.0,18696,0,0,1.0092718194707186,1815.3999999999942,23.88684210526308,5.170107538364031,5.122611608313144,0.0,0.3815789473684211,0.04138541219206345,0.04100521920226282,0.0,0.0,0.14473684210526316,0,1,0.0,0.21200139290988854
639,1618,F,20,20,3,MONTHLY,1,3264.0,0,1,0,0,88808.9,78043.2,74,35545.89864864865,5857.748106930233,0,23,0,27,12,0,12,12,0,12,0,0,74,166852.1,0,Cheb,west Bohemia,87419,21,11,4,3,9,85.5,8624,1.79,2.66,102,2879.0,3198,0,0,1.1379453943456956,10765.699999999997,145.4824324324324,2.498428887051819,2.1955613155659233,0.0,0.36486486486486486,0.0750577642501875,0.06595902107705684,0.0,0.0,0.16216216216216217,0,1,0.0,0.1647939236205786
640,1619,F,57,50,3,MONTHLY,3,5599.0,1,1,0,0,340691.8,293950.2,95,47469.420000000006,31125.48783747439,0,17,0,30,36,12,12,12,0,12,0,0,95,634642.0,0,Ostrava - mesto,north Moravia,323870,0,0,0,1,1,100.0,10673,4.75,5.44,100,18782.0,18347,0,0,1.1590119686940168,46741.59999999998,492.0168421052629,7.177079475586598,6.192411872738281,0.0,0.3157894736842105,0.10588694220134699,0.09135966242062295,0.12631578947368421,0.0,0.12631578947368421,0,1,0.0,0.6556955580555731
641,1623,M,36,30,1,MONTHLY,1,2098.0,0,1,0,0,38373.6,23455.399999999998,46,16910.036956521737,2296.079474172218,0,0,12,17,8,0,9,9,0,0,0,0,46,61829.0,0,Liberec,north Bohemia,159617,29,19,8,1,9,85.2,9198,3.33,4.28,131,5796.0,6132,0,0,1.6360241138501157,14918.2,324.3086956521739,2.269279487600431,1.3870697066072286,0.0,0.6304347826086957,0.09789129471986059,0.059834872781605535,0.0,0.0,0.0,0,1,0.0,0.1357820494464788
642,1628,F,42,40,1,TRANSACTION,0,0.0,0,0,0,0,614162.2,609807.0,81,56502.92469135803,25672.45258473336,0,23,0,46,0,0,12,12,0,0,0,0,81,1223969.2,0,Pribram,central Bohemia,107870,84,29,6,1,6,58.0,8754,3.83,4.31,137,3804.0,3868,0,0,1.007141931791534,4355.199999999953,53.767901234567326,10.869564776598802,10.792485580720184,0.0,0.5679012345679012,0.042099307788748506,0.04180076954383282,0.0,0.0,0.0,0,1,0.0,0.4543561722683692
643,1629,M,33,30,3,MONTHLY,2,4142.0,0,1,0,0,300089.4,287479.2,85,61340.56,12009.324993790297,13,12,0,24,24,0,12,12,0,12,0,0,85,587568.6,0,Plzen - sever,west Bohemia,72541,66,26,10,0,8,36.9,8594,1.62,2.01,112,1580.0,1525,0,0,1.0438647387358808,12610.200000000012,148.3552941176472,4.89218552944414,4.6866086648051475,0.0,0.2823529411764706,0.041774587496383374,0.04001915760366843,0.0,0.0,0.1411764705882353,0,1,0.0,0.1957811437292111
644,1639,F,40,40,2,MONTHLY,4,7004.0,1,1,0,0,324988.4,335763.2,110,55418.91090909091,11565.483810101276,0,12,0,38,48,12,12,12,0,12,0,0,110,660751.6,0,Hl.m. Praha,Prague,1204953,0,0,0,1,1,100.0,12541,0.29,0.43,167,85677.0,99107,0,0,0.9679095267140652,-10774.799999999988,-97.95272727272717,5.864214844155102,6.058639451626637,0.0,0.34545454545454546,0.0344453585446567,0.0355873742265917,0.10909090909090909,0.0,0.10909090909090909,1,0,0.0,0.20869200820408174
645,1640,F,46,40,2,MONTHLY,2,7297.0,0,1,0,0,212040.19999999998,224139.2,77,42009.61818181818,8622.506740665558,0,12,0,29,24,0,12,12,0,12,0,0,77,436179.4,0,Trutnov,east Bohemia,121947,37,28,7,3,11,70.5,8541,2.51,2.97,131,3496.0,3839,0,0,0.9460201517628329,-12099.00000000003,-157.1298701298705,5.047420309375039,5.335425783446129,0.0,0.37662337662337664,0.038469427662209725,0.04066449069877107,0.0,0.0,0.15584415584415584,0,0,0.0,0.2052507762233695
646,1644,M,23,20,1,MONTHLY,1,2290.0,0,1,0,0,58120.5,37571.4,58,29698.960344827585,3820.173119524391,0,6,12,19,9,0,9,12,0,9,0,0,58,95691.9,0,Breclav,south Moravia,124605,11,42,14,1,8,46.0,8772,4.69,4.98,126,2854.0,3158,0,0,1.546934636452195,20549.1,354.29482758620685,1.9569876967131732,1.265074587250442,0.0,0.5344827586206896,0.10167768886771296,0.0657284971657916,0.0,0.0,0.15517241379310345,0,1,0.0,0.12862986027690085
647,1646,M,33,30,3,MONTHLY,0,0.0,0,0,0,0,14283.199999999999,5900.0,24,28327.850000000002,2655.143023086229,0,7,0,5,0,0,0,12,0,0,0,0,24,20183.2,0,Mlada Boleslav,central Bohemia,112065,95,19,7,1,8,69.4,11277,1.25,1.44,127,5179.0,4987,0,0,2.4208813559322033,8383.199999999999,349.29999999999995,0.5042105207419553,0.20827560157230426,0.0,0.20833333333333334,0.4500242412010557,0.18589272873629362,0.0,0.0,0.0,0,1,0.0,0.09372906955826964
648,1647,F,21,20,2,MONTHLY,0,0.0,0,0,0,0,86210.7,81975.2,68,37713.01617647059,13574.795109930757,17,23,0,16,0,0,12,12,0,0,0,0,68,168185.9,0,Novy Jicin,north Moravia,161227,5,35,11,4,10,69.7,8678,5.93,5.57,102,4980.0,4595,0,0,1.0516680654637012,4235.5,62.286764705882355,2.2859667229105756,2.1736580181339322,0.0,0.23529411764705882,0.16559636463138555,0.15746067611016681,0.0,0.0,0.0,0,1,0.0,0.35994986575484156
649,1654,M,36,30,3,MONTHLY,3,5084.0,1,1,0,0,103854.6,106523.2,95,22365.436842105264,4052.38760065824,0,15,0,32,36,12,12,12,0,12,0,0,95,210377.8,0,Prostejov,south Moravia,110643,49,41,4,1,4,51.9,8441,3.45,4.48,115,1879.0,2252,0,0,0.974948180302507,-2668.5999999999913,-28.090526315789383,4.643531031081088,4.762849067157901,0.0,0.3368421052631579,0.038042300650545986,0.039019818098170324,0.12631578947368421,0.0,0.12631578947368421,0,0,0.0,0.18118973616599335
650,1659,F,62,60,2,MONTHLY,1,3074.0,0,1,0,0,56307.1,56113.2,59,20299.681355932204,2442.0509761599255,0,0,12,23,12,0,12,12,0,12,12,0,59,112420.3,0,Hl.m. Praha,Prague,1204953,0,0,0,1,1,100.0,12541,0.29,0.43,167,85677.0,99107,0,0,1.0034555149234048,193.90000000000146,3.286440677966126,2.7737923080031646,2.764240433931834,0.0,0.5932203389830508,0.0435200804117378,0.043370213990063876,0.0,0.0,0.2033898305084746,0,1,0.0,0.12029996596209042
651,1660,F,17,10,3,MONTHLY,0,0.0,0,0,0,0,96817.7,84275.2,77,43390.362337662336,12373.518457130847,0,30,0,35,0,0,12,12,0,0,0,0,77,181092.9,0,Hl.m. Praha,Prague,1204953,0,0,0,1,1,100.0,12541,0.29,0.43,167,85677.0,99107,0,0,1.14882788768226,12542.5,162.8896103896104,2.2313180804199773,1.9422561937642566,0.0,0.45454545454545453,0.14682277178969433,0.1278022350988595,0.0,0.0,0.0,0,1,0.0,0.28516743789416976
652,1661,F,46,40,3,MONTHLY,2,1974.0,0,1,0,0,36562.9,39903.2,72,19983.669444444444,2194.0696143409723,0,0,12,24,24,0,12,12,0,12,0,0,72,76466.1,0,Pardubice,east Bohemia,162580,83,26,5,1,6,72.8,9538,1.51,1.81,111,6079.0,5410,0,0,0.916289921610297,-3340.2999999999956,-46.39305555555549,1.8296389510268176,1.9967904348564611,0.0,0.5,0.05498480358319564,0.06000808509010424,0.0,0.0,0.16666666666666666,0,0,0.0,0.10979312985738633
653,1663,M,42,40,2,MONTHLY,2,7819.0,0,1,0,1,266055.4,266803.2,80,48801.6325,9719.34357377114,0,12,0,32,24,0,12,12,0,12,0,12,80,532858.6,0,Prachatice,south Bohemia,51428,50,11,3,1,4,52.7,8402,3.13,3.98,120,999.0,1099,0,0,0.9971971850412589,-747.7999999999884,-9.347499999999854,5.451772540600973,5.46709579848584,4.510338824169703e-05,0.4,0.03642888681159424,0.03653127722185357,0.0,0.15,0.15,0,0,0.0,0.19916021403118309
654,1664,F,81,80,1,MONTHLY,1,2731.0,0,1,0,0,50172.5,34991.6,47,23452.33829787234,3974.756563098257,0,0,12,13,11,0,11,11,0,11,12,0,47,85164.1,0,Zlin,south Moravia,197099,29,41,10,2,10,74.7,9624,1.6,2.31,145,4484.0,4265,0,0,1.4338441225894216,15180.900000000001,322.99787234042554,2.139338916348132,1.4920303278745786,0.0,0.5319148936170213,0.11359173524783826,0.07922181599677626,0.0,0.0,0.23404255319148937,0,1,0.0,0.16948231398567443
655,1668,F,50,50,3,MONTHLY,4,5874.0,1,1,0,0,320484.4,310563.2,110,61883.86909090909,11777.914310615874,0,12,0,38,48,12,12,12,0,12,0,0,110,631047.6,0,Kromeriz,south Moravia,108871,41,29,7,2,6,62.1,8444,3.24,3.47,106,2595.0,2305,0,0,1.0319458326034765,9921.200000000012,90.19272727272738,5.178803534879174,5.018483888649144,0.0,0.34545454545454546,0.037924371949464304,0.03675035137627876,0.10909090909090909,0.0,0.10909090909090909,1,1,0.0,0.19032284961552415
656,1671,F,68,60,3,MONTHLY,1,2705.0,0,1,0,0,49592.3,50795.2,58,17121.901724137933,2137.1293865625576,0,0,12,22,12,0,12,12,0,12,12,0,58,100387.5,0,Hodonin,south Moravia,161954,21,37,20,3,8,48.0,8720,3.73,4.5,116,3729.0,3651,0,0,0.9763186285318299,-1202.8999999999942,-20.73965517241369,2.8964247546221045,2.966679801017108,0.0,0.5862068965517241,0.042073451557677846,0.043093976011650145,0.0,0.0,0.20689655172413793,0,0,0.0,0.12481845889523463
657,1673,M,27,20,3,MONTHLY,1,2059.0,0,1,0,0,38179.9,38163.2,65,21960.666153846156,1304.7274102610613,0,0,12,29,12,0,12,12,0,12,0,0,65,76343.1,0,Rychnov nad Kneznou,east Bohemia,78955,50,24,8,1,9,59.0,9060,1.78,2.44,124,1655.0,1717,0,0,1.0004375943317123,16.700000000004366,0.2569230769231441,1.7385583721609117,1.7377979216407402,0.0,0.6307692307692307,0.0341881029437013,0.0341731489674164,0.0,0.0,0.18461538461538463,0,1,0.0,0.059412014240403786
658,1680,F,24,20,2,MONTHLY,0,0.0,0,0,0,0,278038.5,285275.2,55,48770.527272727275,11326.915012538913,3,12,0,28,0,0,12,12,0,0,0,0,55,563313.7,0,Rokycany,west Bohemia,45714,52,10,5,1,6,55.6,8843,2.82,3.6,113,818.0,888,0,0,0.9746325653263935,-7236.700000000012,-131.57636363636385,5.700953332843718,5.849335981231586,0.0,0.509090909090909,0.03970522152833093,0.04073865674192212,0.0,0.0,0.0,0,0,0.0,0.2322491809284371
659,1685,F,55,50,3,MONTHLY,2,7297.0,0,1,0,0,304038.6,264139.2,78,51399.47435897436,14964.120815214004,0,12,0,30,24,0,12,12,0,12,0,0,78,568177.8,0,Prostejov,south Moravia,110643,49,41,4,1,4,51.9,8441,3.45,4.48,115,1879.0,2252,0,0,1.1510544440204256,39899.399999999965,511.5307692307688,5.915208351676748,5.138947494973385,0.0,0.38461538461538464,0.05665240454735232,0.049217832259502596,0.0,0.0,0.15384615384615385,0,1,0.0,0.291133732432835
660,1688,M,76,70,2,MONTHLY,2,2100.0,0,1,0,0,77882.0,78275.2,78,35655.053846153845,4139.7245348375145,0,0,12,30,24,0,12,12,0,12,12,0,78,156157.2,0,Ceska Lipa,north Bohemia,105058,32,19,7,2,10,81.0,9272,2.8,3.22,118,4340.0,4505,0,0,0.9949766976002616,-393.1999999999971,-5.041025641025604,2.1843186757212325,2.19534656539142,0.0,0.5384615384615384,0.05288679600738822,0.05315380363675194,0.0,0.0,0.15384615384615385,0,0,0.0,0.11610484596937642
661,1689,M,63,60,1,MONTHLY,1,3432.0,0,1,0,0,71328.1,62187.4,58,21863.963793103445,3363.157552203994,0,15,0,23,8,0,9,12,0,8,0,0,58,133515.5,0,Hl.m. Praha,Prague,1204953,0,0,0,1,1,100.0,12541,0.29,0.43,167,85677.0,99107,0,0,1.1469863670132536,9140.700000000004,157.59827586206904,3.262359043171259,2.8442875495254794,0.0,0.39655172413793105,0.054081012427018876,0.04715052766306678,0.0,0.0,0.13793103448275862,0,1,0.0,0.15382195031190252
662,1691,F,21,20,3,MONTHLY,1,8319.0,0,1,0,0,232231.0,260303.2,74,36605.70540540541,9893.002319474157,5,14,0,31,12,0,12,12,0,12,0,0,74,492534.2,0,Pelhrimov,south Bohemia,74062,99,15,4,2,7,61.4,8114,2.38,2.62,119,1003.0,1181,0,0,0.8921557629717959,-28072.20000000001,-379.3540540540542,6.344120333922247,7.111000788460756,0.0,0.4189189189189189,0.0380056884413029,0.04259983516186106,0.0,0.0,0.16216216216216217,0,0,0.0,0.2702584804720987
663,1692,M,27,20,2,MONTHLY,0,0.0,0,0,0,0,13300.0,5200.0,12,30625.0,4883.762521216236,0,8,0,4,0,0,0,0,0,0,0,0,12,18500.0,26,Uherske Hradiste,south Moravia,145688,22,41,13,2,5,40.7,8544,1.29,1.86,109,2719.0,2906,0,0,2.5576923076923075,8100.0,675.0,0.4342857142857143,0.16979591836734695,0.0,0.3333333333333333,0.9391851002338915,0.3672001895651305,0.0,0.0,0.0,0,1,0.0,0.15946979661114238
664,1696,F,76,70,3,MONTHLY,1,2463.0,0,1,0,0,84095.3,81331.2,68,38444.67205882353,5426.840891810681,0,0,12,32,12,0,12,12,0,12,12,0,68,165426.5,0,Hl.m. Praha,Prague,1204953,0,0,0,1,1,100.0,12541,0.29,0.43,167,85677.0,99107,0,0,1.0339857274944917,2764.100000000006,40.64852941176479,2.187437049048753,2.1155389198158985,0.0,0.6470588235294118,0.06672520375711512,0.06453203558118802,0.0,0.0,0.17647058823529413,0,1,0.0,0.14115976548082304
665,1697,F,35,30,3,MONTHLY,4,5139.0,1,1,0,0,119484.5,102523.2,99,25031.251515151514,6720.675943476003,0,14,0,25,48,12,12,12,0,12,0,0,99,222007.7,0,Ostrava - mesto,north Moravia,323870,0,0,0,1,1,100.0,10673,4.75,5.44,100,18782.0,18347,0,0,1.1654386519343916,16961.300000000003,171.32626262626266,4.773412944521594,4.0958079917794885,0.0,0.25252525252525254,0.06555273287876308,0.05624726172412324,0.12121212121212122,0.0,0.12121212121212122,0,1,0.0,0.2684914072078239
666,1699,M,44,40,1,MONTHLY,1,9120.0,0,1,0,0,204065.1,203766.0,62,38882.051612903226,7707.206066939956,0,12,0,29,9,0,10,12,0,9,0,0,62,407831.1,0,Pelhrimov,south Bohemia,74062,99,15,4,2,7,61.4,8114,2.38,2.62,119,1003.0,1181,0,0,1.001467860192574,299.1000000000058,4.824193548387191,5.248311021023383,5.2406185257050355,0.0,0.46774193548387094,0.03782380802950422,0.037768369343606306,0.0,0.0,0.14516129032258066,0,1,0.0,0.19822014907213067
667,1700,M,50,50,3,WEEKLY,5,9086.0,1,1,1,0,212491.7,201925.0,101,42078.88811881188,15129.729463326747,0,16,0,25,48,12,12,12,0,12,0,0,101,414416.7,0,Melnik,central Bohemia,94725,38,28,1,3,6,63.4,9920,2.26,2.87,130,4289.0,4846,0,0,1.052329825430234,10566.700000000012,104.62079207920803,5.0498411317337775,4.79872470560188,0.0,0.24752475247524752,0.07492747041389995,0.0712015079333769,0.1188118811881188,0.0,0.1188118811881188,1,1,0.0,0.3595563034034356
668,1703,M,81,80,2,MONTHLY,2,2760.0,0,1,0,0,50827.299999999996,53315.2,64,23377.8359375,4911.007895045161,0,0,12,16,24,0,12,12,0,12,12,0,64,104142.5,0,Svitavy,east Bohemia,102609,75,33,2,3,6,52.0,8187,4.83,5.45,94,2123.0,2134,0,0,0.9533360092431427,-2487.9000000000015,-38.87343750000002,2.174166169010912,2.280587482200522,0.0,0.4375,0.0921127163556577,0.0966214592363781,0.0,0.0,0.1875,0,0,0.0,0.21007110787220018
669,1709,F,47,40,3,MONTHLY,1,3816.0,0,1,0,0,273438.8,265167.2,73,63160.33972602739,12513.04408192973,0,12,0,37,12,0,12,12,0,12,0,0,73,538606.0,0,Ostrava - mesto,north Moravia,323870,0,0,0,1,1,100.0,10673,4.75,5.44,100,18782.0,18347,0,0,1.031193903318359,8271.599999999977,113.30958904109558,4.329280070153266,4.198318139994563,0.0,0.5068493150684932,0.04718926051913558,0.04576177222080308,0.0,0.0,0.1643835616438356,0,1,0.0,0.19811552845041616
670,1710,M,55,50,3,MONTHLY,1,5174.0,0,1,0,0,180551.5,167963.2,73,61165.95342465753,8524.235458680316,0,12,0,37,12,0,12,12,0,12,0,0,73,348514.7,0,Brno - mesto,south Moravia,387570,0,0,0,1,1,100.0,9897,1.6,1.96,140,18721.0,18696,0,0,1.0749467740552692,12588.299999999988,172.4424657534245,2.9518300605319294,2.7460243909529227,0.0,0.5068493150684932,0.05075061357892869,0.047212210691577286,0.0,0.0,0.1643835616438356,0,1,0.0,0.13936242274356478
671,1711,F,37,30,3,MONTHLY,3,3819.0,1,1,0,0,187217.3,196683.2,97,27780.11546391753,7497.445622501209,0,12,0,37,36,12,12,12,0,12,0,0,97,383900.5,0,Zlin,south Moravia,197099,29,41,10,2,10,74.7,9624,1.6,2.31,145,4484.0,4265,0,0,0.9518723510701472,-9465.900000000023,-97.58659793814456,6.739255646477387,7.079999370609668,0.0,0.38144329896907214,0.03811940024618884,0.04004675648298106,0.12371134020618557,0.0,0.12371134020618557,0,0,0.0,0.269885329751035
672,1713,M,64,60,1,MONTHLY,3,6113.0,1,1,0,0,185727.9,212331.2,91,31642.197802197803,8753.683653461776,0,12,0,31,36,12,12,12,0,12,0,0,91,398059.1,0,Znojmo,south Moravia,114200,101,41,4,1,4,43.7,8403,5.74,5.72,105,2157.0,2718,0,0,0.8747084743080621,-26603.300000000017,-292.3439560439562,5.869627045536632,6.710380907398661,0.0,0.34065934065934067,0.041226553862370556,0.04713176455159282,0.13186813186813187,0.0,0.13186813186813187,0,0,0.0,0.2766458799158939
673,1714,M,54,50,1,MONTHLY,3,9134.0,1,1,0,0,206999.5,219463.2,96,24183.003125,7416.61194466716,0,12,0,36,36,12,12,12,0,12,0,0,96,426462.7,0,Jihlava,south Moravia,109164,98,16,6,1,4,63.6,8757,3.38,3.95,96,2212.0,2471,0,0,0.943208246302797,-12463.700000000012,-129.83020833333345,8.559710261378052,9.075101171910386,0.0,0.375,0.033794330642527584,0.03582912975474414,0.125,0.0,0.125,0,0,0.0,0.30668696961792913
674,1717,F,20,20,3,WEEKLY,1,3688.0,0,0,1,0,739184.1,720391.0,83,72776.56506024097,31027.64619304593,0,29,0,42,0,0,12,12,0,0,0,0,83,1459575.1,0,Zdar nad Sazavou,south Moravia,125832,151,41,2,3,5,48.3,8512,3.51,4.12,102,2247.0,2103,0,0,1.0260873608915158,18793.099999999977,226.42289156626478,10.156897338973591,9.89866723448262,0.0,0.5060240963855421,0.04307056333719595,0.0419755324729603,0.0,0.0,0.0,0,1,0.0,0.42634117407661
675,1718,M,61,60,2,MONTHLY,1,7394.0,0,1,0,0,317370.5,299903.2,73,51567.278082191784,13519.808747170517,0,12,0,37,12,0,12,12,0,12,0,0,73,617273.7,0,Prerov,north Moravia,138032,67,30,4,2,5,64.6,8819,5.38,5.66,99,4063.0,4505,0,0,1.0582431264488008,17467.29999999999,239.27808219178067,6.154493931096211,5.815765562068098,0.0,0.5068493150684932,0.0450805751561521,0.04259945000297922,0.0,0.0,0.1643835616438356,0,1,0.0,0.2621780565113721
676,1720,F,65,60,3,MONTHLY,1,3305.0,0,1,0,0,73761.5,69485.2,65,22375.246153846154,5143.88046502458,0,0,12,29,12,0,12,12,0,12,12,0,65,143246.7,0,Decin,north Bohemia,133777,24,17,7,3,11,84.7,8705,5.75,7.61,116,4650.0,4859,0,0,1.06154260187781,4276.300000000003,65.78923076923081,3.296567085467388,3.1054496349331093,0.0,0.6307692307692307,0.07402843288965967,0.06973665753847984,0.0,0.0,0.18461538461538463,0,1,0.0,0.22989156989186382
677,1722,M,66,60,1,MONTHLY,1,1794.0,0,1,0,0,63722.4,63843.2,66,25288.631818181817,4724.7988243427335,0,0,12,30,12,0,12,12,0,12,12,0,66,127565.6,0,Frydek - Mistek,north Moravia,228848,15,40,18,2,6,57.2,9893,4.09,4.72,96,5623.0,5887,0,0,0.9981078642674553,-120.79999999999563,-1.8303030303029642,2.5198041735965084,2.5245810235608923,0.0,0.6363636363636364,0.07400629705814768,0.07414659247521646,0.0,0.0,0.18181818181818182,0,0,0.0,0.1868348931770099
678,1723,F,18,10,2,MONTHLY,0,0.0,0,0,0,0,77055.8,69375.2,66,33469.8803030303,12992.50438032187,0,18,0,36,0,0,12,12,0,0,0,0,66,146431.0,0,Novy Jicin,north Moravia,161227,5,35,11,4,10,69.7,8678,5.93,5.57,102,4980.0,4595,0,0,1.1107110321844118,7680.600000000006,116.37272727272736,2.302243070556291,2.0727651061757424,0.0,0.5454545454545454,0.18727880251619988,0.16861163443013855,0.0,0.0,0.0,0,1,0.0,0.388184966981957
679,1724,F,65,60,3,MONTHLY,1,2655.0,0,1,0,0,71212.1,73825.2,68,22997.304411764704,4415.1662267665815,0,0,12,32,12,0,12,12,0,12,12,0,68,145037.3,0,Frydek - Mistek,north Moravia,228848,15,40,18,2,6,57.2,9893,4.09,4.72,96,5623.0,5887,0,0,0.9646042272828249,-2613.0999999999913,-38.42794117647046,3.0965411739112394,3.2101675343408216,0.0,0.6470588235294118,0.059805679182265425,0.06200022505678924,0.0,0.0,0.17647058823529413,0,0,0.0,0.19198624968011122
680,1725,F,40,40,1,MONTHLY,2,3607.0,0,1,0,0,72121.3,84624.6,76,22191.144736842107,5585.312465849334,0,14,0,29,21,0,11,12,0,11,0,0,76,156745.9,0,Sumperk,north Moravia,127369,31,32,13,2,7,51.2,8369,4.73,5.88,107,3736.0,2807,0,0,0.8522498186106641,-12503.300000000003,-164.51710526315793,3.250003587253569,3.8134400457271065,0.0,0.3815789473684211,0.06600105011839742,0.07744331377622608,0.0,0.0,0.14473684210526316,0,0,0.0,0.2516910475815385
681,1729,M,52,50,3,MONTHLY,1,4069.0,0,1,0,0,119034.0,103203.2,73,42115.379452054796,8111.0786870653865,0,22,0,27,12,0,12,12,0,12,0,0,73,222237.2,0,Sumperk,north Moravia,127369,31,32,13,2,7,51.2,8369,4.73,5.88,107,3736.0,2807,0,0,1.153394468388577,15830.800000000003,216.86027397260278,2.82637842870468,2.4504872410680547,0.0,0.3698630136986301,0.07859328671073558,0.06814085628530829,0.0,0.0,0.1643835616438356,0,1,0.0,0.19259184631826104
682,1730,M,67,60,1,MONTHLY,1,2681.0,0,1,0,0,48878.8,41416.0,49,15937.630612244899,2217.544754828717,0,0,12,17,10,0,10,10,0,10,12,0,49,90294.8,0,Teplice,north Bohemia,128118,9,16,6,3,8,85.3,9317,6.49,7.07,97,6949.0,6872,0,0,1.1801912304423412,7462.800000000003,152.30204081632658,3.066879964104976,2.598629683899189,0.0,0.5918367346938775,0.053543189946608005,0.04536823233853362,0.0,0.0,0.20408163265306123,0,1,0.0,0.1391389227659082
683,1731,F,31,30,1,MONTHLY,1,6046.0,0,1,0,0,164911.1,157286.0,60,41696.875,7460.137946687158,0,14,0,24,10,0,10,12,0,10,0,0,60,322197.1,0,Pelhrimov,south Bohemia,74062,99,15,4,2,7,61.4,8114,2.38,2.62,119,1003.0,1181,0,0,1.0484792034891854,7625.100000000006,127.0850000000001,3.954999025706363,3.772129206325414,0.0,0.4,0.04743040033243364,0.045237330578033606,0.0,0.0,0.16666666666666666,0,1,0.0,0.17891359836167955
684,1733,F,25,20,3,MONTHLY,1,2166.0,0,1,0,0,40237.2,38897.2,64,24330.478125,2091.0283767113983,0,0,12,28,12,0,12,12,0,12,0,0,64,79134.4,0,Hodonin,south Moravia,161954,21,37,20,3,8,48.0,8720,3.73,4.5,116,3729.0,3651,0,0,1.0344497804469217,1340.0,20.9375,1.6537776114911427,1.5987026559922974,0.0,0.625,0.05375781230297807,0.05196754189435146,0.0,0.0,0.1875,0,1,0.0,0.08594275730910644
685,1743,M,40,40,2,MONTHLY,1,3104.0,0,1,0,0,71594.8,77423.2,73,32417.004109589037,2842.8111683702546,0,18,0,31,12,0,12,12,0,12,0,0,73,149018.0,0,Beroun,central Bohemia,75232,55,26,4,1,5,41.7,8980,1.95,2.21,111,2824.0,2813,0,0,0.9247202388948016,-5828.399999999994,-79.84109589041088,2.2085569585013585,2.388351487949437,0.0,0.4246575342465753,0.03671782060635901,0.03970695034234685,0.0,0.0,0.1643835616438356,0,0,0.0,0.08769506147945803
686,1744,F,30,30,1,MONTHLY,4,2161.0,1,1,0,0,48910.3,59047.2,102,22654.237254901964,4830.270257591243,0,6,12,24,48,12,12,12,0,12,0,0,102,107957.5,0,Svitavy,east Bohemia,102609,75,33,2,3,6,52.0,8187,4.83,5.45,94,2123.0,2134,0,0,0.82832547521305,-10136.899999999994,-99.38137254901955,2.1589912496134342,2.6064527944865263,0.0,0.35294117647058826,0.08180354458113581,0.09875773114438559,0.11764705882352941,0.0,0.11764705882352941,1,0,0.0,0.21321707737240458
687,1748,M,23,20,3,MONTHLY,3,2132.0,1,1,0,0,42877.2,54789.2,94,19931.427659574467,2532.8788770247834,0,3,12,31,36,12,12,12,0,12,0,0,94,97666.4,0,Brno - venkov,south Moravia,157042,49,70,18,0,9,33.9,8743,1.88,2.43,111,3659.0,3894,0,0,0.7825848889927212,-11912.0,-126.72340425531915,2.151235763555706,2.7488848734666975,0.0,0.4574468085106383,0.04622952839290925,0.059072861031615485,0.1276595744680851,0.0,0.1276595744680851,0,0,0.0,0.12707965130676746
688,1749,F,71,70,2,MONTHLY,1,2425.0,0,1,0,0,77467.0,84005.2,72,24402.191666666666,3223.7655863889854,0,0,12,36,12,0,12,12,0,12,12,0,72,161472.2,0,Svitavy,east Bohemia,102609,75,33,2,3,6,52.0,8187,4.83,5.45,94,2123.0,2134,0,0,0.9221691038173828,-6538.199999999997,-90.8083333333333,3.1745918997029983,3.4425268495350316,0.0,0.6666666666666666,0.038375786098824666,0.04161469511390638,0.0,0.0,0.16666666666666666,0,0,0.0,0.13210967401721713
689,1750,M,35,30,3,MONTHLY,1,5950.0,0,1,0,0,239664.5,238535.2,74,37352.03243243243,8304.134012302318,0,12,0,38,12,0,12,12,0,12,0,0,74,478199.7,0,Cheb,west Bohemia,87419,21,11,4,3,9,85.5,8624,1.79,2.66,102,2879.0,3198,0,0,1.004734311749377,1129.2999999999884,15.260810810810653,6.416371061830132,6.38613709793425,0.0,0.5135135135135135,0.0348130339350432,0.03464899479189583,0.0,0.0,0.16216216216216217,0,1,0.0,0.22232080750422337
690,1754,M,20,20,1,MONTHLY,1,4877.0,0,1,0,0,234256.9,232199.2,75,46360.30133333334,8860.820424837333,2,12,0,37,12,0,12,12,0,12,0,0,75,466456.1,0,Hodonin,south Moravia,161954,21,37,20,3,8,48.0,8720,3.73,4.5,116,3729.0,3651,0,0,1.0088617876375112,2057.6999999999825,27.435999999999765,5.052963273807883,5.008578316402085,0.0,0.49333333333333335,0.038160426154945117,0.03782522702570269,0.0,0.0,0.16,0,1,0.0,0.19112948298432111
691,1756,M,63,60,1,MONTHLY,1,7156.0,0,0,0,1,13257.5,14900.0,16,19788.90625,3227.627091320341,0,8,0,5,0,0,0,3,0,0,0,0,16,28157.5,0,Hl.m. Praha,Prague,1204953,0,0,0,1,1,100.0,12541,0.29,0.43,167,85677.0,99107,0,0,0.8897651006711409,-1642.5,-102.65625,0.6699460714257515,0.7529471215722193,0.0,0.3125,0.2166192678738484,0.24345669178354448,0.0,0.0,0.0,0,0,0.0,0.16310285422269566
692,1758,M,52,50,3,MONTHLY,2,3140.0,0,1,0,0,84352.3,76355.2,86,39916.92558139535,7321.792744502913,0,19,0,31,24,0,12,12,0,12,0,0,86,160707.5,0,Jablonec n. Nisou,north Bohemia,88768,10,18,5,1,7,80.5,8867,1.02,1.21,130,3384.0,3620,0,1,1.1047354993504046,7997.100000000006,92.98953488372099,2.1131963138793255,1.9128527282068024,0.0,0.36046511627906974,0.09589121296916141,0.0868001553544232,0.0,0.0,0.13953488372093023,0,1,0.0,0.18342576833911992
693,1760,M,76,70,3,MONTHLY,1,3734.0,0,1,0,0,79209.5,92163.2,69,25972.25652173913,4176.339126079562,0,0,12,33,12,0,12,12,0,12,12,0,69,171372.7,0,Zlin,south Moravia,197099,29,41,10,2,10,74.7,9624,1.6,2.31,145,4484.0,4265,0,0,0.8594482396444568,-12953.699999999997,-187.7347826086956,3.0497735125055683,3.5485249394044045,0.0,0.6521739130434783,0.04531460632963659,0.05272523025747622,0.0,0.0,0.17391304347826086,0,0,0.0,0.1608000106800081
694,1761,M,51,50,1,MONTHLY,0,0.0,0,0,0,0,261616.5,246660.59999999998,54,50357.607407407406,10369.664339645964,0,12,0,30,0,0,11,12,0,0,0,0,54,508277.10000000003,0,Jicin,east Bohemia,77917,85,19,6,1,5,53.5,8390,2.28,2.89,132,2080.0,2122,0,0,1.0606335182838282,14955.900000000023,276.96111111111156,5.195173350541616,4.89817949459841,0.0,0.5555555555555556,0.042040213717334525,0.03963688964436862,0.0,0.0,0.0,0,1,0.0,0.2059205127787828
695,1762,M,43,40,3,WEEKLY,2,8070.8,0,1,1,0,667965.3,616759.0,90,65881.55,31288.288147046973,0,26,0,40,12,0,12,12,0,12,0,0,90,1284724.3,0,Trebic,south Moravia,117897,139,28,5,1,6,53.8,8814,4.76,5.74,107,2112.0,2059,0,1,1.0830248119605876,51206.30000000005,568.9588888888894,10.138882585488654,9.361634630636345,0.0,0.4444444444444444,0.05073016874832304,0.046841187928545046,0.0,0.0,0.13333333333333333,0,1,0.0,0.4749173045723267
696,1768,M,48,40,2,MONTHLY,1,3259.0,0,1,0,0,217319.0,223983.2,77,31492.009090909094,7240.7782607873005,0,12,0,41,12,0,12,12,0,12,0,0,77,441302.2,0,Rokycany,west Bohemia,45714,52,10,5,1,6,55.6,8843,2.82,3.6,113,818.0,888,0,0,0.9702468756585315,-6664.200000000012,-86.5480519480521,6.900766457060824,7.112382044391636,0.0,0.5324675324675324,0.032327327499505766,0.033318661786531784,0.0,0.0,0.15584415584415584,0,0,0.0,0.22992430365065278
697,1776,F,45,40,1,MONTHLY,2,2122.0,0,1,0,0,45875.8,49659.2,84,17745.90357142857,2921.0178885395103,0,5,12,31,24,0,12,12,0,12,0,0,84,95535.0,0,Sokolov,west Bohemia,94812,15,13,8,2,10,81.8,9650,3.38,3.67,100,2985.0,2804,0,0,0.9238127074137321,-3783.399999999994,-45.04047619047612,2.5851487254704457,2.7983472241984217,0.0,0.5119047619047619,0.058821283640081004,0.0636723041023701,0.0,0.0,0.14285714285714285,0,0,0.0,0.16460237579800868
698,1779,M,64,60,2,MONTHLY,1,6814.0,0,1,0,0,257311.9,240443.2,66,55618.53484848485,9838.351317768842,3,12,0,27,12,0,12,12,0,12,0,0,66,497755.1,0,Litomerice,north Bohemia,114006,71,26,6,2,9,62.3,9065,4.46,5.39,123,4147.0,4166,0,0,1.0701566939717986,16868.699999999983,255.58636363636336,4.626369621223664,4.323076842189598,0.0,0.4090909090909091,0.04091756937924983,0.038235119781746756,0.0,0.0,0.18181818181818182,0,1,0.0,0.17688979662212112
699,1780,F,45,40,3,MONTHLY,2,2149.0,0,1,0,0,39572.0,35053.2,71,18082.750704225353,2717.313858777935,0,0,12,23,24,0,12,12,0,0,0,0,71,74625.2,0,Brno - mesto,south Moravia,387570,0,0,0,1,1,100.0,9897,1.6,1.96,140,18721.0,18696,0,0,1.1289126242397272,4518.800000000003,63.645070422535255,2.1883838718604522,1.9384882628398565,0.0,0.49295774647887325,0.07751970886475229,0.06866758967901382,0.0,0.0,0.0,0,1,0.0,0.15027104577308512
700,1781,M,75,70,1,MONTHLY,1,3574.0,0,1,0,0,75516.9,59928.8,48,21934.479166666668,3983.351422467755,0,0,12,19,8,0,8,9,0,8,12,0,48,135445.7,0,Bruntal,north Moravia,106054,38,25,6,2,6,63.1,8110,5.77,6.55,109,3244.0,3079,0,0,1.260110330926032,15588.099999999991,324.75208333333313,3.442839897231812,2.7321733762009015,0.0,0.6458333333333334,0.06646806581256015,0.052747814362980414,0.0,0.0,0.16666666666666666,0,1,0.0,0.1816022797806462
701,1782,M,51,50,2,MONTHLY,1,4060.0,0,1,0,0,165734.6,176695.2,67,41022.883582089555,6195.455304412162,0,13,0,30,12,0,12,12,0,12,0,0,67,342429.8,0,Prachatice,south Bohemia,51428,50,11,3,1,4,52.7,8402,3.13,3.98,120,999.0,1099,0,0,0.9379688865345521,-10960.600000000006,-163.5910447761195,4.040052417776871,4.307235000836083,0.0,0.44776119402985076,0.035062951933115115,0.037381785724961245,0.0,0.0,0.1791044776119403,0,0,0.0,0.1510243737989466
702,1784,F,19,10,1,MONTHLY,2,5902.0,0,1,0,0,119215.4,124859.2,78,32342.63846153846,4577.633533108187,0,14,0,28,24,0,12,12,0,12,0,0,78,244074.6,0,Benesov,central Bohemia,88884,80,26,6,2,5,46.7,8507,1.67,1.85,132,2159.0,2674,0,0,0.9547986852390532,-5643.800000000003,-72.3564102564103,3.6860134383213587,3.8605137347863967,0.0,0.358974358974359,0.03666236475252274,0.0383980050656894,0.0,0.0,0.15384615384615385,0,0,0.0,0.1415355626768627
703,1788,M,49,40,3,WEEKLY,0,0.0,0,0,0,0,292441.0,273607.0,71,32315.936619718308,11970.515311383568,0,3,12,44,0,0,12,12,0,0,0,0,71,566048.0,0,Hl.m. Praha,Prague,1204953,0,0,0,1,1,100.0,12541,0.29,0.43,167,85677.0,99107,0,0,1.0688359581443456,18834.0,265.2676056338028,9.049435993186112,8.466627572015117,0.0,0.7887323943661971,0.043750764093694855,0.04093309526155214,0.0,0.0,0.0,0,1,0.0,0.37042142557240576
704,1789,F,66,60,3,MONTHLY,1,3467.0,0,1,0,0,77660.5,81039.2,62,15706.196774193548,2957.105026878386,0,0,12,26,12,0,12,12,0,12,12,0,62,158699.7,0,Trebic,south Moravia,117897,139,28,5,1,6,53.8,8814,4.76,5.74,107,2112.0,2059,0,0,0.9583078312717797,-3378.699999999997,-54.495161290322535,4.9445770428396765,5.159695957276776,0.0,0.6129032258064516,0.03648981020146282,0.038077336958664776,0.0,0.0,0.1935483870967742,0,0,0.0,0.18827632617828463
705,1790,M,46,40,3,MONTHLY,1,2100.0,0,1,0,0,38661.2,36115.2,62,16472.590322580643,1991.670513167169,0,0,12,26,12,0,12,12,0,0,0,0,62,74776.4,0,Hl.m. Praha,Prague,1204953,0,0,0,1,1,100.0,12541,0.29,0.43,167,85677.0,99107,0,0,1.070496632996633,2546.0,41.064516129032256,2.347001852343962,2.1924420684762156,0.0,0.6129032258064516,0.055147708254894595,0.05151600346515807,0.0,0.0,0.0,0,1,0.0,0.12090815555808397
706,1792,M,24,20,1,MONTHLY,1,2162.0,0,1,0,0,52662.7,49659.2,74,29013.159459459457,2605.5861070683586,0,6,12,32,12,0,12,12,0,12,0,0,74,102321.9,0,Brno - mesto,south Moravia,387570,0,0,0,1,1,100.0,9897,1.6,1.96,140,18721.0,18696,0,0,1.0604822469955215,3003.5,40.58783783783784,1.815131512084591,1.7116095222028327,0.0,0.5945945945945946,0.05246935325314058,0.049476880354944935,0.0,0.0,0.16216216216216217,0,1,0.0,0.08980704465189959
707,1794,F,59,50,3,MONTHLY,1,2065.0,0,1,0,0,38148.1,41535.2,65,19417.953846153847,1872.9291146387636,0,0,12,29,12,0,12,12,0,12,0,0,65,79683.3,0,Cesky Krumlov,south Bohemia,58796,22,16,7,1,5,51.9,9045,3.13,3.6,124,1845.0,1879,0,0,0.9184523006991661,-3387.0999999999985,-52.10923076923075,1.9645787760256763,2.1390101309890053,0.0,0.6307692307692307,0.045092574843476466,0.049096262058628444,0.0,0.0,0.18461538461538463,0,0,0.0,0.09645347442257612
708,1799,M,40,40,3,MONTHLY,3,7303.0,0,1,1,0,307697.7,285195.2,88,68315.14659090909,16149.623558211573,0,12,0,40,24,0,12,12,0,12,0,0,88,592892.9,0,Liberec,north Bohemia,159617,29,19,8,1,9,85.2,9198,3.33,4.28,131,5796.0,6132,0,1,1.07890209933407,22502.5,255.71022727272728,4.504091923312162,4.174699378277435,0.0,0.45454545454545453,0.05662656159083874,0.05248535675831042,0.0,0.0,0.13636363636363635,0,1,0.0,0.23639887146726338
709,1801,M,29,20,3,MONTHLY,1,2204.0,0,1,0,0,40719.3,40443.2,67,20703.246268656716,1769.6283529812865,0,0,12,31,12,0,12,12,0,0,0,0,67,81162.5,0,Zdar nad Sazavou,south Moravia,125832,151,41,2,3,5,48.3,8512,3.51,4.12,102,2247.0,2103,0,0,1.0068268584088302,276.1000000000058,4.120895522388147,1.9668074982833108,1.9534714254560266,0.0,0.6417910447761194,0.04375589352428311,0.04345920369410295,0.0,0.0,0.0,0,1,0.0,0.08547588769498345
710,1810,M,80,80,3,MONTHLY,2,2315.0,0,1,0,0,60972.0,66985.2,74,16909.613513513512,2929.902308920023,0,0,12,26,24,0,12,12,0,12,12,0,74,127957.2,0,Usti nad Labem,north Bohemia,118650,8,8,5,1,3,85.6,9832,3.32,4.48,114,6445.0,5471,0,0,0.9102309166801025,-6013.199999999997,-81.25945945945942,3.605759525566538,3.9613678897195377,0.0,0.5135135135135135,0.043739547077862324,0.048053242618251384,0.0,0.0,0.16216216216216217,0,0,0.0,0.17326843730511984
711,1812,F,52,50,3,MONTHLY,2,3729.0,0,1,0,0,319089.4,333843.2,84,64470.11190476191,13839.932660923341,5,12,0,31,24,0,12,12,0,12,0,0,84,652932.6,0,Liberec,north Bohemia,159617,29,19,8,1,9,85.2,9198,3.33,4.28,131,5796.0,6132,0,0,0.955806198838257,-14753.799999999988,-175.64047619047605,4.949415947522675,5.178263076278942,0.0,0.36904761904761907,0.04145638629429427,0.0433732134659545,0.0,0.0,0.14285714285714285,0,0,0.0,0.2146720744237004
712,1814,M,59,50,1,MONTHLY,3,7125.0,1,1,0,0,193411.3,198975.2,91,37885.12747252747,6077.17015392793,0,12,0,31,36,12,12,12,0,12,0,0,91,392386.5,0,Hodonin,south Moravia,161954,21,37,20,3,8,48.0,8720,3.73,4.5,116,3729.0,3651,0,0,0.9720372187086631,-5563.900000000023,-61.141758241758495,5.1052038861490665,5.252066266486435,0.0,0.34065934065934067,0.030542349769860415,0.03142096740949433,0.13186813186813187,0.0,0.13186813186813187,0,0,0.0,0.1604104449255136
713,1815,F,22,20,3,MONTHLY,2,5724.0,0,1,0,0,112554.1,114563.2,73,16536.279452054794,4011.1030592164125,0,12,0,25,24,0,12,12,0,12,0,0,73,227117.3,0,Hl.m. Praha,Prague,1204953,0,0,0,1,1,100.0,12541,0.29,0.43,167,85677.0,99107,0,0,0.9824629549453927,-2009.0999999999913,-27.521917808219058,6.806494793846391,6.92799128922343,0.0,0.3424657534246575,0.03501214228667157,0.03563711192410061,0.0,0.0,0.1643835616438356,0,0,0.0,0.24256381677911193
714,1817,F,46,40,3,MONTHLY,1,3666.0,0,1,0,0,85108.6,85067.2,73,30935.49315068493,3609.6031464433227,0,21,0,28,12,0,12,12,0,12,0,0,73,170175.8,0,Pardubice,east Bohemia,162580,83,26,5,1,6,72.8,9538,1.51,1.81,111,6079.0,5410,0,0,1.0004866740647396,41.40000000000873,0.5671232876713524,2.751163512585402,2.7498252439566024,0.0,0.3835616438356164,0.04243237283516235,0.04241173214508666,0.0,0.0,0.1643835616438356,0,1,0.0,0.11668160998310782
715,1824,M,39,30,3,MONTHLY,0,0.0,0,0,0,0,123940.7,133775.2,55,25923.87818181818,8113.18188205879,0,13,0,30,0,0,12,12,0,0,0,0,55,257715.9,0,Jesenik,north Moravia,42821,4,13,5,1,3,48.4,8173,0.0,7.01,124,0.0,1358,0,0,0.9264848791106273,-9834.500000000015,-178.80909090909117,4.780947477485306,5.160308155352458,0.0,0.5454545454545454,0.06064787705089425,0.06546019089821818,0.0,0.0,0.0,0,0,0.0,0.31296173455054277
716,1826,M,62,60,3,MONTHLY,1,6619.0,0,1,0,0,284431.3,284983.2,73,43404.55616438356,10995.460765407117,0,13,0,36,12,0,12,12,0,12,0,0,73,569414.5,0,Jablonec n. Nisou,north Bohemia,88768,10,18,5,1,7,80.5,8867,1.02,1.21,130,3384.0,3620,0,0,0.9980633946141386,-551.9000000000233,-7.560273972603059,6.5530286480246405,6.565743903029435,0.0,0.4931506849315068,0.03858283844594038,0.038657703162089115,0.0,0.0,0.1643835616438356,0,0,0.0,0.2533250362880027
717,1829,F,57,50,2,MONTHLY,2,7263.0,0,1,0,0,185425.4,171551.2,75,21287.214666666667,6466.894595066543,0,12,0,27,24,0,12,12,0,12,0,0,75,356976.6,0,Trutnov,east Bohemia,121947,37,28,7,3,11,70.5,8541,2.51,2.97,131,3496.0,3839,0,0,1.0808749807637603,13874.199999999983,184.9893333333331,8.710646409290684,8.058884296808897,0.0,0.36,0.03769658617990747,0.03487599107277937,0.0,0.0,0.16,0,1,0.0,0.3037924264085596
718,1831,M,23,20,2,TRANSACTION,1,1657.7,0,0,1,0,613362.2,597115.0,84,62163.75,29867.973941691558,0,22,0,50,0,0,12,12,0,0,0,0,84,1210477.2,0,Trutnov,east Bohemia,121947,37,28,7,3,11,70.5,8541,2.51,2.97,131,3496.0,3839,0,0,1.0272094990077287,16247.199999999953,193.41904761904706,9.86687900906879,9.605517685146086,0.0,0.5952380952380952,0.05002047167076955,0.0486954917366795,0.0,0.0,0.0,0,1,0.0,0.48047252525292566
719,1832,F,33,30,2,MONTHLY,1,8822.0,0,1,0,0,190730.2,184339.2,70,30272.314285714285,7685.332837582943,0,15,0,31,12,0,12,12,0,12,0,0,70,375069.4,0,Hl.m. Praha,Prague,1204953,0,0,0,1,1,100.0,12541,0.29,0.43,167,85677.0,99107,0,0,1.0346697826615283,6391.0,91.3,6.300482949531444,6.089365955314191,0.0,0.44285714285714284,0.04169125632303353,0.04029426298290959,0.0,0.0,0.17142857142857143,0,1,0.0,0.2538733168877579
720,1833,M,33,30,3,MONTHLY,4,7549.0,1,1,0,0,206783.1,186663.2,107,44218.96822429906,9557.704657861386,0,14,0,33,48,12,12,12,0,12,0,0,107,393446.3,0,Sokolov,west Bohemia,94812,15,13,8,2,10,81.8,9650,3.38,3.67,100,2985.0,2804,0,0,1.107787180333349,20119.899999999994,188.0364485981308,4.676343847533947,4.221337753815465,0.0,0.308411214953271,0.051202940150288784,0.046220917753246694,0.11214953271028037,0.0,0.11214953271028037,1,1,0.0,0.21614490436276776
721,1836,F,55,50,3,MONTHLY,3,5219.0,1,1,0,0,366423.6,362106.2,101,55893.34059405941,15169.969098618347,0,2,12,39,36,12,12,12,0,12,0,0,101,728529.8,0,Praha - zapad,central Bohemia,75637,35,36,9,0,7,36.5,9622,0.45,0.59,154,3475.0,3529,0,0,1.0119230214782293,4317.399999999965,42.746534653465,6.555764892659593,6.478521343533477,0.0,0.504950495049505,0.04189370162294472,0.041400087490593804,0.1188118811881188,0.0,0.1188118811881188,1,1,0.0,0.27140924012387047
722,1837,M,42,40,3,MONTHLY,1,2277.0,0,1,0,0,42368.8,35329.2,56,28436.401785714286,2198.172525406342,0,0,12,20,12,0,12,12,0,12,0,0,56,77698.0,0,Bruntal,north Moravia,106054,38,25,6,2,6,63.1,8110,5.77,6.55,109,3244.0,3079,0,0,1.1992572716053578,7039.600000000006,125.70714285714295,1.4899494077793272,1.2423934739080975,0.0,0.5714285714285714,0.06221970849626774,0.05188186886119838,0.0,0.0,0.21428571428571427,0,1,0.0,0.07730135978422725
723,1841,F,46,40,3,MONTHLY,0,0.0,0,0,0,0,228900.0,206875.2,64,78772.9421875,14036.999384628654,0,12,0,40,0,0,12,12,0,0,0,0,64,435775.2,0,Bruntal,north Moravia,106054,38,25,6,2,6,63.1,8110,5.77,6.55,109,3244.0,3079,0,0,1.106464187104109,22024.79999999999,344.1374999999998,2.905820115937256,2.62622157120377,0.0,0.625,0.06785249940364362,0.06132371946102514,0.0,0.0,0.0,0,1,0.0,0.17819569759393983
724,1842,M,56,50,1,MONTHLY,1,3443.0,0,1,0,0,274838.2,263351.2,72,60674.59027777778,11290.809536479615,0,12,0,36,12,0,12,12,0,12,0,0,72,538189.4,0,Nymburk,central Bohemia,81344,61,23,4,2,6,55.3,8899,3.39,3.97,149,2987.0,2487,0,1,1.0436185595508962,11487.0,159.54166666666666,4.529708379434417,4.340386952665638,0.0,0.5,0.04287358301947975,0.041081660178532736,0.0,0.0,0.16666666666666666,0,1,0.0,0.18608794035177692
725,1843,F,60,60,1,MONTHLY,1,2943.0,0,1,0,0,73283.4,69811.2,66,24919.333333333332,3828.761066709271,0,0,12,30,12,0,12,12,0,12,12,0,66,143094.6,0,Rychnov nad Kneznou,east Bohemia,78955,50,24,8,1,9,59.0,9060,1.78,2.44,124,1655.0,1717,0,0,1.049737004950495,3472.199999999997,52.60909090909087,2.940825062200701,2.8014874662243505,0.0,0.6363636363636364,0.05484451014606927,0.05224595292671016,0.0,0.0,0.18181818181818182,0,1,0.0,0.15364620776542728
726,1850,F,57,50,1,MONTHLY,1,4433.0,0,1,0,0,102869.3,91631.2,67,37478.65970149254,5072.751410949568,0,18,0,25,12,0,12,12,0,12,0,0,67,194500.5,0,Usti nad Orlici,east Bohemia,139012,59,41,8,3,10,61.9,8363,2.52,3.49,108,2564.0,2799,0,1,1.122644906974917,11238.100000000006,167.73283582089562,2.744743297100973,2.444889991526322,0.0,0.373134328358209,0.05536052579197444,0.049312588021397714,0.0,0.0,0.1791044776119403,0,1,0.0,0.13535039543443309
727,1851,F,24,20,3,TRANSACTION,1,4557.2,0,0,0,1,478244.4,434613.3,84,45989.590476190475,28751.813105613866,0,19,0,41,12,0,12,12,1,0,0,12,84,912857.7,0,Tachov,west Bohemia,51313,34,12,3,1,4,59.2,8930,3.52,4.2,108,1328.0,1452,0,0,1.1003906231125464,43631.100000000035,519.4178571428575,10.398970615917847,9.450253753074971,2.509177316033392e-05,0.4880952380952381,0.06615493153480086,0.060119497699531586,0.0,0.14285714285714285,0.0,0,1,0.011904761904761904,0.6251808900211696
728,1854,F,67,60,1,MONTHLY,1,3700.0,0,1,0,0,67719.7,79015.2,62,22847.637096774193,4826.38698873129,0,0,12,26,12,0,12,12,0,12,12,0,62,146734.9,0,Karvina,north Moravia,285387,0,2,8,5,7,89.9,10177,6.63,7.75,81,9878.0,10108,0,0,0.8570464923204649,-11295.5,-182.18548387096774,2.9639695218006237,3.4583532496301763,0.0,0.6129032258064516,0.06108175374777626,0.07127005862003657,0.0,0.0,0.1935483870967742,0,0,0.0,0.21124228156673222
729,1860,F,35,30,3,MONTHLY,2,9606.0,0,1,0,0,198356.4,188827.2,82,24808.336585365854,8951.288597579874,0,13,0,33,24,0,12,12,0,12,0,0,82,387183.6,0,Hl.m. Praha,Prague,1204953,0,0,0,1,1,100.0,12541,0.29,0.43,167,85677.0,99107,0,0,1.0504651872187905,9529.199999999983,116.20975609756076,7.99555420886252,7.611441393913808,0.0,0.4024390243902439,0.04740465673155072,0.04512729913216753,0.0,0.0,0.14634146341463414,0,1,0.0,0.3608177665108
730,1861,M,42,40,3,MONTHLY,1,2757.0,0,1,0,0,95612.5,86559.2,74,44493.772972972976,9133.334609666746,0,21,0,29,12,0,12,12,0,12,0,0,74,182171.7,0,Nachod,east Bohemia,112709,48,20,7,3,10,73.5,8369,1.79,2.31,117,2854.0,2618,0,0,1.1045908464958087,9053.300000000003,122.34189189189193,2.148896207522753,1.9454227910179474,0.0,0.3918918918918919,0.10551546929346328,0.09552448277857756,0.0,0.0,0.16216216216216217,0,1,0.0,0.20527219876845784
731,1862,F,22,20,3,WEEKLY,1,13204.0,0,1,0,0,411931.39999999997,411019.0,81,39344.04567901235,12872.796801074825,0,9,12,36,12,0,12,12,0,12,0,0,81,822950.4,0,Usti nad Labem,north Bohemia,118650,8,8,5,1,3,85.6,9832,3.32,4.48,114,6445.0,5471,0,0,1.0022198487174558,912.3999999999651,11.264197530863767,10.46998072747105,10.446790433126544,0.0,0.5925925925925926,0.031319225634520116,0.031249855682462725,0.0,0.0,0.14814814814814814,0,1,0.0,0.32718538673163644
732,1866,F,57,50,3,TRANSACTION,0,0.0,0,0,0,0,403412.0,405665.0,82,34781.05731707317,21739.540099466318,0,16,0,54,0,0,12,12,0,12,0,0,82,809077.0,0,Hl.m. Praha,Prague,1204953,0,0,0,1,1,100.0,12541,0.29,0.43,167,85677.0,99107,0,0,0.994446156311242,-2253.0,-27.475609756097562,11.598612322862735,11.663388962039084,0.0,0.6585365853658537,0.05358988352326752,0.0538891755809602,0.0,0.0,0.14634146341463414,0,0,0.0,0.6250396559622386
733,1867,F,55,50,1,MONTHLY,3,8761.0,0,1,1,0,305576.2,319239.2,84,43194.24523809524,11361.395776879392,0,12,0,36,24,0,12,12,0,12,0,0,84,624815.4,0,Hl.m. Praha,Prague,1204953,0,0,0,1,1,100.0,12541,0.29,0.43,167,85677.0,99107,0,0,0.957201371260171,-13663.0,-162.6547619047619,7.074465552427261,7.390780837592839,0.0,0.42857142857142855,0.03558897458983543,0.03718023778317615,0.0,0.0,0.14285714285714285,0,0,0.0,0.26303031142813416
734,1872,F,36,30,3,MONTHLY,2,9715.0,0,1,0,0,251690.9,255775.2,87,43830.97701149425,9030.351518032556,0,14,0,37,24,0,12,12,0,12,0,0,87,507466.1,0,Jesenik,north Moravia,42821,4,13,5,1,3,48.4,8173,0.0,7.01,124,0.0,1358,0,0,0.9840316809448296,-4084.3000000000175,-46.945977011494456,5.742306404303889,5.835489360251437,0.0,0.42528735632183906,0.03530581353482494,0.035878736648931514,0.0,0.0,0.13793103448275862,0,0,0.0,0.2060266992374921
735,1874,M,53,50,3,MONTHLY,2,3737.0,0,1,0,0,86784.1,93619.2,68,30499.227941176472,7090.806136892946,0,11,0,21,24,0,12,12,0,12,0,0,68,180403.3,0,Hl.m. Praha,Prague,1204953,0,0,0,1,1,100.0,12541,0.29,0.43,167,85677.0,99107,0,0,0.9269904036778781,-6835.099999999991,-100.5161764705881,2.8454523559540443,3.069559668217252,0.0,0.3088235294117647,0.0757409392185892,0.08170628187528528,0.0,0.0,0.17647058823529413,0,0,0.0,0.23249133225827573
736,1876,M,48,40,3,MONTHLY,0,0.0,0,0,0,0,300039.5,338935.2,62,48284.22096774194,12931.479413154237,12,12,0,26,0,0,12,12,0,0,0,0,62,638974.7,0,Olomouc,north Moravia,226122,32,50,7,4,4,62.6,8994,3.8,4.79,110,9672.0,9208,0,0,0.8852414856881197,-38895.70000000001,-627.3500000000001,6.214027978217822,7.019585139966082,0.0,0.41935483870967744,0.03815324998157239,0.04309925664172296,0.0,0.0,0.0,0,0,0.0,0.26781998661205675
737,1877,F,42,40,1,MONTHLY,1,2106.0,0,1,0,0,38753.5,46317.2,60,17601.338333333333,3582.646029436128,0,0,12,24,12,0,12,12,0,12,0,0,60,85070.7,0,Pardubice,east Bohemia,162580,83,26,5,1,6,72.8,9538,1.51,1.81,111,6079.0,5410,0,0,0.8366978142029311,-7563.699999999997,-126.06166666666662,2.201735985417018,2.631458990381697,0.0,0.6,0.07735022906039503,0.09244703135035875,0.0,0.0,0.2,0,0,0.0,0.2035439556690601
738,1883,F,38,30,2,MONTHLY,2,6284.0,0,1,1,0,322418.2,321931.2,70,58371.83714285714,10629.105634430198,0,12,0,34,12,0,12,12,0,12,0,0,70,644349.4,0,Pisek,south Bohemia,70699,60,13,2,1,4,65.3,8968,2.83,3.35,131,1740.0,1910,0,1,1.0015127455804222,487.0,6.957142857142857,5.523523256787777,5.5151801923266035,0.0,0.4857142857142857,0.03301669932715499,0.0329668289024323,0.0,0.0,0.17142857142857143,0,1,0.0,0.18209304614512828
739,1885,F,29,20,2,MONTHLY,1,6551.0,0,1,0,0,234045.2,225507.2,74,49480.57702702703,10308.643004880307,0,13,0,37,12,0,12,12,0,12,0,0,74,459552.4,0,Pardubice,east Bohemia,162580,83,26,5,1,6,72.8,9538,1.51,1.81,111,6079.0,5410,0,1,1.037861318840374,8538.0,115.37837837837837,4.73004184797928,4.557489292754703,0.0,0.5,0.0457131435487661,0.04404552199694891,0.0,0.0,0.16216216216216217,0,1,0.0,0.2083371622616602
740,1890,F,44,40,2,MONTHLY,1,8004.0,0,1,0,0,298956.9,313623.2,78,46369.14615384615,11645.521075344104,2,12,0,40,12,0,12,12,0,12,0,0,78,612580.1,0,Ceske Budejovice,south Bohemia,177686,69,27,10,1,9,74.8,10045,1.42,1.71,135,6604.0,6295,0,0,0.9532359213221471,-14666.299999999988,-188.02948717948703,6.447323808985054,6.763618181785004,0.0,0.5128205128205128,0.03713220538322453,0.03895384610739576,0.0,0.0,0.15384615384615385,0,0,0.0,0.25114805945975244
741,1892,M,71,70,1,MONTHLY,2,1975.0,0,1,0,0,65675.1,53475.2,76,34717.5,6931.103584240155,0,0,12,28,24,0,12,12,0,12,12,0,76,119150.3,0,Zdar nad Sazavou,south Moravia,125832,151,41,2,3,5,48.3,8512,3.51,4.12,102,2247.0,2103,0,0,1.2281412692238647,12199.900000000009,160.52500000000012,1.8917001512205662,1.5402952401526606,0.0,0.5263157894736842,0.12961342050595706,0.10553624713537024,0.0,0.0,0.15789473684210525,0,1,0.0,0.19964293466523095
742,1894,F,52,50,1,MONTHLY,1,1933.0,0,1,0,0,35654.6,27271.2,53,17273.95283018868,2948.7124382192887,0,0,12,17,12,0,12,12,0,12,0,0,53,62925.8,0,Hl.m. Praha,Prague,1204953,0,0,0,1,1,100.0,12541,0.29,0.43,167,85677.0,99107,0,0,1.3074085482120332,8383.399999999998,158.177358490566,2.0640672317738726,1.578746930021698,0.0,0.5471698113207547,0.10812551109666199,0.08270216012013286,0.0,0.0,0.22641509433962265,0,1,0.0,0.1707028187008822
743,1897,F,30,30,3,MONTHLY,3,3088.0,1,1,0,0,95192.0,90471.2,95,39272.696842105266,7866.385048087665,0,18,0,29,36,12,12,12,0,12,0,0,95,185663.2,0,Liberec,north Bohemia,159617,29,19,8,1,9,85.2,9198,3.33,4.28,131,5796.0,6132,0,0,1.052180141304636,4720.800000000003,49.6926315789474,2.4238722485169957,2.303666599819636,0.0,0.30526315789473685,0.08694905172129545,0.08263703933195715,0.12631578947368421,0.0,0.12631578947368421,0,1,0.0,0.20030162633633838
744,1898,M,38,30,3,MONTHLY,4,8109.0,1,1,0,0,194699.7,188603.2,107,22717.909345794396,6438.649728823414,0,13,0,34,48,12,12,12,0,12,0,0,107,383302.9,0,Opava,north Moravia,182027,17,49,12,2,7,56.4,8746,3.33,3.74,90,4355.0,4433,0,0,1.0323244780576364,6096.5,56.97663551401869,8.57031767476629,8.30196111487322,0.0,0.3177570093457944,0.034138602785230655,0.033069643809535476,0.11214953271028037,0.0,0.11214953271028037,1,1,0.0,0.28341735283908753
745,1900,M,34,30,1,MONTHLY,4,7103.0,1,1,1,0,183524.4,176027.2,95,46083.465263157894,6483.751085791611,5,12,0,30,36,12,12,12,0,12,0,0,95,359551.6,0,Cheb,west Bohemia,87419,21,11,4,3,9,85.5,8624,1.79,2.66,102,2879.0,3198,0,0,1.0425911450048628,7497.1999999999825,78.91789473684192,3.9824348918205437,3.819747473303132,0.0,0.3157894736842105,0.036833802308913685,0.03532909567224637,0.12631578947368421,0.0,0.12631578947368421,0,1,0.0,0.14069582330162012
746,1903,F,60,60,2,MONTHLY,1,2865.0,0,1,0,0,52488.0,54795.2,61,19090.81475409836,3414.07641663335,0,0,12,25,12,0,12,12,0,12,12,0,61,107283.2,0,Hl.m. Praha,Prague,1204953,0,0,0,1,1,100.0,12541,0.29,0.43,167,85677.0,99107,0,0,0.9578941221128858,-2307.199999999997,-37.82295081967208,2.749385014525482,2.870238945052711,0.0,0.6065573770491803,0.06230612200764575,0.06504489438792391,0.0,0.0,0.19672131147540983,0,0,0.0,0.1788334579015506
747,1908,M,79,70,3,MONTHLY,1,2998.0,0,1,0,0,66248.2,72021.2,66,18749.207575757577,3264.8326030505314,0,0,12,30,12,0,12,12,0,12,12,0,66,138269.4,0,Hl.m. Praha,Prague,1204953,0,0,0,1,1,100.0,12541,0.29,0.43,167,85677.0,99107,0,0,0.9198430462141702,-5773.0,-87.46969696969697,3.533386663533335,3.8412930097975044,0.0,0.6363636363636364,0.04533154964164068,0.049281831099569975,0.0,0.0,0.18181818181818182,0,0,0.0,0.1741317647617229
748,1911,F,61,60,2,MONTHLY,1,1825.0,0,1,0,0,50771.0,42435.2,59,24015.881355932204,6265.971975004591,0,0,12,23,12,0,12,12,0,12,12,0,59,93206.2,0,Rychnov nad Kneznou,east Bohemia,78955,50,24,8,1,9,59.0,9060,1.78,2.44,124,1655.0,1717,0,0,1.1964359776789082,8335.800000000003,141.2847457627119,2.1140594112511706,1.7669640922638055,0.0,0.5932203389830508,0.14765977242960068,0.12341635924060174,0.0,0.0,0.2033898305084746,0,1,0.0,0.2609095157549495
749,1912,M,27,20,2,MONTHLY,1,3377.0,0,1,0,0,156594.6,162759.2,75,39067.48933333334,6957.098775615342,4,13,0,34,12,0,12,12,0,12,0,0,75,319353.8,0,Hodonin,south Moravia,161954,21,37,20,3,8,48.0,8720,3.73,4.5,116,3729.0,3651,0,0,0.962124414472423,-6164.600000000006,-82.19466666666675,4.00830979088256,4.1661033963892296,0.0,0.4533333333333333,0.042744734402819264,0.04442745008841519,0.0,0.0,0.16,0,0,0.0,0.17807898317334087
750,1914,F,57,50,1,MONTHLY,1,5758.0,0,1,0,0,122158.3,112780.6,62,40153.80322580645,6005.220785883106,0,16,0,24,10,0,11,12,0,10,0,0,62,234938.9,0,Most,north Bohemia,119895,17,4,3,2,4,89.9,10446,7.34,9.4,90,4947.0,4743,0,1,1.0831499389079327,9377.699999999997,151.25322580645155,3.0422597658567514,2.808715263303304,0.0,0.3870967741935484,0.05324693064129031,0.04915933494394655,0.0,0.0,0.16129032258064516,0,1,0.0,0.14955546681624446
751,1917,F,30,30,2,TRANSACTION,1,8094.2,0,0,0,1,488540.6,436749.6,88,31127.596590909092,23545.489123457635,0,25,0,47,4,0,12,12,4,0,0,4,88,925290.2,0,Jesenik,north Moravia,42821,4,13,5,1,3,48.4,8173,0.0,7.01,124,0.0,1358,0,0,1.118582821827427,51791.0,588.5340909090909,15.694774203758465,14.030945136559435,8.187651138922743e-06,0.5340909090909091,0.053910728535201034,0.04819556270954274,0.0,0.045454545454545456,0.0,0,1,0.045454545454545456,0.7564184743493548
752,1919,M,50,50,3,MONTHLY,1,1983.0,0,1,0,0,36921.8,32111.2,56,25151.014285714286,1910.726455131051,0,0,12,20,12,0,12,12,0,0,0,0,56,69033.0,0,Sokolov,west Bohemia,94812,15,13,8,2,10,81.8,9650,3.38,3.67,100,2985.0,2804,0,0,1.1498106579635767,4810.600000000002,85.90357142857147,1.4680044144768942,1.276735786287517,0.0,0.5714285714285714,0.0595034273129329,0.05175063120246171,0.0,0.0,0.0,0,1,0.0,0.0759701550571795
753,1924,M,61,60,3,MONTHLY,1,2443.0,0,1,0,0,55720.1,53361.2,66,23500.410606060606,2953.1665883943747,0,7,12,23,12,0,12,12,0,12,0,0,66,109081.3,0,Bruntal,north Moravia,106054,38,25,6,2,6,63.1,8110,5.77,6.55,109,3244.0,3079,0,0,1.0442062772201526,2358.9000000000015,35.74090909090911,2.3710266571099887,2.2706496875522033,0.0,0.5303030303030303,0.055342956837446965,0.05300002312261419,0.0,0.0,0.18181818181818182,0,1,0.0,0.125664467651164
754,1925,M,61,60,3,MONTHLY,0,0.0,0,0,0,0,6300.0,18100.0,22,20891.395454545454,4870.19936586909,0,5,0,6,0,0,0,11,0,0,0,0,22,24400.0,0,Litomerice,north Bohemia,114006,71,26,6,2,9,62.3,9065,4.46,5.39,123,4147.0,4166,0,0,0.34806629834254144,-11800.0,-536.3636363636364,0.3015595589919904,0.8663853996436549,0.0,0.2727272727272727,0.26907178816956295,0.773047518391919,0.0,0.0,0.0,0,0,0.0,0.2331198687261197
755,1927,M,47,40,1,MONTHLY,4,7550.0,1,1,0,0,159041.5,162415.2,109,31982.775229357798,5830.5753996934445,0,15,0,34,48,12,12,12,0,12,0,0,109,321456.7,0,Vsetin,north Moravia,148545,8,35,12,3,4,53.5,8909,4.01,5.56,113,3460.0,3590,0,0,0.9792279294056221,-3373.7000000000116,-30.951376146789098,4.972723563213857,5.078208468004209,0.0,0.3119266055045872,0.03589919785644105,0.036660716854993475,0.11009174311926606,0.0,0.11009174311926606,1,0,0.0,0.18230361054913746
756,1930,F,65,60,2,MONTHLY,2,1837.0,0,1,0,0,57244.2,40629.2,72,39113.65972222222,6716.9587183582935,0,0,12,24,24,0,12,12,0,12,12,0,72,97873.4,0,Louny,north Bohemia,85852,41,23,4,2,4,59.8,8965,7.08,8.23,104,2653.0,2822,0,0,1.4089423370383862,16615.0,230.76388888888889,1.4635347448062246,1.0387470844850841,0.0,0.5,0.16532343039878447,0.11733867742685361,0.0,0.0,0.16666666666666666,0,1,0.0,0.1717292313238101
757,1935,F,70,70,1,MONTHLY,1,2376.0,0,1,0,0,81348.7,84897.2,71,19177.09295774648,3545.5558771640513,0,0,12,35,12,0,12,12,0,12,12,0,71,166245.9,0,Frydek - Mistek,north Moravia,228848,15,40,18,2,6,57.2,9893,4.09,4.72,96,5623.0,5887,0,0,0.9582023906559933,-3548.5,-49.978873239436616,4.241972450112134,4.427010923243517,0.0,0.6619718309859155,0.04176293066395654,0.043584665485300336,0.0,0.0,0.16901408450704225,0,0,0.0,0.18488495023599724
758,1938,F,60,60,1,MONTHLY,2,5341.0,0,1,0,0,326463.4,295156.39999999997,66,49425.35151515152,11258.670669806075,0,12,0,25,17,0,9,12,0,9,0,0,66,621619.8,0,Hodonin,south Moravia,161954,21,37,20,3,8,48.0,8720,3.73,4.5,116,3729.0,3651,0,0,1.1060691890807723,31307.00000000006,474.3484848484857,6.60518114676274,5.971761271328919,0.0,0.3787878787878788,0.03814476213223253,0.03448677759836501,0.0,0.0,0.13636363636363635,0,1,0.0,0.22779141320532015
759,1941,F,78,70,3,MONTHLY,1,2694.0,0,1,0,0,49539.7,49763.2,59,21020.889830508473,3019.1487587532033,0,0,12,23,12,0,12,12,0,12,12,0,59,99302.9,0,Praha - vychod,central Bohemia,92084,55,29,4,3,5,46.7,10124,0.56,0.54,141,3810.0,4316,0,0,0.9955087293421645,-223.5,-3.788135593220339,2.3566890079077916,2.3673212885487196,0.0,0.5932203389830508,0.06067030976209736,0.060944025877290406,0.0,0.0,0.2033898305084746,0,0,0.0,0.1436261158826583
760,1943,M,73,70,3,MONTHLY,1,2033.0,0,1,0,0,60314.1,63101.2,65,20552.621538461535,4164.547854452969,0,0,12,29,12,0,12,12,0,12,12,0,65,123415.3,0,Decin,north Bohemia,133777,24,17,7,3,11,84.7,8705,5.75,7.61,116,4650.0,4859,0,0,0.955831267868123,-2787.0999999999985,-42.878461538461515,2.9346183350445134,3.0702263398328227,0.0,0.6307692307692307,0.06599791849367316,0.06904766637408116,0.0,0.0,0.18461538461538463,0,0,0.0,0.20262854773341513
761,1944,F,42,40,3,MONTHLY,3,10124.0,0,1,0,1,143291.2,135987.2,90,34759.659999999996,5425.228262246956,0,22,0,32,24,0,12,12,0,12,0,0,90,279278.4,0,Hl.m. Praha,Prague,1204953,0,0,0,1,1,100.0,12541,0.29,0.43,167,85677.0,99107,0,0,1.0537109375,7304.0,81.15555555555555,4.12234181807302,3.912213180451133,0.0,0.35555555555555557,0.03989513911785047,0.037861559274030475,0.0,0.0,0.13333333333333333,0,1,0.0,0.15607828909278618
762,1945,M,45,40,3,MONTHLY,1,7088.0,0,1,0,0,232342.5,248271.2,76,33975.55657894737,8908.356770528604,0,12,0,40,12,0,12,12,0,12,0,0,76,480613.7,0,Brno - mesto,south Moravia,387570,0,0,0,1,1,100.0,9897,1.6,1.96,140,18721.0,18696,0,0,0.9358415313576444,-15928.700000000012,-209.588157894737,6.83851931785479,7.307347546260329,0.0,0.5263157894736842,0.035881555212721426,0.038341486256404246,0.0,0.0,0.15789473684210525,0,0,0.0,0.2621989944396844
763,1946,M,64,60,3,MONTHLY,1,3353.0,0,1,0,0,568816.1,607028.2,92,60885.1347826087,23641.8228423184,3,21,0,44,12,0,12,12,0,12,0,0,92,1175844.3,0,Olomouc,north Moravia,226122,32,50,7,4,4,62.6,8994,3.8,4.79,110,9672.0,9208,0,0,0.9370505357082258,-38212.09999999998,-415.34891304347803,9.342446264280543,9.970055944975787,0.0,0.4782608695652174,0.038946827910661154,0.041563209695222064,0.0,0.0,0.13043478260869565,0,0,0.0,0.3883020531486362
764,1952,F,28,20,3,MONTHLY,1,6258.0,0,1,0,0,320941.5,344551.2,76,80779.54342105263,11155.533821565394,0,12,0,40,12,0,12,12,0,12,0,0,76,665492.7,0,Usti nad Orlici,east Bohemia,139012,59,41,8,3,10,61.9,8363,2.52,3.49,108,2564.0,2799,0,0,0.9314769474028823,-23609.70000000001,-310.6539473684212,3.9730541472255556,4.265327401073224,0.0,0.5263157894736842,0.03237699889469372,0.03475877635508463,0.0,0.0,0.15789473684210525,0,0,0.0,0.13809850055005457
765,1956,F,74,70,1,MONTHLY,1,3628.0,0,1,0,0,76941.3,84318.6,58,14693.679310344827,5610.66964135982,0,0,12,23,11,0,11,12,0,11,12,0,58,161259.9,0,Hl.m. Praha,Prague,1204953,0,0,0,1,1,100.0,12541,0.29,0.43,167,85677.0,99107,0,0,0.9125068490226356,-7377.300000000003,-127.19482758620694,5.236353562298779,5.7384265859563826,0.0,0.603448275862069,0.06654130454442815,0.07292143025085124,0.0,0.0,0.1896551724137931,0,0,0.0,0.3818423910619668
766,1961,F,79,70,3,MONTHLY,1,1536.0,0,1,0,0,72460.5,81157.2,70,21589.725714285716,3673.516842217255,0,0,12,34,12,0,12,12,0,12,12,0,70,153617.7,0,Jicin,east Bohemia,77917,85,19,6,1,5,53.5,8390,2.28,2.89,132,2080.0,2122,0,0,0.892841300587009,-8696.699999999997,-124.23857142857139,3.3562492158968733,3.759065820197014,0.0,0.6571428571428571,0.045264213676879626,0.05069681884912822,0.0,0.0,0.17142857142857143,0,0,0.0,0.1701511585108524
767,1964,M,68,60,1,MONTHLY,1,1931.0,0,1,0,0,74267.4,73927.2,68,25353.326470588236,4618.912661300457,0,0,12,32,12,0,12,12,0,12,12,0,68,148194.6,0,Pelhrimov,south Bohemia,74062,99,15,4,2,7,61.4,8114,2.38,2.62,119,1003.0,1181,0,0,1.0046018244976138,340.1999999999971,5.002941176470546,2.9292960861035637,2.91587772854032,0.0,0.6470588235294118,0.06247920469462468,0.06219300340796174,0.0,0.0,0.17647058823529413,0,1,0.0,0.18218172146596792
768,1965,M,60,60,3,MONTHLY,1,7887.0,0,1,0,0,208779.9,201419.2,74,34712.477027027024,8373.965603158973,0,13,0,37,12,0,12,12,0,12,0,0,74,410199.1,0,Prerov,north Moravia,138032,67,30,4,2,5,64.6,8819,5.38,5.66,99,4063.0,4505,0,0,1.036544182481114,7360.6999999999825,99.46891891891869,6.014549173124252,5.802501499480307,0.0,0.5,0.041574813141741065,0.04010906032218127,0.0,0.0,0.16216216216216217,0,1,0.0,0.24123791559556612
769,1970,F,52,50,1,MONTHLY,4,4113.0,1,1,0,0,161152.5,163431.2,110,22921.213636363635,5533.321170977562,0,13,0,37,48,12,12,12,0,12,0,0,110,324583.7,0,Hl.m. Praha,Prague,1204953,0,0,0,1,1,100.0,12541,0.29,0.43,167,85677.0,99107,0,0,0.986057129850359,-2278.7000000000116,-20.71545454545465,7.030714104262685,7.1301285609380916,0.0,0.33636363636363636,0.03385718988159887,0.03433593131336816,0.10909090909090909,0.0,0.10909090909090909,1,0,0.0,0.24140611656789232
770,1971,F,30,30,2,MONTHLY,0,0.0,0,0,0,0,261043.5,311408.2,65,41560.74307692308,12426.795214336349,1,1,12,39,0,0,12,12,0,0,0,0,65,572451.7,0,Beroun,central Bohemia,75232,55,26,4,1,5,41.7,8980,1.95,2.21,111,2824.0,2813,0,0,0.8382679068823492,-50364.70000000001,-774.8415384615387,6.281011374528248,7.492844856590445,0.0,0.7846153846153846,0.03990516375078225,0.047604308149164214,0.0,0.0,0.0,0,0,0.0,0.2990032009614482
771,1972,F,53,50,2,MONTHLY,0,0.0,0,0,0,0,104684.6,90815.2,59,31178.922033898303,7778.22450452428,0,14,0,33,0,0,12,12,0,0,0,0,59,195499.8,0,Hl.m. Praha,Prague,1204953,0,0,0,1,1,100.0,12541,0.29,0.43,167,85677.0,99107,0,0,1.1527211303834601,13869.400000000009,235.0745762711866,3.3575439165659726,2.912711347148693,0.0,0.559322033898305,0.08564892776236005,0.07430151621656174,0.0,0.0,0.0,0,1,0.0,0.24947060376454483
772,1973,F,68,60,3,MONTHLY,1,2850.0,0,1,0,0,52204.7,47745.2,55,17318.66181818182,2246.728867626501,0,0,12,19,12,0,12,12,0,12,12,0,55,99949.9,0,Prostejov,south Moravia,110643,49,41,4,1,4,51.9,8441,3.45,4.48,115,1879.0,2252,0,0,1.0934020592645963,4459.5,81.08181818181818,3.0143610717771177,2.7568642716884275,0.0,0.5636363636363636,0.04705664375950883,0.0430369079340845,0.0,0.0,0.21818181818181817,0,1,0.0,0.1297287799261601
773,1974,M,81,80,1,MONTHLY,1,3137.0,0,1,0,0,64037.7,55786.0,54,21249.896296296294,3962.885864360502,0,0,12,20,10,0,10,12,0,10,12,0,54,119823.7,0,Praha - vychod,central Bohemia,92084,55,29,4,3,5,46.7,10124,0.56,0.54,141,3810.0,4316,0,0,1.1479170401175922,8251.699999999997,152.8092592592592,3.0135535301958774,2.6252363410226667,0.0,0.5925925925925926,0.07103728290898258,0.06188363829994679,0.0,0.0,0.18518518518518517,0,1,0.0,0.18648965666016945
774,1976,M,81,80,3,MONTHLY,1,3595.0,0,1,0,0,71123.9,70755.2,62,14999.125806451613,2758.374391066289,0,0,12,26,12,0,12,12,0,12,12,0,62,141879.1,0,Olomouc,north Moravia,226122,32,50,7,4,4,62.6,8994,3.8,4.79,110,9672.0,9208,0,0,1.005210924426756,368.6999999999971,5.9467741935483405,4.741869687459204,4.7172882548638855,0.0,0.6129032258064516,0.03898475859111823,0.038782665054451305,0.0,0.0,0.1935483870967742,0,1,0.0,0.183902343820586
775,1979,F,73,70,1,MONTHLY,1,2145.0,0,1,0,0,63353.3,55835.2,63,29519.509523809524,5108.984108939047,0,0,12,27,12,0,12,12,0,12,12,0,63,119188.5,0,Trutnov,east Bohemia,121947,37,28,7,3,11,70.5,8541,2.51,2.97,131,3496.0,3839,0,0,1.1346480356477635,7518.100000000006,119.33492063492072,2.1461501570309354,1.8914677411887568,0.0,0.6190476190476191,0.09150113385353767,0.08064274645423437,0.0,0.0,0.19047619047619047,0,1,0.0,0.173071442966161
776,1980,M,40,40,2,MONTHLY,0,0.0,0,0,0,0,195486.9,178775.2,64,49499.3546875,10319.72874374235,4,12,0,36,0,0,12,12,0,0,0,0,64,374262.1,0,Vsetin,north Moravia,148545,8,35,12,3,4,53.5,8909,4.01,5.56,113,3460.0,3590,0,0,1.0934788494153551,16711.699999999983,261.1203124999997,3.9492817883010907,3.6116672859403125,0.0,0.5625,0.057724610257699885,0.052789873611696486,0.0,0.0,0.0,0,1,0.0,0.20848208646138927
777,1981,F,29,20,3,MONTHLY,1,5683.0,0,1,0,0,236806.2,209271.2,74,37449.063513513516,11383.735860555495,0,12,0,38,12,0,12,12,0,12,0,0,74,446077.4,0,Prachatice,south Bohemia,51428,50,11,3,1,4,52.7,8402,3.13,3.98,120,999.0,1099,0,0,1.1315756778763633,27535.0,372.0945945945946,6.323421142815717,5.5881557605435015,0.0,0.5135135135135135,0.05439704966835137,0.048071950230000285,0.0,0.0,0.16216216216216217,0,1,0.0,0.3039791864607687
778,1984,M,73,70,3,MONTHLY,2,3343.0,0,1,0,0,69625.8,70101.2,76,19773.288157894734,4193.6602578325965,0,0,12,28,24,0,12,12,0,12,12,0,76,139727.0,0,Hl.m. Praha,Prague,1204953,0,0,0,1,1,100.0,12541,0.29,0.43,167,85677.0,99107,0,0,0.993218375719674,-475.3999999999942,-6.25526315789466,3.5212049429523447,3.5452474793379882,0.0,0.5263157894736842,0.05982294536801933,0.06023141217526544,0.0,0.0,0.15789473684210525,0,0,0.0,0.21208714627254469
779,1988,M,47,40,1,MONTHLY,1,4783.0,0,1,0,0,264019.0,278731.2,69,44264.84637681159,10521.64907128574,0,12,0,33,12,0,12,12,0,12,0,0,69,542750.2,0,Rakovnik,central Bohemia,53921,61,22,1,1,2,41.3,8598,2.77,3.26,123,1597.0,1875,0,0,0.9472172472977549,-14712.200000000012,-213.22028985507262,5.964529906022851,6.296897488974796,0.0,0.4782608695652174,0.03774837216388312,0.03985186320410932,0.0,0.0,0.17391304347826086,0,0,0.0,0.23769762989164173
780,1991,M,81,80,1,MONTHLY,1,3597.0,0,1,0,0,78110.7,75219.2,65,17680.823076923076,3135.4724779912167,0,0,12,29,12,0,12,12,0,12,12,0,65,153329.9,0,Zlin,south Moravia,197099,29,41,10,2,10,74.7,9624,1.6,2.31,145,4484.0,4265,0,0,1.0384409831532375,2891.5,44.48461538461538,4.4178203503404605,4.254281583654085,0.0,0.6307692307692307,0.041684469895867236,0.04014139519926485,0.0,0.0,0.18461538461538463,0,1,0.0,0.1773374726023711
781,1993,M,24,20,3,MONTHLY,3,3573.0,1,1,0,0,200919.6,190691.2,97,39743.46804123711,10963.278694222685,0,12,0,37,36,12,12,12,0,12,0,0,97,391610.8,0,Hl.m. Praha,Prague,1204953,0,0,0,1,1,100.0,12541,0.29,0.43,167,85677.0,99107,0,0,1.0536385528015975,10228.399999999994,105.44742268041232,5.0554118677194815,4.798051337697612,0.0,0.38144329896907214,0.057492315818573086,0.05456550129615371,0.12371134020618557,0.0,0.12371134020618557,0,1,0.0,0.2758510828206382
782,1999,F,17,10,3,MONTHLY,0,0.0,0,0,0,0,76954.5,61775.200000000004,37,27752.462162162163,16941.072043694272,7,3,0,15,0,0,12,12,0,0,0,0,37,138729.7,0,Nachod,east Bohemia,112709,48,20,7,3,10,73.5,8369,1.79,2.31,117,2854.0,2618,0,0,1.2457183465209338,15179.299999999996,410.2513513513512,2.7728891062112724,2.22593583369423,0.0,0.40540540540540543,0.27423742931944,0.2201440077408634,0.0,0.0,0.0,0,1,0.0,0.6104349208623302
783,2002,F,81,80,3,MONTHLY,1,3422.0,0,1,0,0,75742.9,84139.2,68,20032.805882352943,3691.2562938827555,0,0,12,32,12,0,12,12,0,12,12,0,68,159882.1,0,Ostrava - mesto,north Moravia,323870,0,0,0,1,1,100.0,10673,4.75,5.44,100,18782.0,18347,0,0,0.9002094148743985,-8396.300000000003,-123.47500000000004,3.7809431412063206,4.200070648821036,0.0,0.6470588235294118,0.04387082708039482,0.04873402383434956,0.0,0.0,0.17647058823529413,0,0,0.0,0.18426057315986935
784,2004,F,25,20,2,MONTHLY,1,4656.0,0,1,0,0,317786.6,300607.2,72,52643.68888888889,10855.287163451809,0,12,0,36,12,0,12,12,0,12,0,0,72,618393.8,0,Hl.m. Praha,Prague,1204953,0,0,0,1,1,100.0,12541,0.29,0.43,167,85677.0,99107,0,0,1.057148997096543,17179.399999999965,238.6027777777773,6.036556455432454,5.710222941148163,0.0,0.5,0.036111201473057894,0.034159046238739485,0.0,0.0,0.16666666666666666,0,1,0.0,0.2062030110838785
785,2010,M,47,40,3,MONTHLY,2,2122.0,0,1,0,0,39176.0,32779.2,69,19375.323188405797,3425.4384237704016,0,0,12,21,24,0,12,12,0,0,0,0,69,71955.2,0,Opava,north Moravia,182027,17,49,12,2,7,56.4,8746,3.33,3.74,90,4355.0,4433,0,0,1.1951481427246549,6396.800000000003,92.70724637681164,2.0219533691929814,1.691801457000474,0.0,0.4782608695652174,0.10450036681097775,0.08743716621835822,0.0,0.0,0.0,0,1,0.0,0.17679387282789613
786,2013,F,59,50,1,MONTHLY,1,2372.6,0,0,1,0,165542.4,194377.0,47,24613.774468085103,19197.13103874897,0,9,0,26,0,0,10,12,0,0,0,0,47,359919.4,0,Hl.m. Praha,Prague,1204953,0,0,0,1,1,100.0,12541,0.29,0.43,167,85677.0,99107,0,1,0.8516563173626509,-28834.600000000006,-613.5021276595746,6.725599936517125,7.8970821907885185,0.0,0.5531914893617021,0.09876235891462966,0.11596504000636072,0.0,0.0,0.0,0,0,0.0,0.7799344657049855
787,2018,F,54,50,3,MONTHLY,1,5454.0,0,1,0,0,287850.5,315423.2,75,33256.42533333333,10896.02326504756,0,12,0,39,12,0,12,12,0,12,0,0,75,603273.7,0,Breclav,south Moravia,124605,11,42,14,1,8,46.0,8772,4.69,4.98,126,2854.0,3158,0,0,0.9125850603253026,-27572.70000000001,-367.63600000000014,8.655485281861722,9.484579200514595,0.0,0.52,0.03454414026947783,0.03785306353488203,0.0,0.0,0.16,0,0,0.0,0.3276366342995481
788,2021,M,80,80,3,MONTHLY,1,2164.0,0,1,0,0,75541.9,62683.2,60,32646.466666666667,5484.787382083894,0,0,12,24,12,0,12,12,0,12,12,0,60,138225.1,0,Bruntal,north Moravia,106054,38,25,6,2,6,63.1,8110,5.77,6.55,109,3244.0,3079,0,0,1.205137899788141,12858.699999999997,214.3116666666666,2.313938006563242,1.920060772273467,0.0,0.6,0.08750011776814033,0.07260589662272056,0.0,0.0,0.2,0,1,0.0,0.16800554369591483
789,2029,F,76,70,3,MONTHLY,2,3009.0,0,1,0,0,80304.1,81243.2,75,31491.08266666667,3876.865801460419,0,0,12,27,24,0,12,12,0,12,12,0,75,161547.3,0,Kutna Hora,central Bohemia,77963,60,23,4,2,4,51.5,8546,2.95,4.02,126,2640.0,3120,0,0,0.9884408787443135,-939.0999999999913,-12.521333333333217,2.5500584038351257,2.579879544312904,0.0,0.52,0.04771926513801055,0.04827730839970087,0.0,0.0,0.16,0,0,0.0,0.12310995599919732
790,2031,M,73,70,3,MONTHLY,1,2447.0,0,1,0,0,53632.0,57129.2,62,13721.574193548387,1805.944962392808,0,0,12,26,12,0,12,12,0,12,12,0,62,110761.2,0,Blansko,south Moravia,107911,88,33,6,2,7,50.9,8240,2.53,3.56,99,1850.0,1903,0,0,0.938784369464302,-3497.199999999997,-56.406451612903176,3.908589440504334,4.163458156780657,0.0,0.6129032258064516,0.031611592012365096,0.03367289980595182,0.0,0.0,0.1935483870967742,0,0,0.0,0.13161354061270372
791,2032,M,56,50,1,MONTHLY,1,3804.0,0,1,0,0,96293.9,98204.6,65,28282.278461538463,5235.504480482645,0,17,0,25,11,0,11,12,0,11,0,0,65,194498.5,0,Hl.m. Praha,Prague,1204953,0,0,0,1,1,100.0,12541,0.29,0.43,167,85677.0,99107,0,0,0.9805436812532202,-1910.7000000000116,-29.395384615384796,3.4047433671566334,3.472301573352729,0.0,0.38461538461538464,0.05331221226381091,0.05437005335210896,0.0,0.0,0.16923076923076924,0,0,0.0,0.18511607852254527
792,2034,M,73,70,3,MONTHLY,1,2125.0,0,1,0,0,53076.299999999996,50725.2,61,22632.467213114753,4564.873064745659,0,0,12,25,12,0,12,12,0,12,12,0,61,103801.5,0,Liberec,north Bohemia,159617,29,19,8,1,9,85.2,9198,3.33,4.28,131,5796.0,6132,0,0,1.0463497433228455,2351.0999999999985,38.54262295081965,2.3451398161860175,2.241258079481783,0.0,0.6065573770491803,0.08999221421986821,0.0860058644770954,0.0,0.0,0.19672131147540983,0,1,0.0,0.20169577721073503
793,2038,F,19,10,3,MONTHLY,2,4730.0,0,1,0,0,303639.7,321235.2,88,56744.607954545456,11729.65415155082,0,12,0,40,24,0,12,12,0,12,0,0,88,624874.9,0,Hl.m. Praha,Prague,1204953,0,0,0,1,1,100.0,12541,0.29,0.43,167,85677.0,99107,0,0,0.9452254921004921,-17595.5,-199.94886363636363,5.350987713990847,5.661070039594271,0.0,0.45454545454545453,0.036514224317729875,0.038630173035840897,0.0,0.0,0.13636363636363635,0,0,0.0,0.20670958130412515
794,2040,M,55,50,3,MONTHLY,1,5955.0,0,1,0,0,254704.4,241935.2,70,41536.81,8473.623761425119,0,12,0,34,12,0,12,12,0,12,0,0,70,496639.60000000003,0,Kromeriz,south Moravia,108871,41,29,7,2,6,62.1,8444,3.24,3.47,106,2595.0,2305,0,0,1.052779421927855,12769.199999999983,182.4171428571426,6.132016397022304,5.8245975076083125,0.0,0.4857142857142857,0.03502435264246426,0.03326846242713168,0.0,0.0,0.17142857142857143,0,1,0.0,0.20400275710689192
795,2042,M,17,10,1,MONTHLY,0,0.0,0,0,0,0,81165.4,41666.8,52,26704.790384615386,9983.725702602593,0,21,0,19,0,0,8,12,0,0,0,0,52,122832.2,0,Semily,east Bohemia,75685,31,28,5,1,9,60.8,8208,1.89,2.26,155,1660.0,2123,0,0,1.947963366517227,39498.59999999999,759.5884615384614,3.039357314961713,1.5602743702494748,0.0,0.36538461538461536,0.23960865011478183,0.12300470031075549,0.0,0.0,0.0,0,1,0.0,0.373855235664168
796,2044,F,38,30,3,WEEKLY,1,2123.0,0,0,1,0,334993.6,317707.0,60,55564.295000000006,18418.22681555683,0,13,0,35,0,0,12,12,0,0,0,0,60,652700.6,0,Ceska Lipa,north Bohemia,105058,32,19,7,2,10,81.0,9272,2.8,3.22,118,4340.0,4505,0,0,1.0544105103129613,17286.599999999977,288.1099999999996,6.0289363880168,5.717826528708768,0.0,0.5833333333333334,0.057972367041194656,0.0549808319190481,0.0,0.0,0.0,0,1,0.0,0.33147593820018467
797,2045,M,43,40,1,MONTHLY,1,7968.0,0,1,0,0,258149.4,261357.4,45,41532.88444444445,23081.831668386007,3,8,0,18,4,0,4,12,0,4,0,0,45,519506.8,0,Plzen - sever,west Bohemia,72541,66,26,10,0,8,36.9,8594,1.62,2.01,112,1580.0,1525,0,0,0.9877256201661021,-3208.0,-71.28888888888889,6.2155422974608925,6.292782297593585,0.0,0.4,0.08831520235656617,0.08941268764671158,0.0,0.0,0.08888888888888889,0,0,0.0,0.5557483419977949
798,2047,F,56,50,3,MONTHLY,2,2757.0,0,1,0,0,73253.9,71959.2,83,35579.927710843374,5847.548773971773,0,19,0,28,24,0,12,12,0,12,0,0,83,145213.1,0,Praha - zapad,central Bohemia,75637,35,36,9,0,7,36.5,9622,0.45,0.59,154,3475.0,3529,0,0,1.017992139990439,1294.699999999997,15.598795180722856,2.0588546608450544,2.022466166452318,0.0,0.3373493975903614,0.08126200366279465,0.0798257672829948,0.0,0.0,0.14457831325301204,0,1,0.0,0.16434965302612653
799,2049,M,72,70,3,MONTHLY,1,2249.0,0,1,0,0,66312.0,65293.2,63,20275.25873015873,3735.1333381059667,0,0,12,27,12,0,12,12,0,12,12,0,63,131605.2,0,Karvina,north Moravia,285387,0,2,8,5,7,89.9,10177,6.63,7.75,81,9878.0,10108,0,0,1.015603462535149,1018.8000000000029,16.171428571428617,3.270587117162813,3.2203386831694862,0.0,0.6190476190476191,0.057205548787713986,0.056326657891572665,0.0,0.0,0.19047619047619047,0,1,0.0,0.18422124165301468
800,2051,F,81,80,3,MONTHLY,1,2128.0,0,1,0,0,61450.2,64341.2,65,15799.74923076923,2692.7623655901134,0,0,12,29,12,0,12,12,0,12,12,0,65,125791.4,0,Brno - venkov,south Moravia,157042,49,70,18,0,9,33.9,8743,1.88,2.43,111,3659.0,3894,0,0,0.9550676704817442,-2891.0,-44.47692307692308,3.889314893702792,4.072292481370444,0.0,0.6307692307692307,0.04185129226048183,0.043820237616641014,0.0,0.0,0.18461538461538463,0,0,0.0,0.17043070280799721
801,2053,M,81,80,1,MONTHLY,1,3311.0,0,1,0,0,82172.5,75901.6,61,29185.490163934424,4132.304724432639,0,0,12,26,11,0,11,12,0,11,12,0,61,158074.1,0,Jindrichuv Hradec,south Bohemia,93931,74,21,10,1,8,56.9,8427,1.12,1.54,107,1874.0,1913,0,0,1.082618811724654,6270.899999999994,102.8016393442622,2.815525781422152,2.6006621637554126,0.0,0.6229508196721312,0.054442919838746995,0.05028817091402402,0.0,0.0,0.18032786885245902,0,1,0.0,0.1415876417089982
802,2054,M,51,50,1,MONTHLY,2,1934.0,0,1,0,0,35503.5,21872.0,57,16174.27543859649,2346.6844415716687,0,0,12,15,18,0,10,12,0,9,0,0,57,57375.5,0,Rychnov nad Kneznou,east Bohemia,78955,50,24,8,1,9,59.0,9060,1.78,2.44,124,1655.0,1717,0,0,1.6232397585954645,13631.5,239.14912280701753,2.195059688131587,1.352270776087261,0.0,0.47368421052631576,0.1072917173359395,0.06609727045422757,0.0,0.0,0.15789473684210525,0,1,0.0,0.14508745386960595
803,2055,F,23,20,1,MONTHLY,0,0.0,0,0,0,0,237979.30000000002,230750.2,60,27191.001666666667,15157.141787462817,0,10,0,38,0,0,12,12,0,11,0,0,60,468729.5,0,Breclav,south Moravia,124605,11,42,14,1,8,46.0,8772,4.69,4.98,126,2854.0,3158,0,0,1.0313286835721052,7229.100000000006,120.4850000000001,8.752134361116157,8.486270672509859,0.0,0.6333333333333333,0.06568636468121292,0.06369100920736726,0.0,0.0,0.18333333333333332,0,1,0.0,0.5574322701779645
804,2057,F,23,20,3,WEEKLY,0,0.0,0,0,0,0,241827.1,257725.0,64,38208.0515625,19574.322842454414,0,14,0,38,0,0,12,12,0,0,0,0,64,499552.1,0,Kutna Hora,central Bohemia,77963,60,23,4,2,4,51.5,8546,2.95,4.02,126,2640.0,3120,0,0,0.9383144824910273,-15897.899999999994,-248.4046874999999,6.329218322070778,6.745306014320526,0.0,0.59375,0.07595042329015196,0.08094346267417678,0.0,0.0,0.0,0,0,0.0,0.5123088470092517
805,2058,M,28,20,3,MONTHLY,1,14658.0,0,1,0,0,432463.5,403130.2,80,55031.759999999995,23924.443887549533,0,24,0,32,12,0,12,12,0,12,0,0,80,835593.7,0,Sumperk,north Moravia,127369,31,32,13,2,7,51.2,8369,4.73,5.88,107,3736.0,2807,0,0,1.0727638365967125,29333.29999999999,366.6662499999999,7.858434838355161,7.325409908750875,0.0,0.4,0.0593466921792253,0.05532130200016772,0.0,0.0,0.15,0,1,0.0,0.43473884694128506
806,2059,M,27,20,1,MONTHLY,1,2159.0,0,1,0,0,39652.6,39693.2,63,15161.244444444445,1657.9747167979417,0,0,12,27,12,0,12,12,0,12,0,0,63,79345.8,0,Hradec Kralove,east Bohemia,161854,73,21,6,1,6,76.3,9425,1.72,2.5,125,4085.0,3891,0,0,0.9989771547771407,-40.599999999998545,-0.6444444444444214,2.61539216950822,2.618070049951924,0.0,0.6190476190476191,0.04176974183986027,0.04181250956552513,0.0,0.0,0.19047619047619047,0,0,0.0,0.10935611010516195
807,2064,M,73,70,3,MONTHLY,2,3482.0,0,1,0,0,63435.9,65079.2,72,15962.119444444446,2910.42383674195,0,0,12,24,24,0,12,12,0,12,12,0,72,128515.1,0,Blansko,south Moravia,107911,88,33,6,2,7,50.9,8240,2.53,3.56,99,1850.0,1903,0,0,0.9747492286321897,-1643.2999999999956,-22.82361111111105,3.974152694495631,4.0771026821660925,0.0,0.5,0.04472126019898754,0.045879759516960425,0.0,0.0,0.16666666666666666,0,0,0.0,0.18233316990713982
808,2065,M,21,20,1,MONTHLY,1,6765.0,0,1,0,0,300493.2,271191.4,59,45950.620338983055,11288.409804258945,0,12,0,27,8,0,9,12,0,8,0,0,59,571684.6,0,Zlin,south Moravia,197099,29,41,10,2,10,74.7,9624,1.6,2.31,145,4484.0,4265,0,0,1.1080484115646734,29301.79999999999,496.6406779661015,6.539480811863405,5.901800628574535,0.0,0.4576271186440678,0.041625249931446735,0.0375662737268562,0.0,0.0,0.13559322033898305,0,1,0.0,0.24566392620998448
809,2066,M,27,20,3,MONTHLY,2,11996.3,0,1,1,0,360965.4,342679.2,73,41768.65205479452,18406.240886910473,0,18,0,32,11,0,12,12,0,11,0,0,73,703644.6,0,Hl.m. Praha,Prague,1204953,0,0,0,1,1,100.0,12541,0.29,0.43,167,85677.0,99107,0,0,1.0533624451090116,18286.20000000001,250.49589041095908,8.642016973075044,8.204219747155205,0.0,0.4383561643835616,0.05371274616875046,0.05099170415477625,0.0,0.0,0.1506849315068493,0,1,0.0,0.44067117279159757
810,2067,M,20,20,1,MONTHLY,1,4689.0,0,1,0,0,109303.6,106943.2,70,23866.72714285714,5560.988128019807,0,15,0,31,12,0,12,12,0,12,0,0,70,216246.8,0,Breclav,south Moravia,124605,11,42,14,1,8,46.0,8772,4.69,4.98,126,2854.0,3158,0,0,1.0220715295596168,2360.4000000000087,33.72000000000013,4.579748171827259,4.4808489810889744,0.0,0.44285714285714284,0.051999455112805744,0.050876532227848,0.0,0.0,0.17142857142857143,0,1,0.0,0.2330017054593975
811,2069,F,76,70,1,MONTHLY,1,3285.0,0,1,0,0,84016.3,84665.6,65,19810.758461538462,3811.464260576745,0,0,12,30,11,0,11,12,0,11,12,0,65,168681.9,0,Karvina,north Moravia,285387,0,2,8,5,7,89.9,10177,6.63,7.75,81,9878.0,10108,0,0,0.9923310057449543,-649.3000000000029,-9.989230769230813,4.2409431301236244,4.2737182508369775,0.0,0.6461538461538462,0.04501786157042228,0.04536577141074702,0.0,0.0,0.16923076923076924,0,0,0.0,0.19239365660716629
812,2070,F,27,20,3,MONTHLY,1,5502.0,0,1,0,0,197223.7,217419.2,66,33455.42878787879,7386.967648246165,0,12,0,30,12,0,12,12,0,12,0,0,66,414642.9,0,Karvina,north Moravia,285387,0,2,8,5,7,89.9,10177,6.63,7.75,81,9878.0,10108,0,0,0.9071126193086904,-20195.5,-305.99242424242425,5.895117986694464,6.498771884782209,0.0,0.45454545454545453,0.03397569142120919,0.03745476658356051,0.0,0.0,0.18181818181818182,0,0,0.0,0.22080026817419035
813,2071,M,26,20,1,MONTHLY,1,2058.0,0,1,0,0,54760.5,39381.2,73,35780.568493150684,4284.975637843253,0,7,12,30,12,0,12,12,0,12,0,0,73,94141.7,0,Hl.m. Praha,Prague,1204953,0,0,0,1,1,100.0,12541,0.29,0.43,167,85677.0,99107,0,0,1.39052390480737,15379.300000000003,210.67534246575346,1.5304536039018652,1.1006309194762673,0.0,0.5753424657534246,0.10880764521759757,0.0782493884797117,0.0,0.0,0.1643835616438356,0,1,0.0,0.11975705860189188
814,2073,M,43,40,2,MONTHLY,2,7858.0,0,1,0,0,189608.6,204371.2,83,25480.02891566265,7972.712834848536,0,13,0,34,24,0,12,12,0,12,0,0,83,393979.8,0,Domazlice,west Bohemia,58400,65,16,4,1,6,52.4,8620,1.1,1.25,100,1089.0,1117,0,0,0.927765751730185,-14762.600000000006,-177.8626506024097,7.4414593730483185,8.020838621355427,0.0,0.40963855421686746,0.03901094104672544,0.04204826592701246,0.0,0.0,0.14457831325301204,0,0,0.0,0.31290046260299514
815,2078,F,21,20,3,MONTHLY,0,0.0,0,0,0,0,42802.2,43175.2,54,18047.44074074074,8869.57864753022,0,16,0,26,0,0,12,12,0,0,0,0,54,85977.4,0,Hradec Kralove,east Bohemia,161854,73,21,6,1,6,76.3,9425,1.72,2.5,125,4085.0,3891,0,0,0.9913607811892012,-373.0,-6.907407407407407,2.3716492889419634,2.392317039309359,0.0,0.48148148148148145,0.2054322538756096,0.20722249434679105,0.0,0.0,0.0,0,0,0.0,0.491459081370347
816,2079,F,74,70,2,MONTHLY,1,3028.0,0,1,0,0,60382.200000000004,58331.2,63,20223.538095238095,3035.717588570713,0,0,12,27,12,0,12,12,0,12,12,0,63,118713.4,0,Olomouc,north Moravia,226122,32,50,7,4,4,62.6,8994,3.8,4.79,110,9672.0,9208,0,0,1.0351612858984558,2051.0000000000073,32.55555555555567,2.985738683095111,2.8843222054075133,0.0,0.6190476190476191,0.052042776225599906,0.05027504113084175,0.0,0.0,0.19047619047619047,0,1,0.0,0.150108135098552
817,2084,F,70,70,3,MONTHLY,1,2768.0,0,1,0,0,50967.299999999996,42881.2,54,23930.32592592593,2676.2977546212296,0,0,12,18,12,0,12,12,0,12,12,0,54,93848.5,0,Hl.m. Praha,Prague,1204953,0,0,0,1,1,100.0,12541,0.29,0.43,167,85677.0,99107,0,0,1.188569816143205,8086.0999999999985,149.74259259259256,2.1298205531242855,1.7919187616890266,0.0,0.5555555555555556,0.06241191372026039,0.05251009479845371,0.0,0.0,0.2222222222222222,0,1,0.0,0.11183707914825136
818,2086,F,45,40,1,MONTHLY,0,0.0,0,0,0,0,0.0,8300.0,8,16262.5,3450.853931586045,0,0,0,8,0,0,0,0,0,0,0,0,8,8300.0,115,Jablonec n. Nisou,north Bohemia,88768,10,18,5,1,7,80.5,8867,1.02,1.21,130,3384.0,3620,0,0,0.0,-8300.0,-1037.5,0.0,0.5103766333589547,0.0,1.0,0.4157655339260295,3450.853931586045,0.0,0.0,0.0,0,0,0.0,0.21219701347185518
819,2087,M,22,20,3,MONTHLY,0,0.0,0,0,0,0,7700.0,6900.0,12,19550.0,1954.2494490445456,0,6,0,6,0,0,0,0,0,0,0,0,12,14600.0,27,Frydek - Mistek,north Moravia,228848,15,40,18,2,6,57.2,9893,4.09,4.72,96,5623.0,5887,0,0,1.1159420289855073,800.0,66.66666666666667,0.3938618925831202,0.35294117647058826,0.0,0.5,0.28322455783254286,0.2537986297460449,0.0,0.0,0.0,0,1,0.0,0.09996160864677983
820,2092,M,54,50,1,TRANSACTION,0,0.0,0,0,0,0,625501.2,598420.0,73,62292.73835616439,25321.899730501336,0,0,12,49,0,0,12,12,0,0,0,0,73,1223921.2,0,Olomouc,north Moravia,226122,32,50,7,4,4,62.6,8994,3.8,4.79,110,9672.0,9208,0,0,1.0452545035259515,27081.199999999953,370.97534246575276,10.041318081469464,9.606577199712738,0.0,0.8356164383561644,0.04231459465008077,0.040482575781631336,0.0,0.0,0.0,0,1,0.0,0.4064984201805526
821,2093,M,29,20,3,MONTHLY,4,6709.0,1,1,0,0,186412.5,187063.2,109,21767.760550458715,6238.756672384782,0,14,0,35,48,12,12,12,0,12,0,0,109,373475.7,0,Rychnov nad Kneznou,east Bohemia,78955,50,24,8,1,9,59.0,9060,1.78,2.44,124,1655.0,1717,0,0,0.9965214964781955,-650.7000000000116,-5.969724770642308,8.563696737102875,8.59358956868248,0.0,0.3211009174311927,0.033351063557048005,0.03346748030515541,0.11009174311926606,0.0,0.11009174311926606,1,0,0.0,0.2866053518883141
822,2096,F,25,20,1,MONTHLY,1,4954.0,0,1,0,0,119139.4,137383.2,75,18787.106666666667,5173.240227449417,0,15,0,36,12,0,12,12,0,12,0,0,75,256522.6,0,Ostrava - mesto,north Moravia,323870,0,0,0,1,1,100.0,10673,4.75,5.44,100,18782.0,18347,0,0,0.8672050148780927,-18243.800000000017,-243.2506666666669,6.34155126246156,7.312632138494982,0.0,0.48,0.037655551970324004,0.04342174148476002,0.0,0.0,0.16,0,0,0.0,0.2753611995309594
823,2099,M,81,80,3,MONTHLY,1,1978.0,0,1,0,0,82377.3,71121.2,63,43601.263492063496,6297.807818631797,0,0,12,27,12,0,12,12,0,12,12,0,63,153498.5,0,Hl.m. Praha,Prague,1204953,0,0,0,1,1,100.0,12541,0.29,0.43,167,85677.0,99107,0,0,1.1582664521970947,11256.100000000006,178.66825396825405,1.8893328633697668,1.6311729134396715,0.0,0.6190476190476191,0.08855035936727441,0.07645076760990949,0.0,0.0,0.19047619047619047,0,1,0.0,0.14444094767524693
824,2100,F,68,60,3,MONTHLY,1,2631.0,0,1,0,0,58123.6,57707.2,59,21537.65593220339,3474.8922022610886,0,0,12,23,12,0,12,12,0,12,12,0,59,115830.8,0,Decin,north Bohemia,133777,24,17,7,3,11,84.7,8705,5.75,7.61,116,4650.0,4859,0,0,1.0072157373776582,416.40000000000146,7.057627118644093,2.698696654035262,2.679363073755646,0.0,0.5932203389830508,0.06021592110275822,0.059784531623318045,0.0,0.0,0.2033898305084746,0,1,0.0,0.1613403154549137
825,2112,M,72,70,1,MONTHLY,1,2366.0,0,1,0,0,58379.4,55337.2,59,20194.974576271186,4188.666164889992,0,0,12,23,12,0,12,12,0,12,12,0,59,113716.59999999999,0,Tabor,south Bohemia,103347,87,16,7,1,7,67.0,9104,1.51,2.07,123,2299.0,2354,0,0,1.0549756763985167,3042.2000000000044,51.56271186440685,2.890788486983043,2.7401470495051,0.0,0.5932203389830508,0.07569349668740001,0.07174904443844904,0.0,0.0,0.2033898305084746,0,1,0.0,0.2074113116147032
826,2113,M,62,60,1,MONTHLY,1,3827.0,0,1,0,0,310790.39999999997,300916.0,65,50075.60615384615,15199.452950362192,0,13,0,30,10,0,10,12,0,10,0,0,65,611706.4,0,Frydek - Mistek,north Moravia,228848,15,40,18,2,6,57.2,9893,4.09,4.72,96,5623.0,5887,0,0,1.0328144731420064,9874.399999999965,151.9138461538456,6.206423124368493,6.009233299652981,0.0,0.46153846153846156,0.050510617416030364,0.04890579937592086,0.0,0.0,0.15384615384615385,0,1,0.0,0.3035300841624414
827,2114,M,81,80,3,MONTHLY,1,2279.0,0,1,0,0,52709.4,53903.2,60,31607.52,2747.405892270263,0,0,12,24,12,0,12,12,0,12,12,0,60,106612.6,0,Trutnov,east Bohemia,121947,37,28,7,3,11,70.5,8541,2.51,2.97,131,3496.0,3839,0,0,0.9778528918505767,-1193.7999999999956,-19.896666666666594,1.667622135491807,1.7053916283213615,0.0,0.6,0.05096925400106604,0.052123641936168176,0.0,0.0,0.2,0,0,0.0,0.08692253907520309
828,2121,M,20,20,1,MONTHLY,2,14238.8,0,1,1,0,595397.1,631313.0,67,60266.54925373134,22385.17146120818,0,0,12,33,10,0,10,12,0,10,0,0,67,1226710.1,0,Zlin,south Moravia,197099,29,41,10,2,10,74.7,9624,1.6,2.31,145,4484.0,4265,0,0,0.943109202566714,-35915.90000000002,-536.0582089552242,9.879395906563152,10.475346735750145,0.0,0.6716417910447762,0.0354581189698425,0.03759704483143801,0.0,0.0,0.14925373134328357,0,0,0.0,0.37143609080658
829,2122,F,29,20,3,MONTHLY,2,9545.0,0,1,0,0,328613.0,292215.2,87,64894.27011494253,15493.779739933105,0,13,0,38,24,0,12,12,0,12,0,0,87,620828.2,0,Hl.m. Praha,Prague,1204953,0,0,0,1,1,100.0,12541,0.29,0.43,167,85677.0,99107,0,1,1.1245582023111733,36397.79999999999,418.36551724137917,5.063821496380983,4.502943009951732,0.0,0.4367816091954023,0.053021813170338515,0.04714901644162923,0.0,0.0,0.13793103448275862,0,1,0.0,0.2387542029903425
830,2128,F,44,40,1,MONTHLY,1,6307.0,0,1,0,0,241458.1,227709.0,59,47460.1406779661,8325.498216077101,0,12,0,26,9,0,10,12,0,9,0,0,59,469167.1,0,Louny,north Bohemia,85852,41,23,4,2,4,59.8,8965,7.08,8.23,104,2653.0,2822,0,0,1.060380134294209,13749.100000000006,233.03559322033908,5.087597646167527,4.797899811234998,0.0,0.4406779661016949,0.036562007720718555,0.03448009495675275,0.0,0.0,0.15254237288135594,0,1,0.0,0.17542084994160811
831,2129,M,37,30,1,MONTHLY,0,0.0,0,0,0,0,576021.8,555760.2,64,58968.7921875,21333.817698543786,0,0,12,40,0,0,12,12,0,0,0,0,64,1131782.0,0,Prerov,north Moravia,138032,67,30,4,2,5,64.6,8819,5.38,5.66,99,4063.0,4505,0,0,1.0364574505335216,20261.600000000093,316.58750000000146,9.768248231512924,9.424649537214162,0.0,0.8125,0.03838673172088211,0.03703647622111487,0.0,0.0,0.0,0,1,0.0,0.3617814933483758
832,2133,F,78,70,1,MONTHLY,2,1709.0,0,1,0,0,59484.6,29432.399999999998,55,27783.398181818182,5968.81892593101,0,0,12,16,18,0,9,9,0,9,12,0,55,88917.0,0,Blansko,south Moravia,107911,88,33,6,2,7,50.9,8240,2.53,3.56,99,1850.0,1903,0,0,2.021058425408733,30052.2,546.4036363636363,2.1410123992293895,1.059352056483175,0.0,0.509090909090909,0.20279756071305807,0.1003422554061221,0.0,0.0,0.16363636363636364,0,1,0.0,0.21483401299114963
833,2135,F,59,50,3,MONTHLY,3,6749.0,1,1,0,0,146701.0,154160.2,94,30715.25106382979,6262.06419213319,0,6,12,28,36,12,12,12,0,12,0,0,94,300861.2,0,Karlovy Vary,west Bohemia,122603,25,21,6,2,8,80.0,8991,1.39,2.01,128,5198.0,5273,0,0,0.9516139704022178,-7459.200000000012,-79.35319148936182,4.776161513221513,5.019011554866915,0.0,0.425531914893617,0.04062049862502247,0.042685899837991495,0.1276595744680851,0.0,0.1276595744680851,0,0,0.0,0.2038747519634434
834,2136,F,59,50,3,MONTHLY,4,13070.0,1,1,0,1,247153.1,265235.2,107,26774.792523364486,7677.622201293356,0,12,0,35,48,12,12,12,0,12,0,12,107,512388.3,0,Plzen - sever,west Bohemia,72541,66,26,10,0,8,36.9,8594,1.62,2.01,112,1580.0,1525,0,0,0.9318261678691214,-18082.100000000006,-168.9915887850468,9.230812891802124,9.906153325690491,4.8552901015605305e-05,0.32710280373831774,0.0289464678945078,0.03106423589788417,0.11214953271028037,0.11214953271028037,0.11214953271028037,1,0,0.0,0.2867481492001715
835,2141,M,48,40,2,MONTHLY,5,7336.0,1,1,0,1,256408.2,269961.2,119,26216.4243697479,7737.861130511393,10,12,0,31,54,12,12,12,0,12,0,6,119,526369.4,0,Plzen - sever,west Bohemia,72541,66,26,10,0,8,36.9,8594,1.62,2.01,112,1580.0,1525,0,0,0.9497964892732733,-13553.0,-113.89075630252101,9.780441313571309,10.297407312017661,2.340018766950511e-05,0.2605042016806723,0.028662863887519364,0.030177900435755925,0.10084033613445378,0.05042016806722689,0.10084033613445378,1,0,0.0,0.29515318417870884
836,2142,F,58,50,3,MONTHLY,3,4829.0,1,1,0,0,253065.1,210643.2,89,49067.4797752809,14921.310052078807,0,12,0,29,36,12,12,12,0,12,0,0,89,463708.3,0,Tabor,south Bohemia,103347,87,16,7,1,7,67.0,9104,1.51,2.07,123,2299.0,2354,0,0,1.2013922120438731,42421.899999999994,476.65056179775274,5.157491298900754,4.292928859698992,0.0,0.3258426966292135,0.07083689410376792,0.0589623383551458,0.1348314606741573,0.0,0.1348314606741573,0,1,0.0,0.30409774702950665
837,2144,F,39,30,3,MONTHLY,0,0.0,0,0,0,0,151114.3,134575.2,61,41354.3393442623,9857.061305366806,0,13,0,36,0,0,12,12,0,0,0,0,61,285689.5,0,Cesky Krumlov,south Bohemia,58796,22,16,7,1,5,51.9,9045,3.13,3.6,124,1845.0,1879,0,0,1.1228985726939285,16539.099999999977,271.13278688524554,3.6541340617732856,3.254197797229993,0.0,0.5901639344262295,0.0732457488851349,0.06522917622863493,0.0,0.0,0.0,0,1,0.0,0.23835615467846719
838,2145,F,31,30,1,MONTHLY,0,0.0,0,0,0,0,78067.2,70575.2,56,30709.50178571429,5432.38730429035,0,16,0,28,0,0,12,12,0,0,0,0,56,148642.4,0,Most,north Bohemia,119895,17,4,3,2,4,89.9,10446,7.34,9.4,90,4947.0,4743,0,0,1.1061562701912286,7492.0,133.78571428571428,2.5421187404712624,2.2981551603299137,0.0,0.5,0.07697303449781721,0.06958604003077284,0.0,0.0,0.0,0,1,0.0,0.17689597643741112
839,2146,M,26,20,2,MONTHLY,1,8351.0,0,1,0,0,276332.10000000003,266487.2,75,57183.04133333333,9387.759807785558,0,12,0,39,12,0,12,12,0,12,0,0,75,542819.3,0,Znojmo,south Moravia,114200,101,41,4,1,4,43.7,8403,5.74,5.72,105,2157.0,2718,0,0,1.0369432377990389,9844.900000000023,131.26533333333364,4.83241348408168,4.660248804301677,0.0,0.52,0.0352278075937064,0.033972744417986755,0.0,0.0,0.16,0,1,0.0,0.16417034821673981
840,2147,F,36,30,3,MONTHLY,1,3052.0,0,1,0,0,75180.5,66599.2,73,27231.14794520548,5234.962708428926,0,20,0,29,12,0,12,12,0,12,0,0,73,141779.7,0,Jesenik,north Moravia,42821,4,13,5,1,3,48.4,8173,0.0,7.01,124,0.0,1358,0,0,1.128849896094848,8581.300000000003,117.55205479452059,2.760827422746856,2.445699319544329,0.0,0.3972602739726027,0.07860398786215039,0.0696319219535508,0.0,0.0,0.1643835616438356,0,1,0.0,0.1922417196279319
841,2148,F,46,40,1,WEEKLY,2,17627.0,0,1,0,1,632377.3,629618.0,94,55825.128723404254,21632.00578310143,0,1,12,48,21,0,12,12,0,12,0,9,94,1261995.3,0,Tachov,west Bohemia,51313,34,12,3,1,4,59.2,8930,3.52,4.2,108,1328.0,1452,0,0,1.0043824985943859,2759.3000000000466,29.35425531914943,11.327825200963321,11.278397639162765,1.4232009909274099e-05,0.6382978723404256,0.03435734966773731,0.03420743562917491,0.0,0.09574468085106383,0.1276595744680851,0,1,0.0,0.38749585138049814
842,2149,F,76,70,3,MONTHLY,1,2877.0,0,1,0,0,52521.9,50679.2,57,13917.040350877194,2131.9412800024397,0,0,12,21,12,0,12,12,0,12,12,0,57,103201.1,0,Decin,north Bohemia,133777,24,17,7,3,11,84.7,8705,5.75,7.61,116,4650.0,4859,0,0,1.036360084610649,1842.7000000000044,32.328070175438675,3.773927406676631,3.641521381146651,0.0,0.5789473684210527,0.04206738227916857,0.040591472890402665,0.0,0.0,0.21052631578947367,0,1,0.0,0.1531892720184621
843,2152,F,70,70,3,MONTHLY,1,2343.0,0,1,0,0,84041.6,92651.2,70,17479.847142857143,3124.5462814841844,0,0,12,34,12,0,12,12,0,12,12,0,70,176692.8,0,Pelhrimov,south Bohemia,74062,99,15,4,2,7,61.4,8114,2.38,2.62,119,1003.0,1181,0,0,0.9070751377208283,-8609.599999999991,-122.9942857142856,4.807913897252943,5.3004582501661295,0.0,0.6571428571428571,0.03372375405266402,0.03717856729862573,0.0,0.0,0.17142857142857143,0,0,0.0,0.17875135039501647
844,2155,M,41,40,1,MONTHLY,1,3432.0,0,1,0,0,205320.4,199759.2,73,38043.65753424657,6849.000315068653,0,12,0,37,12,0,12,12,0,12,0,0,73,405079.6,0,Cesky Krumlov,south Bohemia,58796,22,16,7,1,5,51.9,9045,3.13,3.6,124,1845.0,1879,0,0,1.0278395187806117,5561.1999999999825,76.18082191780798,5.396967939141296,5.250788513701095,0.0,0.5068493150684932,0.03428628225918332,0.03335762211192192,0.0,0.0,0.1643835616438356,0,1,0.0,0.1800300170640334
845,2156,F,33,30,3,MONTHLY,3,4314.0,1,1,0,0,313584.5,325943.2,100,75248.983,11485.250864478801,0,12,0,40,36,12,12,12,0,12,0,0,100,639527.7,0,Decin,north Bohemia,133777,24,17,7,3,11,84.7,8705,5.75,7.61,116,4650.0,4859,0,0,0.962083270950276,-12358.700000000012,-123.58700000000012,4.167292201145098,4.331529636752699,0.0,0.4,0.035236970320223895,0.03662569694764506,0.12,0.0,0.12,0,0,0.0,0.15262998125142505
846,2157,M,54,50,3,MONTHLY,1,5429.0,0,1,0,0,328405.3,311963.2,74,71829.7445945946,14891.93268248836,11,12,0,27,12,0,12,12,0,12,0,0,74,640368.5,0,Hl.m. Praha,Prague,1204953,0,0,0,1,1,100.0,12541,0.29,0.43,167,85677.0,99107,0,0,1.0527052549787923,16442.099999999977,222.1905405405402,4.5719959308433,4.343092151596989,0.0,0.36486486486486486,0.0477361838912037,0.04534620081493313,0.0,0.0,0.16216216216216217,0,1,0.0,0.2073226456050774
847,2159,F,69,60,3,MONTHLY,1,3231.0,0,1,0,0,80436.5,71497.2,64,39393.2140625,5499.232231054537,0,0,12,28,12,0,12,12,0,12,12,0,64,151933.7,0,Mlada Boleslav,central Bohemia,112065,95,19,7,1,8,69.4,11277,1.25,1.44,127,5179.0,4987,0,0,1.1250300711076797,8939.300000000003,139.67656250000005,2.0418872111420523,1.8149623406347308,0.0,0.625,0.07691535096555581,0.0683673734070296,0.0,0.0,0.1875,0,1,0.0,0.13959846541918697
848,2161,F,79,70,3,MONTHLY,1,1785.0,0,1,0,0,81334.2,94725.2,70,21916.128571428573,4664.889948129252,0,0,12,34,12,0,12,12,0,12,12,0,70,176059.4,0,Kromeriz,south Moravia,108871,41,29,7,2,6,62.1,8444,3.24,3.47,106,2595.0,2305,0,0,0.8586331831445064,-13391.0,-191.3,3.7111572755615723,4.322168474750168,0.0,0.6571428571428571,0.049246556862685455,0.05735459312477718,0.0,0.0,0.17142857142857143,0,0,0.0,0.21285191556189056
849,2164,M,58,50,3,MONTHLY,1,8818.0,0,1,0,0,238636.9,215271.2,74,54134.7027027027,9591.971415991507,0,13,0,37,12,0,12,12,0,12,0,0,74,453908.1,0,Hl.m. Praha,Prague,1204953,0,0,0,1,1,100.0,12541,0.29,0.43,167,85677.0,99107,0,1,1.1085407616067546,23365.699999999983,315.7527027027025,4.408205607234007,3.9765841364683894,0.0,0.5,0.044557615770207566,0.04019483749575823,0.0,0.0,0.16216216216216217,0,1,0.0,0.17718710803066115
850,2166,F,52,50,3,WEEKLY,1,8033.2,0,0,0,1,471989.2,433355.0,91,45178.643956043954,25407.648835792254,0,25,0,54,0,0,12,12,0,12,0,0,91,905344.2,0,Sokolov,west Bohemia,94812,15,13,8,2,10,81.8,9650,3.38,3.67,100,2985.0,2804,0,0,1.089151388584417,38634.20000000001,424.55164835164845,10.4471750072715,9.59203203225019,0.0,0.5934065934065934,0.058630104269691716,0.05383099620879515,0.0,0.0,0.13186813186813187,0,1,0.0,0.5623818382090515
851,2167,M,18,10,2,MONTHLY,0,0.0,0,0,0,0,71969.0,66825.2,57,22743.87543859649,12149.495344344272,0,14,0,31,0,0,12,12,0,0,0,0,57,138794.2,0,Hl.m. Praha,Prague,1204953,0,0,0,1,1,100.0,12541,0.29,0.43,167,85677.0,99107,0,0,1.0769739559327918,5143.800000000003,90.24210526315795,3.16432439995992,2.9381624156539847,0.0,0.543859649122807,0.18181008578117644,0.16881567542058765,0.0,0.0,0.0,0,1,0.0,0.5341875608290796
852,2168,F,36,30,3,MONTHLY,0,0.0,0,0,0,0,22600.0,4100.0,12,37783.333333333336,3937.42724800514,0,9,0,3,0,0,0,0,0,0,0,0,12,26700.0,25,Nachod,east Bohemia,112709,48,20,7,3,10,73.5,8369,1.79,2.31,117,2854.0,2618,0,0,5.512195121951219,18500.0,1541.6666666666667,0.5981473312748125,0.10851345390383767,0.0,0.25,0.9603481092695463,0.17422244460199734,0.0,0.0,0.0,0,1,0.0,0.10421069028685857
853,2172,F,70,70,3,MONTHLY,1,1712.0,0,1,0,0,74763.3,81609.2,69,18762.20434782609,3741.8566465150784,0,0,12,33,12,0,12,12,0,12,12,0,69,156372.5,0,Melnik,central Bohemia,94725,38,28,1,3,6,63.4,9920,2.26,2.87,130,4289.0,4846,0,0,0.9161136244443029,-6845.899999999994,-99.21594202898542,3.984782310968837,4.349659479615239,0.0,0.6521739130434783,0.0458509168882317,0.05004937778983911,0.0,0.0,0.17391304347826086,0,0,0.0,0.19943587529194745
854,2173,F,48,40,1,MONTHLY,2,6527.0,0,1,1,0,163110.9,183159.2,75,28159.106666666667,6092.022749916115,0,12,0,39,12,0,12,12,0,12,0,0,75,346270.1,0,Breclav,south Moravia,124605,11,42,14,1,8,46.0,8772,4.69,4.98,126,2854.0,3158,0,0,0.8905416708524605,-20048.300000000017,-267.3106666666669,5.7924742404233465,6.504439298026973,0.0,0.52,0.03326080671850562,0.03734896165686116,0.0,0.0,0.16,0,0,0.0,0.21634289830392753
855,2176,M,53,50,1,MONTHLY,2,3037.0,0,1,0,0,262823.3,243076.0,76,52556.04605263158,8520.439948303778,0,12,0,32,20,0,10,12,0,10,0,0,76,505899.3,0,Pisek,south Bohemia,70699,60,13,2,1,4,65.3,8968,2.83,3.35,131,1740.0,1910,0,0,1.0812392009083578,19747.29999999999,259.832894736842,5.000819501086497,4.625081570188416,0.0,0.42105263157894735,0.03505257593634821,0.03241889112686652,0.0,0.0,0.13157894736842105,0,1,0.0,0.16212102295083408
856,2177,F,57,50,2,MONTHLY,2,7850.0,0,1,0,0,199270.3,193615.2,80,51625.96000000001,7703.323642882165,0,12,0,32,24,0,12,12,0,12,0,0,80,392885.5,0,Karlovy Vary,west Bohemia,122603,25,21,6,2,8,80.0,8991,1.39,2.01,128,5198.0,5273,0,0,1.0292079340878195,5655.099999999977,70.68874999999971,3.859885607938331,3.750345756282304,0.0,0.4,0.03978677109484258,0.038657660689436234,0.0,0.0,0.15,0,1,0.0,0.1492141481317183
857,2181,M,31,30,3,MONTHLY,4,13152.0,1,1,0,1,253485.2,227139.2,93,28577.816129032257,12631.368622860502,0,14,0,25,42,12,12,12,0,12,0,6,93,480624.4,0,Nachod,east Bohemia,112709,48,20,7,3,10,73.5,8369,1.79,2.31,117,2854.0,2618,0,0,1.115990546766036,26346.0,283.2903225806452,8.869998982969308,7.948095087967512,2.367002097163858e-05,0.26881720430107525,0.05561069433572233,0.0498307933672676,0.12903225806451613,0.06451612903225806,0.12903225806451613,0,1,0.0,0.4419990864882174
858,2182,F,70,70,1,MONTHLY,2,2508.0,0,1,0,0,59553.0,58631.2,75,31745.766666666666,2780.5882275466765,0,0,12,27,24,0,12,12,0,12,12,0,75,118184.2,0,Prerov,north Moravia,138032,67,30,4,2,5,64.6,8819,5.38,5.66,99,4063.0,4505,0,0,1.0157220046664575,921.8000000000029,12.290666666666706,1.87593516405862,1.8468982216001504,0.0,0.52,0.04742506084723964,0.04669098496375794,0.0,0.0,0.16,0,1,0.0,0.0875892605380458
859,2184,M,29,20,1,MONTHLY,2,2303.0,0,1,0,0,69539.0,44901.2,86,41499.0523255814,8360.20493168083,0,11,12,27,24,0,12,12,0,12,0,0,86,114440.2,0,Karlovy Vary,west Bohemia,122603,25,21,6,2,8,80.0,8991,1.39,2.01,128,5198.0,5273,0,1,1.5487113930139953,24637.800000000003,286.48604651162793,1.6756768191820575,1.081981334121247,0.0,0.45348837209302323,0.1861911247735212,0.12022325503215217,0.0,0.0,0.13953488372093023,0,1,0.0,0.20145532158399004
860,2185,F,42,40,3,WEEKLY,0,0.0,0,0,0,0,602020.1,543459.0,79,66600.49620253165,24287.617243595458,0,22,0,45,0,0,12,12,0,0,0,0,79,1145479.1,0,Strakonice,south Bohemia,70646,94,14,3,1,4,58.4,8547,2.65,3.64,120,1563.0,1542,0,0,1.1077562428812477,58561.09999999998,741.2797468354428,9.039273493837959,8.159984249176537,0.0,0.569620253164557,0.04469079957015241,0.04034353212391988,0.0,0.0,0.0,0,1,0.0,0.3646762205755492
861,2186,F,57,50,3,MONTHLY,2,5803.0,0,1,1,0,381287.7,374750.2,85,65591.08117647059,21246.196587369825,0,19,0,42,12,0,12,12,0,12,0,0,85,756037.9,0,Hl.m. Praha,Prague,1204953,0,0,0,1,1,100.0,12541,0.29,0.43,167,85677.0,99107,0,0,1.0174449539986903,6537.5,76.91176470588235,5.813102835950491,5.713432272777259,0.0,0.49411764705882355,0.05669429018949109,0.055722218648463676,0.0,0.0,0.1411764705882353,0,1,0.0,0.3239189872508375
862,2187,M,66,60,3,MONTHLY,1,2552.0,0,1,0,0,61445.700000000004,54459.2,60,22792.391666666666,4718.947584492077,0,0,12,24,12,0,12,12,0,12,12,0,60,115904.9,0,Teplice,north Bohemia,128118,9,16,6,3,8,85.3,9317,6.49,7.07,97,6949.0,6872,0,0,1.1282887005317743,6986.500000000007,116.44166666666679,2.6958864562626346,2.3893587297223084,0.0,0.6,0.08665106326372912,0.07679866263208128,0.0,0.0,0.2,0,1,0.0,0.20704047444891122
863,2192,F,43,40,3,WEEKLY,3,13312.0,1,1,0,0,298962.3,300681.0,97,35486.845360824744,11386.622921876544,0,8,12,29,36,12,12,12,0,12,0,0,97,599643.3,0,Hl.m. Praha,Prague,1204953,0,0,0,1,1,100.0,12541,0.29,0.43,167,85677.0,99107,0,0,0.9942839753758966,-1718.7000000000116,-17.718556701031048,8.424595000209166,8.47302703136112,0.0,0.422680412371134,0.03786944609694841,0.03808715320251598,0.12371134020618557,0.0,0.12371134020618557,0,0,0.0,0.3208688404421167
864,2194,F,38,30,1,MONTHLY,1,5925.0,0,1,0,0,232014.4,253575.2,73,37689.4095890411,8494.658085463745,0,12,0,37,12,0,12,12,0,12,0,0,73,485589.60000000003,0,Svitavy,east Bohemia,102609,75,33,2,3,6,52.0,8187,4.83,5.45,94,2123.0,2134,0,0,0.9149727575882814,-21560.800000000017,-295.3534246575345,6.155957403680384,6.728022613379748,0.0,0.5068493150684932,0.03349956180834618,0.036612633032534814,0.0,0.0,0.1643835616438356,0,0,0.0,0.22538580938486566
865,2195,F,57,50,3,MONTHLY,3,14941.8,0,1,0,1,324418.9,344260.8,97,30807.452577319586,9665.770168853729,0,3,12,34,36,0,12,12,0,12,0,12,97,668679.7,0,Teplice,north Bohemia,128118,9,16,6,3,8,85.3,9317,6.49,7.07,97,6949.0,6872,0,0,0.9423637544559242,-19841.899999999965,-204.5556701030924,10.530533129468708,11.174594820392402,3.698921363705998e-05,0.4742268041237113,0.02807688290056181,0.029794103145204327,0.0,0.12371134020618557,0.12371134020618557,0,0,0.0,0.313747790233382
866,2197,F,37,30,2,MONTHLY,2,5162.0,0,1,0,0,520403.7,503749.2,89,68774.00449438202,24758.098524453973,0,20,0,33,24,0,12,12,0,12,0,0,89,1024152.9,0,Pardubice,east Bohemia,162580,83,26,5,1,6,72.8,9538,1.51,1.81,111,6079.0,5410,0,0,1.0330610946875944,16654.5,187.12921348314606,7.566866344717654,7.324703624625348,0.0,0.3707865168539326,0.04914766817387298,0.0475747934237477,0.0,0.0,0.1348314606741573,0,1,0.0,0.35999210321505126
867,2200,M,46,40,3,MONTHLY,2,9896.0,0,1,0,0,234441.0,242827.2,84,34120.19285714286,9111.071101142215,0,12,0,36,24,0,12,12,0,12,0,0,84,477268.2,0,Zdar nad Sazavou,south Moravia,125832,151,41,2,3,5,48.3,8512,3.51,4.12,102,2247.0,2103,0,0,0.9654643301903575,-8386.200000000012,-99.83571428571443,6.871033847363532,7.1168179211849205,0.0,0.42857142857142855,0.037520801216429686,0.03886295955546264,0.0,0.0,0.14285714285714285,0,0,0.0,0.26702871051430377
868,2201,M,70,70,3,MONTHLY,1,2824.0,0,1,0,0,51689.1,52403.2,58,16610.870689655174,2122.514401910812,0,0,12,22,12,0,12,12,0,12,12,0,58,104092.3,0,Chrudim,east Bohemia,105606,77,26,7,2,7,53.0,8254,2.79,3.76,97,2166.0,2325,0,0,0.9863729695896434,-714.0999999999985,-12.312068965517216,3.1117634328578965,3.1547533527327603,0.0,0.5862068965517241,0.040503526538661995,0.04106309457720897,0.0,0.0,0.20689655172413793,0,0,0.0,0.12777863614534427
869,2206,F,35,30,2,MONTHLY,1,7794.0,0,1,0,0,222781.6,207583.2,67,31787.855223880593,9254.83477940181,0,13,0,30,12,0,12,12,0,12,0,0,67,430364.8,0,Praha - vychod,central Bohemia,92084,55,29,4,3,5,46.7,10124,0.56,0.54,141,3810.0,4316,0,0,1.0732159442575313,15198.399999999994,226.84179104477604,7.008387273408605,6.530267567220243,0.0,0.44776119402985076,0.04458373692765989,0.04154218651541155,0.0,0.0,0.1791044776119403,0,1,0.0,0.29114373128417687
870,2207,F,38,30,1,MONTHLY,1,9385.0,0,1,0,0,266724.8,280755.2,67,35092.22537313433,10097.176567139091,0,12,0,31,12,0,12,12,0,12,0,0,67,547480.0,0,Karvina,north Moravia,285387,0,2,8,5,7,89.9,10177,6.63,7.75,81,9878.0,10108,0,0,0.9500262150086622,-14030.400000000023,-209.40895522388095,7.600680696761892,8.000495751259443,0.0,0.4626865671641791,0.03596434390935267,0.03785615948400408,0.0,0.0,0.1791044776119403,0,0,0.0,0.28773258064360946
871,2209,F,72,70,3,MONTHLY,1,1996.0,0,1,0,0,63697.4,58427.2,64,24496.434375,3465.7974515697747,0,0,12,28,12,0,12,12,0,12,12,0,64,122124.6,0,Sokolov,west Bohemia,94812,15,13,8,2,10,81.8,9650,3.38,3.67,100,2985.0,2804,0,0,1.0902011391954434,5270.200000000004,82.34687500000007,2.6002723100389993,2.3851307951833296,0.0,0.625,0.059318219109760095,0.05441034408892317,0.0,0.0,0.1875,0,1,0.0,0.14148171111412106
872,2212,M,27,20,2,MONTHLY,2,9834.0,0,1,0,0,315605.2,318763.2,84,51348.936904761904,11426.75190776599,0,12,0,36,24,0,12,12,0,12,0,0,84,634368.4,0,Usti nad Orlici,east Bohemia,139012,59,41,8,3,10,61.9,8363,2.52,3.49,108,2564.0,2799,0,0,0.9900929592876467,-3158.0,-37.595238095238095,6.14628498707501,6.207785773466308,0.0,0.42857142857142855,0.03584714894243122,0.03620584169007986,0.0,0.0,0.14285714285714285,0,0,0.0,0.22253142122415231
873,2213,M,31,30,1,MONTHLY,2,4113.0,0,1,0,0,117562.7,95648.4,69,33509.1231884058,5002.473289464656,0,14,0,25,18,0,9,12,0,9,0,0,69,213211.1,0,Beroun,central Bohemia,75232,55,26,4,1,5,41.7,8980,1.95,2.21,111,2824.0,2813,0,0,1.229113085007172,21914.300000000003,317.59855072463773,3.508378877567195,2.8543987696190887,0.0,0.36231884057971014,0.05230064788814717,0.042551534538290255,0.0,0.0,0.13043478260869565,0,1,0.0,0.14928690498220848
874,2214,M,53,50,2,MONTHLY,1,9921.0,0,1,0,0,253299.5,256647.2,68,37903.73382352941,10489.639528482166,0,12,0,32,12,0,12,12,0,12,0,0,68,509946.7,0,Kolin,central Bohemia,95616,65,30,4,1,6,51.4,9307,3.85,4.43,118,2616.0,3040,0,1,0.9869560236776399,-3347.7000000000116,-49.23088235294135,6.682705750818667,6.771026864922784,0.0,0.47058823529411764,0.040871825324734365,0.0414120025048694,0.0,0.0,0.17647058823529413,0,0,0.0,0.27674422729220777
875,2215,M,74,70,3,MONTHLY,1,2567.0,0,1,0,0,58161.5,56829.2,61,21788.868852459018,4296.002324275479,0,0,12,25,12,0,12,12,0,12,12,0,61,114990.7,0,Praha - vychod,central Bohemia,92084,55,29,4,3,5,46.7,10124,0.56,0.54,141,3810.0,4316,0,0,1.0234439337523669,1332.300000000003,21.840983606557426,2.6693216795160106,2.6081757793308507,0.0,0.6065573770491803,0.07559498152843043,0.07386333440979821,0.0,0.0,0.19672131147540983,0,1,0.0,0.1971649998614153
876,2216,F,27,20,2,MONTHLY,5,9694.5,1,1,1,0,279793.3,307715.2,106,47654.93773584906,18516.01696057949,0,12,0,34,48,12,12,12,0,12,0,0,106,587508.5,0,Hl.m. Praha,Prague,1204953,0,0,0,1,1,100.0,12541,0.29,0.43,167,85677.0,99107,0,0,0.9092605760131446,-27921.900000000023,-263.41415094339646,5.8712341950983555,6.457152492899328,0.0,0.32075471698113206,0.06017257828205916,0.06617748516701255,0.11320754716981132,0.0,0.11320754716981132,1,0,0.0,0.38854351385817826
877,2218,M,31,30,3,MONTHLY,1,3684.0,0,1,0,0,97856.3,68483.2,55,27233.20909090909,9898.42349567499,0,12,0,19,12,0,12,12,0,12,0,0,55,166339.5,0,Hradec Kralove,east Bohemia,161854,73,21,6,1,6,76.3,9425,1.72,2.5,125,4085.0,3891,0,0,1.4289095719826177,29373.100000000006,534.0563636363637,3.5932709829876828,2.5146944589376674,0.0,0.34545454545454546,0.14453798151480932,0.10115264419025642,0.0,0.0,0.21818181818181817,0,1,0.0,0.363468861221326
878,2220,F,47,40,3,MONTHLY,1,7692.0,0,1,0,0,151140.7,142039.2,53,25268.771698113207,8792.577755290962,0,12,0,17,12,0,12,12,0,12,0,0,53,293179.9,0,Praha - vychod,central Bohemia,92084,55,29,4,3,5,46.7,10124,0.56,0.54,141,3810.0,4316,0,0,1.0640773814552602,9101.5,171.72641509433961,5.9813235801756655,5.6211359102431535,0.0,0.32075471698113206,0.061902473086943334,0.058174785185532166,0.0,0.0,0.22641509433962265,0,1,0.0,0.3479622144018775
879,2222,F,65,60,3,MONTHLY,1,2047.0,0,1,0,0,79131.7,84759.2,69,27299.508695652174,5051.710985973528,0,0,12,33,12,0,12,12,0,12,12,0,69,163890.9,0,Hl.m. Praha,Prague,1204953,0,0,0,1,1,100.0,12541,0.29,0.43,167,85677.0,99107,0,0,0.933606027428291,-5627.5,-81.55797101449275,2.898649235127181,3.1047884760467896,0.0,0.6521739130434783,0.05960073934125769,0.06383928294189975,0.0,0.0,0.17391304347826086,0,0,0.0,0.1850476886706054
880,2225,F,39,30,3,MONTHLY,1,8084.0,0,1,0,0,239147.4,232423.2,74,44167.54054054054,7392.356632395773,0,12,0,38,12,0,12,12,0,12,0,0,74,471570.6,0,Uherske Hradiste,south Moravia,145688,22,41,13,2,5,40.7,8544,1.29,1.86,109,2719.0,2906,0,0,1.0289308468345673,6724.1999999999825,90.86756756756733,5.414550981857166,5.262307956374959,0.0,0.5135135135135135,0.0318055883939115,0.030911298355724433,0.0,0.0,0.16216216216216217,0,1,0.0,0.16737080086246756
881,2226,F,35,30,2,MONTHLY,2,7369.0,0,1,0,0,213056.8,202603.2,80,47985.371250000004,11006.447107510607,0,13,0,31,24,0,12,12,0,12,0,0,80,415660.0,0,Ostrava - mesto,north Moravia,323870,0,0,0,1,1,100.0,10673,4.75,5.44,100,18782.0,18347,0,1,1.0515964209844662,10453.599999999977,130.6699999999997,4.440036503833446,4.2221867773920785,0.0,0.3875,0.05432513952154066,0.051659684682725956,0.0,0.0,0.15,0,1,0.0,0.2293708857678288
882,2228,F,59,50,3,MONTHLY,1,6387.0,0,1,0,0,294973.2,284399.2,74,65401.32432432433,9142.331508972326,0,12,0,38,12,0,12,12,0,12,0,0,74,579372.4,0,Cheb,west Bohemia,87419,21,11,4,3,9,85.5,8624,1.79,2.66,102,2879.0,3198,0,0,1.03718013271486,10574.0,142.8918918918919,4.510202248156807,4.348523564900124,0.0,0.5135135135135135,0.032146122453833643,0.030993769972907117,0.0,0.0,0.16216216216216217,0,1,0.0,0.1397881710106606
883,2229,M,55,50,2,MONTHLY,2,11012.1,0,1,1,0,204244.2,226005.2,61,39594.14098360656,21903.583824383448,0,13,0,24,12,0,12,12,0,12,0,0,61,430249.4,0,Frydek - Mistek,north Moravia,228848,15,40,18,2,6,57.2,9893,4.09,4.72,96,5623.0,5887,0,0,0.9037146047967038,-21761.0,-356.73770491803276,5.158445035707801,5.708046553998344,0.0,0.39344262295081966,0.09691628256510668,0.10724213380053606,0.0,0.0,0.19672131147540983,0,0,0.0,0.5532026527220869
884,2235,F,59,50,3,MONTHLY,2,9932.7,0,1,0,1,232060.1,244633.1,80,30843.317499999997,10815.397939901426,0,1,12,36,19,0,12,12,0,12,0,7,80,476693.2,0,Pribram,central Bohemia,107870,84,29,6,1,6,58.0,8754,3.83,4.31,137,3804.0,3868,0,0,0.9486046655174627,-12573.0,-157.1625,7.523837213684942,7.931478188103469,3.016459960156873e-05,0.6,0.04421068915000229,0.04660602119839397,0.0,0.0875,0.15,0,0,0.0,0.3506561166742659
885,2236,F,21,20,3,MONTHLY,1,2161.0,0,1,0,0,40526.8,39247.2,54,33198.92777777778,2099.9846874928407,0,0,12,18,12,0,12,12,0,0,0,0,54,79774.0,0,Chrudim,east Bohemia,105606,77,26,7,2,7,53.0,8254,2.79,3.76,97,2166.0,2325,0,0,1.0326035997472434,1279.6000000000058,23.696296296296403,1.2207261713773554,1.1821827579103539,0.0,0.5555555555555556,0.05350661161797124,0.05181718486267953,0.0,0.0,0.0,0,1,0.0,0.06325459368897143
886,2239,F,23,20,1,MONTHLY,1,2062.0,0,1,0,0,37901.0,30349.2,56,16264.194642857143,2292.2598380732293,0,0,12,20,12,0,12,12,0,0,0,0,56,68250.2,0,Kutna Hora,central Bohemia,77963,60,23,4,2,4,51.5,8546,2.95,4.02,126,2640.0,3120,0,0,1.2488302821820674,7551.799999999999,134.85357142857143,2.330333645917429,1.866013083735976,0.0,0.5714285714285714,0.07552949791339572,0.060480194139289976,0.0,0.0,0.0,0,1,0.0,0.14093903131440552
887,2242,F,23,20,2,MONTHLY,1,3473.0,0,1,0,0,72436.8,77991.2,66,16972.525757575757,3147.9652527801127,0,15,0,27,12,0,12,12,0,12,0,0,66,150428.0,0,Hl.m. Praha,Prague,1204953,0,0,0,1,1,100.0,12541,0.29,0.43,167,85677.0,99107,0,0,0.9287817087055976,-5554.399999999994,-84.15757575757567,4.267885701553143,4.5951440059054445,0.0,0.4090909090909091,0.04036308266548166,0.04345809385257373,0.0,0.0,0.18181818181818182,0,0,0.0,0.18547417737015395
888,2246,F,46,40,3,MONTHLY,1,3649.0,0,1,0,0,91220.6,87063.2,73,25928.764383561644,4255.305064086015,0,16,0,33,12,0,12,12,0,12,0,0,73,178283.8,0,Brno - venkov,south Moravia,157042,49,70,18,0,9,33.9,8743,1.88,2.43,111,3659.0,3894,0,0,1.0477515184371813,4157.400000000009,56.95068493150697,3.518123681120423,3.3577843784641144,0.0,0.4520547945205479,0.04887604710240394,0.04664850992085137,0.0,0.0,0.1643835616438356,0,1,0.0,0.1641152274415282
889,2247,F,21,20,3,MONTHLY,1,2199.0,0,1,0,0,40246.5,38753.2,56,12847.060714285715,1834.5122623221648,0,0,12,20,12,0,12,12,0,12,0,0,56,78999.7,0,Jablonec n. Nisou,north Bohemia,88768,10,18,5,1,7,80.5,8867,1.02,1.21,130,3384.0,3620,0,0,1.0385335920646555,1493.300000000003,26.66607142857148,3.132739923556722,3.0165032190520504,0.0,0.5714285714285714,0.047338342700013546,0.045581908049697854,0.0,0.0,0.21428571428571427,0,1,0.0,0.14279626313918
890,2251,F,28,20,2,MONTHLY,2,2174.0,0,1,0,0,40325.8,37933.2,69,23805.246376811596,1937.8999813002338,0,0,12,21,24,0,12,12,0,0,0,0,69,78259.0,0,Plzen - mesto,west Bohemia,170449,0,0,0,1,1,100.0,10787,2.64,3.09,131,6041.0,6261,0,0,1.0630740354096149,2392.600000000006,34.67536231884066,1.6939879286139579,1.5934806722668609,0.0,0.4782608695652174,0.051087173802901786,0.048056082738599945,0.0,0.0,0.0,0,1,0.0,0.0814064240556619
891,2254,F,72,70,1,MONTHLY,1,3764.0,0,1,0,0,80981.1,75233.2,65,25053.746153846154,5957.001487957179,0,0,12,29,12,0,12,12,0,12,12,0,65,156214.3,0,Olomouc,north Moravia,226122,32,50,7,4,4,62.6,8994,3.8,4.79,110,9672.0,9208,0,0,1.0764011101481794,5747.900000000009,88.4292307692309,3.232295062890948,3.0028722865642385,0.0,0.6307692307692307,0.07918048797548395,0.07356039233793044,0.0,0.0,0.18461538461538463,0,1,0.0,0.2377688929782137
892,2257,F,20,20,3,MONTHLY,2,3093.0,0,1,0,0,202790.7,210891.2,80,54742.005000000005,12884.387462566629,0,13,0,31,24,0,12,12,0,12,0,0,80,413681.9,0,Brno - mesto,south Moravia,387570,0,0,0,1,1,100.0,9897,1.6,1.96,140,18721.0,18696,0,0,0.9615891986009848,-8100.5,-101.25625,3.704480681699547,3.852456628141406,0.0,0.3875,0.0610949506786752,0.06353539616247997,0.0,0.0,0.15,0,0,0.0,0.23536564768803458
893,2259,F,49,40,1,WEEKLY,1,6601.7,0,0,0,1,517875.1,512883.4,79,60037.010126582274,18627.688894462204,0,0,12,53,2,0,12,12,0,0,0,2,79,1030758.5,0,Prachatice,south Bohemia,51428,50,11,3,1,4,52.7,8402,3.13,3.98,120,999.0,1099,0,1,1.0097326214886269,4991.699999999953,63.1860759493665,8.625930886766513,8.542787172756181,3.861935049590143e-06,0.8227848101265823,0.03631953947907498,0.03596946231719232,0.0,0.02531645569620253,0.0,0,1,0.0,0.31027009598225347
894,2263,M,65,60,2,MONTHLY,1,1915.0,0,1,0,0,76402.1,78745.2,70,26215.768571428573,4313.3902023627,0,0,12,34,12,0,12,12,0,12,12,0,70,155147.3,0,Hl.m. Praha,Prague,1204953,0,0,0,1,1,100.0,12541,0.29,0.43,167,85677.0,99107,0,0,0.9702445355399442,-2343.0999999999913,-33.472857142857016,2.914356670178548,3.00373417569077,0.0,0.6571428571428571,0.054776547679892866,0.05645643512891268,0.0,0.0,0.17142857142857143,0,0,0.0,0.16453418829244917
895,2265,M,22,20,1,MONTHLY,0,0.0,0,0,0,0,326669.7,273831.39999999997,50,55591.344000000005,14582.05790304717,0,12,0,26,0,0,9,12,0,0,0,0,50,600501.1,0,Usti nad Orlici,east Bohemia,139012,59,41,8,3,10,61.9,8363,2.52,3.49,108,2564.0,2799,0,0,1.192959244264902,52838.30000000005,1056.766000000001,5.876269154420875,4.92579204417148,0.0,0.52,0.05325195687217453,0.044638538263717664,0.0,0.0,0.0,0,1,0.0,0.26230806549752006
896,2268,M,61,60,2,MONTHLY,0,0.0,0,0,0,0,280804.1,287195.2,54,47677.164814814816,10763.85185927237,0,12,0,30,0,0,12,12,0,0,0,0,54,567999.3,0,Praha - vychod,central Bohemia,92084,55,29,4,3,5,46.7,10124,0.56,0.54,141,3810.0,4316,0,1,0.9777464943703793,-6391.100000000035,-118.35370370370435,5.889697952692547,6.023747450493518,0.0,0.5555555555555556,0.03747921921840048,0.03833224607216337,0.0,0.0,0.0,0,0,0.0,0.22576535121332755
897,2269,F,36,30,2,MONTHLY,0,0.0,0,0,0,0,301185.8,288499.2,63,38130.996825396825,11079.463763327763,0,0,12,39,0,0,12,12,0,0,0,0,63,589685.0,0,Rychnov nad Kneznou,east Bohemia,78955,50,24,8,1,9,59.0,9060,1.78,2.44,124,1655.0,1717,0,0,1.0439744720262656,12686.599999999977,201.3746031746028,7.8987129914054,7.566002046079414,0.0,0.8095238095238095,0.03840379371356233,0.03678614251843136,0.0,0.0,0.0,0,1,0.0,0.29056318181402435
898,2274,M,35,30,3,MONTHLY,1,2100.0,0,1,0,0,39415.0,35165.2,64,31682.36875,2235.2171851348653,0,0,12,28,12,0,12,12,0,0,0,0,64,74580.2,0,Nymburk,central Bohemia,81344,61,23,4,2,6,55.3,8899,3.39,3.97,149,2987.0,2487,0,0,1.1208524336560008,4249.800000000003,66.40312500000005,1.24406733319143,1.1099296355484782,0.0,0.625,0.06356332923273195,0.056709810608521254,0.0,0.0,0.0,0,1,0.0,0.07055082284953411
899,2276,F,67,60,3,MONTHLY,1,3094.0,0,1,0,0,56588.7,66833.2,65,17465.610769230767,2569.0746839890535,0,0,12,29,12,0,12,12,0,12,12,0,65,123421.90000000001,0,Chrudim,east Bohemia,105606,77,26,7,2,7,53.0,8254,2.79,3.76,97,2166.0,2325,0,0,0.8467154049185135,-10244.5,-157.6076923076923,3.2400069340656854,3.8265595680020708,0.0,0.6307692307692307,0.03844009689778514,0.04539907585770752,0.0,0.0,0.18461538461538463,0,0,0.0,0.14709332057914642
900,2278,M,78,70,3,MONTHLY,2,1827.0,0,1,0,0,79580.8,84029.2,81,34610.596296296295,3599.8224761939437,0,0,12,33,24,0,12,12,0,12,12,0,81,163610.0,0,Sumperk,north Moravia,127369,31,32,13,2,7,51.2,8369,4.73,5.88,107,3736.0,2807,0,0,0.9470612596573573,-4448.399999999994,-54.91851851851845,2.2993189518816814,2.427846064269977,0.0,0.5555555555555556,0.042840137430725796,0.045234811363971505,0.0,0.0,0.14814814814814814,0,0,0.0,0.10400925905397253
901,2279,M,46,40,2,WEEKLY,0,0.0,0,0,0,0,406415.0,383417.0,78,31513.81923076923,21243.37826317233,0,19,0,47,0,0,12,12,0,0,0,0,78,789832.0,0,Usti nad Orlici,east Bohemia,139012,59,41,8,3,10,61.9,8363,2.52,3.49,108,2564.0,2799,0,0,1.0599816909526703,22998.0,294.84615384615387,12.896405764845777,12.166630683266792,0.0,0.6025641025641025,0.055405415678418876,0.05227016292009973,0.0,0.0,0.0,0,1,0.0,0.674097230412202
902,2280,F,25,20,2,MONTHLY,2,2026.0,0,1,0,0,37167.8,37327.2,73,13287.295890410958,1406.3634578860901,0,0,12,25,24,0,12,12,0,0,0,0,73,74495.0,0,Praha - vychod,central Bohemia,92084,55,29,4,3,5,46.7,10124,0.56,0.54,141,3810.0,4316,0,0,0.995729655586275,-159.39999999999418,-2.1835616438355365,2.7972433448120086,2.809239766154219,0.0,0.5068493150684932,0.03767663949843787,0.03783822173725886,0.0,0.0,0.0,0,0,0.0,0.10584271393406844
903,2281,F,21,20,2,MONTHLY,0,0.0,0,0,0,0,75179.9,84925.2,79,32260.06455696203,11664.230801944692,0,30,0,37,0,0,12,12,0,0,0,0,79,160105.1,0,Sumperk,north Moravia,127369,31,32,13,2,7,51.2,8369,4.73,5.88,107,3736.0,2807,0,0,0.8852484303834433,-9745.300000000003,-123.35822784810131,2.3304324102406504,2.632517980552904,0.0,0.46835443037974683,0.1373471101857245,0.1551509220143242,0.0,0.0,0.0,0,0,0.0,0.3615687371409007
904,2283,M,38,30,3,MONTHLY,3,3903.0,1,1,0,0,81343.8,74811.2,84,16823.98214285714,3280.3268848706216,0,14,0,22,36,12,12,12,0,12,0,0,84,156155.0,0,Hl.m. Praha,Prague,1204953,0,0,0,1,1,100.0,12541,0.29,0.43,167,85677.0,99107,0,0,1.0873211497743653,6532.600000000006,77.76904761904768,4.834990866566965,4.44669991710388,0.0,0.2619047619047619,0.04384807201155204,0.04032669834542548,0.14285714285714285,0.0,0.14285714285714285,0,1,0.0,0.19497921817893338
905,2290,F,45,40,3,MONTHLY,1,5608.0,0,1,0,0,121904.9,131371.2,72,30059.49861111111,5947.473741092427,0,16,0,32,12,0,12,12,0,12,0,0,72,253276.1,0,Frydek - Mistek,north Moravia,228848,15,40,18,2,6,57.2,9893,4.09,4.72,96,5623.0,5887,0,0,0.9279423496169631,-9466.300000000017,-131.47638888888912,4.055453538234979,4.370372297275788,0.0,0.4444444444444444,0.04527227992963775,0.048787815264951837,0.0,0.0,0.16666666666666666,0,0,0.0,0.19785671803900345
906,2292,M,78,70,1,MONTHLY,1,3298.0,0,1,0,0,71282.3,67471.2,62,25127.63870967742,4263.430501189976,0,0,12,26,12,0,12,12,0,12,12,0,62,138753.5,0,Kromeriz,south Moravia,108871,41,29,7,2,6,62.1,8444,3.24,3.47,106,2595.0,2305,0,0,1.0564848409395418,3811.100000000006,61.46935483870977,2.83680853675069,2.685138893453398,0.0,0.6129032258064516,0.06318889394571278,0.05981050697283864,0.0,0.0,0.1935483870967742,0,1,0.0,0.16967095676793534
907,2294,F,47,40,3,MONTHLY,3,2504.0,1,1,0,0,69192.0,49973.2,98,50165.10510204081,6757.95659254147,0,9,12,29,36,12,12,12,0,12,0,0,98,119165.2,0,Ceska Lipa,north Bohemia,105058,32,19,7,2,10,81.0,9272,2.8,3.22,118,4340.0,4505,0,0,1.3845821360249095,19218.800000000003,196.11020408163267,1.3792854586720509,0.9961745300513084,0.0,0.41836734693877553,0.1352316159970038,0.0976696235481193,0.12244897959183673,0.0,0.12244897959183673,0,1,0.0,0.13471429151389425
908,2295,F,60,60,3,MONTHLY,1,2398.0,0,1,0,0,56349.3,60461.2,64,18283.9859375,2803.2393019656433,0,0,12,28,12,0,12,12,0,12,12,0,64,116810.5,0,Plzen - sever,west Bohemia,72541,66,26,10,0,8,36.9,8594,1.62,2.01,112,1580.0,1525,0,0,0.9319910951155452,-4111.899999999994,-64.24843749999991,3.0818936413875155,3.306784429099542,0.0,0.625,0.0463642683566592,0.049747544369950346,0.0,0.0,0.1875,0,0,0.0,0.15331664066839326
909,2302,M,42,40,3,MONTHLY,2,11254.5,0,1,1,0,795159.5,818651.2,99,64018.5505050505,28430.212575943602,0,28,0,47,12,0,12,12,0,12,0,0,99,1613810.7,0,Ostrava - mesto,north Moravia,323870,0,0,0,1,1,100.0,10673,4.75,5.44,100,18782.0,18347,0,0,0.9713043845779498,-23491.699999999953,-237.28989898989852,12.420767007795169,12.787718458814771,0.0,0.47474747474747475,0.034728114459422525,0.03575410037350192,0.0,0.0,0.12121212121212122,0,0,0.0,0.4440933503125896
910,2305,F,50,50,3,MONTHLY,0,0.0,0,0,0,0,134527.7,147533.2,52,24777.846153846152,6867.706550609092,0,0,12,28,0,0,12,12,0,0,0,0,52,282060.9,0,Karvina,north Moravia,285387,0,2,8,5,7,89.9,10177,6.63,7.75,81,9878.0,10108,0,0,0.911846960548541,-13005.5,-250.10576923076923,5.429354075601034,5.954238277369363,0.0,0.7692307692307693,0.04655024462703372,0.051050501499758726,0.0,0.0,0.0,0,0,0.0,0.2771712483791917
911,2309,F,23,20,1,MONTHLY,1,6355.0,0,1,0,0,236726.9,243566.4,59,37615.11016949153,10976.061485132634,0,12,0,26,9,0,9,12,0,9,0,0,59,480293.3,0,Cesky Krumlov,south Bohemia,58796,22,16,7,1,5,51.9,9045,3.13,3.6,124,1845.0,1879,0,0,0.9719193616196651,-6839.5,-115.92372881355932,6.29339908705098,6.475227612055469,0.0,0.4406779661016949,0.045063939382166976,0.04636592413085557,0.0,0.0,0.15254237288135594,0,0,0.0,0.29179926459540145
912,2310,M,60,60,3,WEEKLY,0,0.0,0,0,0,0,147577.19999999998,165718.0,55,29283.925454545453,6204.665655815079,0,0,12,31,0,0,12,12,0,0,0,0,55,313295.2,0,Svitavy,east Bohemia,102609,75,33,2,3,6,52.0,8187,4.83,5.45,94,2123.0,2134,0,0,0.8905321087630793,-18140.800000000017,-329.8327272727276,5.039529288143746,5.659009078452535,0.0,0.7818181818181819,0.03744110872575748,0.042043524716657316,0.0,0.0,0.0,0,0,0.0,0.21187957418639003
913,2318,F,76,70,2,MONTHLY,1,3594.0,0,1,0,0,77811.2,86183.2,70,24433.53857142857,2872.9100389116065,0,0,12,34,12,0,12,12,0,12,12,0,70,163994.4,0,Strakonice,south Bohemia,70646,94,14,3,1,4,58.4,8547,2.65,3.64,120,1563.0,1542,0,0,0.9028580976338776,-8372.0,-119.6,3.184606264562463,3.5272500439530514,0.0,0.6571428571428571,0.033334919554061655,0.036921549068920756,0.0,0.0,0.17142857142857143,0,0,0.0,0.11758059646223541
914,2319,F,29,20,3,MONTHLY,3,2127.0,1,1,0,0,39181.9,41539.2,92,18742.175,1880.9338662346286,0,0,12,32,36,12,12,12,0,12,0,0,92,80721.1,0,Ceske Budejovice,south Bohemia,177686,69,27,10,1,9,74.8,10045,1.42,1.71,135,6604.0,6295,0,0,0.9432511940528465,-2357.2999999999956,-25.622826086956476,2.090573799465644,2.2163489562977614,0.0,0.4782608695652174,0.045280936229745126,0.04800517244530328,0.13043478260869565,0.0,0.13043478260869565,0,0,0.0,0.1003583557529811
915,2321,F,31,30,2,MONTHLY,0,0.0,0,0,0,0,215952.0,205883.1,66,35246.586363636365,15906.31532106653,0,14,0,40,0,0,12,12,2,0,0,0,66,421835.1,0,Frydek - Mistek,north Moravia,228848,15,40,18,2,6,57.2,9893,4.09,4.72,96,5623.0,5887,0,0,1.0489059082557044,10068.899999999994,152.55909090909083,6.126891205067054,5.841220987358028,0.0,0.6060606060606061,0.07725896550550546,0.07365671686794532,0.0,0.0,0.0,0,1,0.030303030303030304,0.45128669077232836
916,2322,M,71,70,3,MONTHLY,1,3232.0,0,1,0,0,77288.0,72809.2,64,25331.4875,4177.067626119382,0,0,12,28,12,0,12,12,0,12,12,0,64,150097.2,0,Zlin,south Moravia,197099,29,41,10,2,10,74.7,9624,1.6,2.31,145,4484.0,4265,0,0,1.0615142042489136,4478.800000000003,69.98125000000005,3.051064411436557,2.874256792065606,0.0,0.625,0.05737005249500588,0.05404548734757507,0.0,0.0,0.1875,0,1,0.0,0.16489626304493102
917,2324,M,21,20,1,MONTHLY,2,3335.0,0,1,0,0,98595.9,87855.2,87,28063.85517241379,7381.003725068752,2,21,0,28,24,0,12,12,0,12,0,0,87,186451.1,0,Plzen - jih,west Bohemia,67298,71,19,10,0,7,43.8,8561,0.65,1.29,110,1029.0,1127,0,0,1.1222545734344693,10740.699999999997,123.45632183908043,3.5132699835522883,3.130546372201917,0.0,0.3218390804597701,0.08401328236767718,0.07486116283809725,0.0,0.0,0.13793103448275862,0,1,0.0,0.26300747633290705
918,2327,M,80,80,1,MONTHLY,1,2943.0,0,1,0,0,53586.7,35020.8,44,19104.763636363637,3324.4723456890997,0,0,12,16,8,0,8,8,0,8,12,0,44,88607.5,0,Opava,north Moravia,182027,17,49,12,2,7,56.4,8746,3.33,3.74,90,4355.0,4433,0,0,1.5301392315423974,18565.899999999994,421.9522727272726,2.804886834506767,1.8330925556881579,0.0,0.6363636363636364,0.09492850950546816,0.062039131831015906,0.0,0.0,0.18181818181818182,0,1,0.0,0.1740127440970462
919,2328,M,31,30,2,MONTHLY,1,4231.0,0,1,0,0,83299.1,94527.2,67,15874.922388059702,3264.214237752437,0,12,0,31,12,0,12,12,0,12,0,0,67,177826.3,0,Karlovy Vary,west Bohemia,122603,25,21,6,2,8,80.0,8991,1.39,2.01,128,5198.0,5273,0,0,0.8812183159979351,-11228.099999999991,-167.5835820895521,5.247213054890479,5.954498402530678,0.0,0.4626865671641791,0.034532010233588185,0.039186668736546214,0.0,0.0,0.1791044776119403,0,0,0.0,0.20562079977207387
920,2329,M,26,20,2,MONTHLY,2,4887.0,0,1,0,0,314977.2,293899.2,85,68135.31647058824,15261.753036047226,4,12,0,33,24,0,12,12,0,12,0,0,85,608876.4,0,Pisek,south Bohemia,70699,60,13,2,1,4,65.3,8968,2.83,3.35,131,1740.0,1910,0,0,1.071718466739617,21078.0,247.9764705882353,4.622818478225829,4.313463490359902,0.0,0.38823529411764707,0.05192852867938132,0.04845351674993373,0.0,0.0,0.1411764705882353,0,1,0.0,0.22399181256661838
921,2336,M,77,70,3,MONTHLY,1,3860.0,0,1,0,0,71492.5,66365.2,59,29585.80677966102,3101.054622269345,0,0,12,23,12,0,12,12,0,12,12,0,59,137857.7,0,Pribram,central Bohemia,107870,84,29,6,1,6,58.0,8754,3.83,4.31,137,3804.0,3868,0,0,1.0772588645856565,5127.300000000003,86.90338983050853,2.416445849607456,2.2431431562523163,0.0,0.5932203389830508,0.046727119367821465,0.043375943242568736,0.0,0.0,0.2033898305084746,0,1,0.0,0.10481561802131378
922,2338,F,42,40,3,MONTHLY,2,3004.0,0,1,0,0,71184.8,82063.2,86,19682.11046511628,2866.774927870282,0,19,0,31,24,0,12,12,0,12,0,0,86,153248.0,0,Litomerice,north Bohemia,114006,71,26,6,2,9,62.3,9065,4.46,5.39,123,4147.0,4166,0,0,0.8674387545209059,-10878.399999999994,-126.49302325581388,3.6167259667689025,4.169430922839563,0.0,0.36046511627906974,0.03493374530691324,0.04027229026239144,0.0,0.0,0.13953488372093023,0,0,0.0,0.14565383793324552
923,2340,M,46,40,1,MONTHLY,1,2283.0,0,1,0,0,42002.4,36811.2,60,17305.525,2545.583194318129,0,0,12,24,12,0,12,12,0,0,0,0,60,78813.6,0,Havlickuv Brod,east Bohemia,95907,87,25,5,2,7,59.1,8388,2.41,2.94,87,1658.0,1668,0,0,1.1410222975616118,5191.200000000004,86.52000000000007,2.4271092613486154,2.127135697992404,0.0,0.6,0.06915240998169386,0.06060566049364152,0.0,0.0,0.0,0,1,0.0,0.14709655987426723
924,2344,F,75,70,3,MONTHLY,1,3223.0,0,1,0,0,79344.4,79821.2,70,21422.897142857142,3199.1214585208436,0,0,12,34,12,0,12,12,0,12,12,0,70,159165.6,0,Beroun,central Bohemia,75232,55,26,4,1,5,41.7,8980,1.95,2.21,111,2824.0,2813,0,0,0.9940266495617706,-476.8000000000029,-6.811428571428613,3.7037194115668495,3.725975971770658,0.0,0.6571428571428571,0.04007859388885213,0.04031943600960929,0.0,0.0,0.17142857142857143,0,0,0.0,0.14933187781221738
925,2345,M,57,50,3,MONTHLY,3,6223.0,1,1,0,0,131239.7,115431.2,94,22126.89680851064,7658.948928638646,0,17,0,29,36,12,12,12,0,12,0,0,94,246670.9,0,Strakonice,south Bohemia,70646,94,14,3,1,4,58.4,8547,2.65,3.64,120,1563.0,1542,0,0,1.1369517080304112,15808.500000000015,168.17553191489378,5.931229360165926,5.216782136191906,0.0,0.30851063829787234,0.06635076936425027,0.05835847635005753,0.1276595744680851,0.0,0.1276595744680851,0,1,0.0,0.34613750834201
926,2349,F,31,30,2,MONTHLY,4,7322.0,1,1,0,0,164871.4,145319.2,109,38288.12018348624,10359.929921915305,0,19,0,30,48,12,12,12,0,12,0,0,109,310190.6,0,Nachod,east Bohemia,112709,48,20,7,3,10,73.5,8369,1.79,2.31,117,2854.0,2618,0,0,1.1345465705839282,19552.199999999983,179.377981651376,4.306071941111108,3.795412240235198,0.0,0.27522935779816515,0.07129085435314332,0.06283642840368497,0.11009174311926606,0.0,0.11009174311926606,1,1,0.0,0.27057818122874494
927,2352,F,22,20,1,MONTHLY,1,2141.0,0,1,0,0,39362.5,33597.2,62,17040.625806451615,2816.355663370983,0,0,12,26,12,0,12,12,0,12,0,0,62,72959.7,0,Karvina,north Moravia,285387,0,2,8,5,7,89.9,10177,6.63,7.75,81,9878.0,10108,0,0,1.1716006095746074,5765.300000000003,92.98870967741941,2.309921035006665,1.9715942584268256,0.0,0.6129032258064516,0.08382709462011666,0.07154920707198432,0.0,0.0,0.1935483870967742,0,1,0.0,0.16527301845362424
928,2353,F,70,70,3,MONTHLY,1,2933.0,0,1,0,0,59780.5,53871.2,60,21586.508333333335,3596.0745609948713,0,0,12,24,12,0,12,12,0,12,12,0,60,113651.7,0,Liberec,north Bohemia,159617,29,19,8,1,9,85.2,9198,3.33,4.28,131,5796.0,6132,0,0,1.1096931198859503,5909.300000000003,98.48833333333339,2.769345513266195,2.4955958216185183,0.0,0.6,0.06675319207656172,0.06015464174764131,0.0,0.0,0.2,0,1,0.0,0.1665889872259658
929,2354,M,32,30,2,MONTHLY,2,7232.0,0,1,1,0,316010.3,321027.2,71,46217.36478873239,12057.888881061566,0,12,0,35,12,0,12,12,0,12,0,0,71,637037.5,0,Hl.m. Praha,Prague,1204953,0,0,0,1,1,100.0,12541,0.29,0.43,167,85677.0,99107,0,0,0.9843723522492798,-5016.900000000023,-70.66056338028201,6.837479839980882,6.946029949294409,0.0,0.49295774647887325,0.03756033408091765,0.03815663249286991,0.0,0.0,0.16901408450704225,0,0,0.0,0.2608952054315574
930,2356,M,69,60,3,MONTHLY,1,3106.0,0,1,0,0,56622.4,51687.2,54,15192.9,2353.538782985925,0,0,12,18,12,0,12,12,0,12,12,0,54,108309.6,0,Usti nad Orlici,east Bohemia,139012,59,41,8,3,10,61.9,8363,2.52,3.49,108,2564.0,2799,0,0,1.095482053583866,4935.200000000004,91.39259259259268,3.7268987487576437,3.40206280565264,0.0,0.5555555555555556,0.04553426734251275,0.04156550734313496,0.0,0.0,0.2222222222222222,0,1,0.0,0.15491043730860632
931,2358,F,53,50,3,MONTHLY,0,0.0,0,0,0,0,216535.8,244375.2,54,32977.19814814815,9461.733623041433,0,12,0,30,0,0,12,12,0,0,0,0,54,460911.0,0,Prostejov,south Moravia,110643,49,41,4,1,4,51.9,8441,3.45,4.48,115,1879.0,2252,0,0,0.8860792748200308,-27839.400000000023,-515.5444444444448,6.566227944145694,7.410429439825622,0.0,0.5555555555555556,0.03871805986467298,0.04369593214166634,0.0,0.0,0.0,0,0,0.0,0.28691745067410346
932,2363,M,52,50,3,MONTHLY,1,6741.0,0,1,0,0,235480.0,234427.2,75,32091.393333333333,8078.123403170248,14,12,0,25,12,0,12,12,0,12,0,0,75,469907.2,0,Olomouc,north Moravia,226122,32,50,7,4,4,62.6,8994,3.8,4.79,110,9672.0,9208,0,0,1.004490946443075,1052.7999999999884,14.037333333333178,7.337792957571802,7.304986653742468,0.0,0.3333333333333333,0.034458985148354146,0.03430492357385021,0.0,0.0,0.16,0,1,0.0,0.25172242661023697
933,2364,F,28,20,1,MONTHLY,0,0.0,0,0,0,0,219668.5,182891.4,49,51084.67755102041,9639.623648822808,0,12,0,25,0,0,9,12,0,0,0,0,49,402559.9,0,Breclav,south Moravia,124605,11,42,14,1,8,46.0,8772,4.69,4.98,126,2854.0,3158,0,0,1.2010870932148805,36777.100000000006,750.55306122449,4.300085867834007,3.5801615820583126,0.0,0.5102040816326531,0.05270681753665185,0.0438825942218516,0.0,0.0,0.0,0,1,0.0,0.1886989232572783
934,2366,M,69,60,3,MONTHLY,1,3448.0,0,1,0,0,84134.8,84791.2,64,36999.6046875,3974.438585628173,0,0,12,28,12,0,12,12,0,12,12,0,64,168926.0,0,Jablonec n. Nisou,north Bohemia,88768,10,18,5,1,7,80.5,8867,1.02,1.21,130,3384.0,3620,0,0,0.9922586306126108,-656.3999999999942,-10.256249999999909,2.27393780854162,2.2916785386262783,0.0,0.625,0.04687324375204235,0.047238937819168436,0.0,0.0,0.1875,0,0,0.0,0.10741840674235373
935,2370,F,43,40,2,MONTHLY,4,7525.0,1,1,0,0,160696.7,165515.2,109,33017.45963302752,6785.145868940466,0,14,0,35,48,12,12,12,0,12,0,0,109,326211.9,0,Usti nad Labem,north Bohemia,118650,8,8,5,1,3,85.6,9832,3.32,4.48,114,6445.0,5471,0,0,0.9708878701170648,-4818.5,-44.206422018348626,4.867021926764297,5.012959865465675,0.0,0.3211009174311927,0.04099409521868968,0.04222330557466623,0.11009174311926606,0.0,0.11009174311926606,1,0,0.0,0.20550175405236967
936,2373,M,45,40,3,MONTHLY,0,0.0,0,0,0,0,201348.5,177435.2,62,28693.832258064518,10735.69183556061,0,12,0,38,0,0,12,12,0,0,0,0,62,378783.7,0,Karvina,north Moravia,285387,0,2,8,5,7,89.9,10177,6.63,7.75,81,9878.0,10108,0,0,1.1347720181790308,23913.29999999999,385.698387096774,7.017135187420292,6.1837400596823775,0.0,0.6129032258064516,0.0605048594391677,0.05331895611618964,0.0,0.0,0.0,0,1,0.0,0.37414632311943274
937,2377,M,49,40,1,MONTHLY,1,1964.0,0,1,0,0,36093.4,34203.2,62,15196.416129032257,1992.0716366730471,0,0,12,26,12,0,12,12,0,0,0,0,62,70296.6,0,Semily,east Bohemia,75685,31,28,5,1,9,60.8,8208,1.89,2.26,155,1660.0,2123,0,0,1.0552638349628107,1890.2000000000044,30.48709677419362,2.3751257989734,2.2507412082942304,0.0,0.6129032258064516,0.05824225910654697,0.05519213032501917,0.0,0.0,0.0,0,1,0.0,0.13108825263525517
938,2380,M,72,70,2,MONTHLY,1,2934.0,0,1,0,0,65614.8,65533.2,58,30275.98275862069,4474.204540146318,0,0,12,22,12,0,12,12,0,12,12,0,58,131148.0,0,Teplice,north Bohemia,128118,9,16,6,3,8,85.3,9317,6.49,7.07,97,6949.0,6872,0,0,1.0012451703869185,81.60000000000582,1.4068965517242382,2.1672227958089008,2.1645275901519754,0.0,0.5862068965517241,0.06827386027458324,0.06818895340908329,0.0,0.0,0.20689655172413793,0,1,0.0,0.14778065425051637
939,2382,F,72,70,3,MONTHLY,2,3142.0,0,1,0,0,82700.90000000001,82889.2,77,16270.971428571429,3375.3174883361216,0,0,12,29,24,0,12,12,0,12,12,0,77,165590.1,0,Uherske Hradiste,south Moravia,145688,22,41,13,2,5,40.7,8544,1.29,1.86,109,2719.0,2906,0,0,0.997728292708821,-188.29999999998836,-2.4454545454543943,5.082726643768745,5.09429940086113,0.0,0.5324675324675324,0.04072083562558357,0.04081355206939853,0.0,0.0,0.15584415584415584,0,0,0.0,0.20744412852997496
940,2385,M,66,60,1,MONTHLY,1,2293.0,0,1,0,0,70290.6,72738.2,67,21722.480597014925,2975.3729154225225,0,0,12,32,11,0,12,12,0,11,12,0,67,143028.8,0,Rakovnik,central Bohemia,53921,61,22,1,1,2,41.3,8598,2.77,3.26,123,1597.0,1875,0,0,0.9663505558289868,-2447.5999999999913,-36.53134328358196,3.2358459102345454,3.348521807863674,0.0,0.6567164179104478,0.04090523157601539,0.0423295990562397,0.0,0.0,0.16417910447761194,0,0,0.0,0.1369720599880013
941,2390,M,61,60,3,TRANSACTION,1,9541.0,0,1,0,0,232400.1,221751.0,60,28926.381666666664,16024.363204613996,0,14,0,23,11,0,12,12,0,11,0,0,60,454151.1,0,Hodonin,south Moravia,161954,21,37,20,3,8,48.0,8720,3.73,4.5,116,3729.0,3651,0,0,1.0480227823098882,10649.100000000006,177.4850000000001,8.034191855658408,7.666046951718642,0.0,0.38333333333333336,0.07226286783200074,0.06895161923172148,0.0,0.0,0.18333333333333332,0,1,0.0,0.5539705376659564
942,2391,M,57,50,3,MONTHLY,1,5569.0,0,1,0,0,269079.6,269803.2,76,32284.01184210526,8209.917695063972,0,12,0,40,12,0,12,12,0,12,0,0,76,538882.8,0,Plzen - jih,west Bohemia,67298,71,19,10,0,7,43.8,8561,0.65,1.29,110,1029.0,1127,0,0,0.9973180451529113,-723.6000000000349,-9.521052631579407,8.334763390498532,8.357176961759098,0.0,0.5263157894736842,0.030429282139959688,0.0305111115635075,0.0,0.0,0.15789473684210525,0,0,0.0,0.25430289566293873
943,2392,M,44,40,1,WEEKLY,2,19358.0,0,1,0,1,579998.8,483860.0,88,40244.722727272725,28783.45286650922,0,26,0,31,19,0,12,12,0,11,0,8,88,1063858.8,0,Plzen - mesto,west Bohemia,170449,0,0,0,1,1,100.0,10787,2.64,3.09,131,6041.0,6261,0,0,1.1986913570040922,96138.80000000005,1092.486363636364,14.411797639419467,12.022942816104969,1.3793131985790314e-05,0.3522727272727273,0.059487150966207616,0.04962674554931703,0.0,0.09090909090909091,0.125,0,1,0.0,0.7152106143597177
944,2394,M,37,30,2,MONTHLY,1,5403.0,0,1,0,0,139788.1,148211.2,69,18630.705797101447,4737.066001597962,0,13,0,32,12,0,12,12,0,12,0,0,69,287999.3,0,Kolin,central Bohemia,95616,65,30,4,1,6,51.4,9307,3.85,4.43,118,2616.0,3040,0,0,0.9431682625874428,-8423.100000000006,-122.07391304347834,7.50310275533137,7.955211231077387,0.0,0.463768115942029,0.03196159265695144,0.03388747684243481,0.0,0.0,0.17391304347826086,0,0,0.0,0.25426122086770064
945,2395,M,46,40,3,MONTHLY,2,3690.0,0,1,0,0,294686.8,283975.2,83,55632.79518072289,10926.907730515346,1,12,0,34,24,0,12,12,0,12,0,0,83,578662.0,0,Mlada Boleslav,central Bohemia,112065,95,19,7,1,8,69.4,11277,1.25,1.44,127,5179.0,4987,0,0,1.0377201952846586,10711.599999999977,129.0554216867467,5.2969979135995455,5.1044568060531175,0.0,0.40963855421686746,0.03847838730464965,0.03707973255169674,0.0,0.0,0.14457831325301204,0,1,0.0,0.19641126596316677
946,2396,F,50,50,1,MONTHLY,1,6624.0,0,1,0,0,137566.9,140663.2,76,35919.83289473684,6222.189896006887,0,17,0,35,12,0,12,12,0,12,0,0,76,278230.1,0,Usti nad Labem,north Bohemia,118650,8,8,5,1,3,85.6,9832,3.32,4.48,114,6445.0,5471,0,0,0.9779878461459712,-3096.3000000000175,-40.74078947368444,3.829831291340918,3.916031580999106,0.0,0.4605263157894737,0.044234667603231595,0.04523028356390154,0.0,0.0,0.15789473684210525,0,0,0.0,0.17322435530925295
947,2397,M,81,80,3,MONTHLY,1,2736.0,0,1,0,0,64589.5,60917.2,61,21119.316393442623,3472.7734176102144,0,0,12,25,12,0,12,12,0,12,12,0,61,125506.7,0,Vsetin,north Moravia,148545,8,35,12,3,4,53.5,8909,4.01,5.56,113,3460.0,3590,0,0,1.0602834667384582,3672.300000000003,60.20163934426234,3.0583139528159404,2.884430483692848,0.0,0.6065573770491803,0.057008093241485404,0.053766841632311976,0.0,0.0,0.19672131147540983,0,1,0.0,0.1644358819629447
948,2399,F,56,50,1,MONTHLY,0,0.0,0,0,0,0,4094.4,13000.0,22,28461.890909090907,3762.811449145198,0,4,0,7,0,0,0,11,0,0,0,0,22,17094.4,0,Havlickuv Brod,east Bohemia,95907,87,25,5,2,7,59.1,8388,2.41,2.94,87,1658.0,1668,0,0,0.31495384615384614,-8905.6,-404.8,0.14385551589238307,0.4567511006743307,0.0,0.3181818181818182,0.2894470345496306,0.9190141288455446,0.0,0.0,0.0,0,0,0.0,0.13220525161746483
949,2400,M,40,40,2,MONTHLY,4,6581.0,1,1,0,0,186478.5,184047.2,108,34011.74074074074,6166.12077474906,0,12,0,36,48,12,12,12,0,12,0,0,108,370525.7,0,Prachatice,south Bohemia,51428,50,11,3,1,4,52.7,8402,3.13,3.98,120,999.0,1099,0,0,1.0132101982534913,2431.2999999999884,22.51203703703693,5.48276847755187,5.411284338632521,0.0,0.3333333333333333,0.033502931719412515,0.03306612169632992,0.1111111111111111,0.0,0.1111111111111111,1,1,0.0,0.18129388971153168
950,2403,F,36,30,3,WEEKLY,4,18957.3,1,1,0,1,446777.0,439147.6,104,51607.28173076923,14672.47469704713,0,0,12,32,48,12,12,12,0,12,0,12,104,885924.6,0,Hodonin,south Moravia,161954,21,37,20,3,8,48.0,8720,3.73,4.5,116,3729.0,3651,0,0,1.0173732020851305,7629.400000000023,73.35961538461561,8.657247291783305,8.509411565038349,2.685903705875638e-05,0.4230769230769231,0.0334112601254046,0.03284071180263785,0.11538461538461539,0.11538461538461539,0.11538461538461539,1,1,0.0,0.2843101633136226
951,2404,F,22,20,3,MONTHLY,1,2014.0,0,1,0,0,37401.1,36733.2,66,22545.060606060608,1934.4176012336898,0,0,12,30,12,0,12,12,0,0,0,0,66,74134.3,0,Plzen - mesto,west Bohemia,170449,0,0,0,1,1,100.0,10787,2.64,3.09,131,6041.0,6261,0,0,1.018182461642329,667.9000000000015,10.119696969696992,1.6589487450721583,1.6293236306548364,0.0,0.6363636363636364,0.05266128737038129,0.05172087455271877,0.0,0.0,0.0,0,1,0.0,0.08580227993326732
952,2407,M,24,20,3,MONTHLY,2,2184.0,0,1,0,0,40386.2,45203.2,74,21523.87972972973,3270.518532511516,0,0,12,26,24,0,12,12,0,0,0,0,74,85589.4,0,Zlin,south Moravia,197099,29,41,10,2,10,74.7,9624,1.6,2.31,145,4484.0,4265,0,0,0.8934367478408608,-4817.0,-65.0945945945946,1.8763438797800378,2.100141822366873,0.0,0.5135135135135135,0.07235148247273458,0.08098109088033824,0.0,0.0,0.0,0,0,0.0,0.1519483742512337
953,2410,F,26,20,3,MONTHLY,0,0.0,0,0,0,0,172158.7,170895.2,60,49197.51666666667,7995.33041214548,0,12,0,36,0,0,12,12,0,0,0,0,60,343053.9,0,Opava,north Moravia,182027,17,49,12,2,7,56.4,8746,3.33,3.74,90,4355.0,4433,0,0,1.0073934200609496,1263.5,21.058333333333334,3.499337195542729,3.473655004944355,0.0,0.6,0.04678499110651136,0.046441628637678374,0.0,0.0,0.0,0,1,0.0,0.16251491851341032
954,2413,M,38,30,1,MONTHLY,1,5451.0,0,1,0,0,163589.8,169987.2,76,24186.63552631579,4819.8664209347535,0,13,0,39,12,0,12,12,0,12,0,0,76,333577.0,0,Nachod,east Bohemia,112709,48,20,7,3,10,73.5,8369,1.79,2.31,117,2854.0,2618,0,0,0.9623654016302403,-6397.400000000023,-84.17631578947399,6.763644320104355,7.028145763185988,0.0,0.5131578947368421,0.02835429032853505,0.029463123134417634,0.0,0.0,0.15789473684210525,0,0,0.0,0.19927808544063905
955,2414,F,49,40,2,MONTHLY,0,0.0,0,0,0,0,249828.7,275455.2,62,39007.61129032258,9825.442406726695,0,12,0,38,0,0,12,12,0,0,0,0,62,525283.9,0,Brno - mesto,south Moravia,387570,0,0,0,1,1,100.0,9897,1.6,1.96,140,18721.0,18696,0,0,0.9069667227193388,-25626.5,-413.3306451612903,6.404614169798707,7.061575699928538,0.0,0.6129032258064516,0.035669838168699286,0.03932871766425033,0.0,0.0,0.0,0,0,0.0,0.25188526243247034
956,2417,F,61,60,2,MONTHLY,1,1982.0,0,1,0,0,51499.6,59709.2,62,17896.285483870968,3779.3722897946686,0,0,12,26,12,0,12,12,0,12,12,0,62,111208.8,0,Rychnov nad Kneznou,east Bohemia,78955,50,24,8,1,9,59.0,9060,1.78,2.44,124,1655.0,1717,0,0,0.8625069503527095,-8209.599999999999,-132.41290322580642,2.8776697849625847,3.3364018501947195,0.0,0.6129032258064516,0.06329631429988458,0.07338643969651548,0.0,0.0,0.1935483870967742,0,0,0.0,0.2111819401406414
957,2418,F,46,40,3,MONTHLY,1,2168.0,0,1,0,0,40269.5,42831.2,63,24166.742857142857,1754.6687130306047,0,0,12,27,12,0,12,12,0,0,0,0,63,83100.7,0,Hl.m. Praha,Prague,1204953,0,0,0,1,1,100.0,12541,0.29,0.43,167,85677.0,99107,0,0,0.9401907954948729,-2561.699999999997,-40.661904761904715,1.6663188845118913,1.772319929631749,0.0,0.6190476190476191,0.04096706870296898,0.04357314376961732,0.0,0.0,0.0,0,0,0.0,0.072606752320865
958,2422,F,23,20,2,MONTHLY,1,5700.3,0,0,0,1,134688.6,138776.1,54,19769.792592592592,12603.537135771621,0,10,0,29,3,0,12,12,0,0,0,3,54,273464.7,0,Frydek - Mistek,north Moravia,228848,15,40,18,2,6,57.2,9893,4.09,4.72,96,5623.0,5887,0,0,0.9705460810615084,-4087.5,-75.69444444444444,6.812848408458547,7.019603233065635,2.2273599992872448e-05,0.5370370370370371,0.09081921984961114,0.0935753815524968,0.0,0.05555555555555555,0.0,0,0,0.0,0.6375148892808291
959,2423,M,42,40,1,MONTHLY,4,4729.0,1,1,0,0,471023.4,465799.2,119,51269.08739495798,19766.273006128544,0,20,0,39,48,12,12,12,0,12,0,0,119,936822.6,0,Havlickuv Brod,east Bohemia,95907,87,25,5,2,7,59.1,8388,2.41,2.94,87,1658.0,1668,0,0,1.0112155624140187,5224.200000000012,43.90084033613455,9.187278805480014,9.085381146179884,0.0,0.3277310924369748,0.04243518023673837,0.04196452449311126,0.10084033613445378,0.0,0.10084033613445378,1,1,0.0,0.385539786457608
960,2428,F,53,50,3,MONTHLY,0,0.0,0,0,0,0,308353.2,322475.2,62,63821.27419354839,13499.093014935503,10,12,0,28,0,0,12,12,0,0,0,0,62,630828.4,0,Hl.m. Praha,Prague,1204953,0,0,0,1,1,100.0,12541,0.29,0.43,167,85677.0,99107,0,0,0.9562074851027303,-14122.0,-227.7741935483871,4.831511183322176,5.052785361540128,0.0,0.45161290322580644,0.04186087182808322,0.04377802148619019,0.0,0.0,0.0,0,0,0.0,0.21151400039424642
961,2429,M,26,20,3,MONTHLY,2,6454.0,0,1,0,0,310361.3,305043.2,88,36524.91477272727,10617.549025974622,11,12,0,29,24,0,12,12,0,12,0,0,88,615404.5,0,Karvina,north Moravia,285387,0,2,8,5,7,89.9,10177,6.63,7.75,81,9878.0,10108,0,0,1.0174339241130437,5318.099999999977,60.43295454545428,8.497249122446773,8.351647139989282,0.0,0.32954545454545453,0.03480670615170121,0.034210286611038886,0.0,0.0,0.13636363636363635,0,1,0.0,0.29069332788430274
962,2431,M,33,30,2,MONTHLY,1,12524.0,0,1,0,0,510751.6,479325.2,78,53052.66794871795,18065.12501033661,2,0,12,40,12,0,12,12,0,12,0,0,78,990076.8,0,Prerov,north Moravia,138032,67,30,4,2,5,64.6,8819,5.38,5.66,99,4063.0,4505,0,0,1.065563838496286,31426.399999999965,402.90256410256364,9.62725570170581,9.034893409381935,0.0,0.6666666666666666,0.03768866108090418,0.035369688534184936,0.0,0.0,0.15384615384615385,0,1,0.0,0.34051303560829055
963,2432,F,75,70,3,MONTHLY,1,3688.0,0,1,0,0,73939.2,58061.2,58,24797.38103448276,6567.061617674663,0,0,12,22,12,0,12,12,0,12,12,0,58,132000.4,0,Hl.m. Praha,Prague,1204953,0,0,0,1,1,100.0,12541,0.29,0.43,167,85677.0,99107,0,0,1.2734700626235764,15878.0,273.7586206896552,2.9817342362559,2.3414246818751225,0.0,0.5862068965517241,0.1131058541276216,0.08881704992310795,0.0,0.0,0.20689655172413793,0,1,0.0,0.2648288385189804
964,2433,M,35,30,1,MONTHLY,1,2127.0,0,0,1,0,613886.2,589918.4,55,71000.99818181818,23563.530540933705,0,0,12,31,0,0,9,12,0,0,0,0,55,1203804.6,0,Ceska Lipa,north Bohemia,105058,32,19,7,2,10,81.0,9272,2.8,3.22,118,4340.0,4505,0,0,1.0406290090290453,23967.79999999993,435.77818181818054,8.646162951511897,8.308593049485681,0.0,0.7818181818181819,0.039943711775956986,0.038384199776658454,0.0,0.0,0.0,0,1,0.0,0.3318760460323756
965,2438,F,53,50,3,MONTHLY,2,4198.0,0,1,0,0,177629.9,169691.2,90,56259.868888888894,11097.791414902522,0,15,0,39,24,0,12,12,0,12,0,0,90,347321.1,0,Usti nad Orlici,east Bohemia,139012,59,41,8,3,10,61.9,8363,2.52,3.49,108,2564.0,2799,0,0,1.0467832156293313,7938.6999999999825,88.20777777777758,3.157310948427774,3.01620326089159,0.0,0.43333333333333335,0.06539992300662922,0.062477045896566524,0.0,0.0,0.13333333333333333,0,1,0.0,0.197259461034654
966,2440,M,64,60,2,MONTHLY,2,4263.0,0,1,0,0,303969.3,320651.2,80,55541.217500000006,10581.755582919683,1,12,0,31,24,0,12,12,0,12,0,0,80,624620.5,0,Pelhrimov,south Bohemia,74062,99,15,4,2,7,61.4,8114,2.38,2.62,119,1003.0,1181,0,0,0.9479749335103065,-16681.900000000023,-208.5237500000003,5.472859863037751,5.773211579310446,0.0,0.3875,0.03300082950857406,0.034811922068839464,0.0,0.0,0.15,0,0,0.0,0.1905207710457496
967,2441,M,71,70,3,MONTHLY,1,3876.0,0,1,0,0,70785.8,69117.2,61,18960.996721311476,3607.2170059926275,0,0,12,25,12,0,12,12,0,12,12,0,61,139903.0,0,Hl.m. Praha,Prague,1204953,0,0,0,1,1,100.0,12541,0.29,0.43,167,85677.0,99107,0,0,1.0241416029584534,1668.6000000000058,27.354098360655833,3.7332320151946083,3.645230312302874,0.0,0.6065573770491803,0.052189860208350855,0.05095961345344161,0.0,0.0,0.19672131147540983,0,1,0.0,0.1902440604263301
968,2443,M,50,50,3,MONTHLY,3,2010.0,1,1,0,0,36797.7,37475.2,80,13063.46875,1812.3665341410297,0,0,12,20,36,12,12,12,0,12,0,0,80,74272.9,0,Prerov,north Moravia,138032,67,30,4,2,5,64.6,8819,5.38,5.66,99,4063.0,4505,0,0,0.9819213773375459,-677.5,-8.46875,2.8168398994332953,2.8687020819030167,0.0,0.4,0.0483617574860449,0.04925216886221231,0.15,0.0,0.15,0,0,0.0,0.1387354743847058
969,2447,M,27,20,1,MONTHLY,1,4535.0,0,1,0,0,89852.3,86986.40000000001,57,27942.849122807016,5148.8741960924535,0,13,0,23,9,0,9,12,0,9,0,0,57,176838.7,0,Frydek - Mistek,north Moravia,228848,15,40,18,2,6,57.2,9893,4.09,4.72,96,5623.0,5887,0,0,1.032946529572439,2865.899999999994,50.27894736842095,3.215574031306004,3.1130111184332137,0.0,0.40350877192982454,0.059191714981795464,0.057303755119150576,0.0,0.0,0.15789473684210525,0,1,0.0,0.1842644668574591
970,2451,M,60,60,1,MONTHLY,2,6325.0,0,1,0,1,89326.0,87675.2,76,20050.39342105263,3457.4477962541696,0,20,0,32,12,0,12,12,0,12,0,0,76,177001.2,0,Havlickuv Brod,east Bohemia,95907,87,25,5,2,7,59.1,8388,2.41,2.94,87,1658.0,1668,1,0,1.0188285855065058,1650.800000000003,21.721052631578985,4.4550746772983,4.372742128238854,0.0,0.42105263157894735,0.03943472950451404,0.03870595119286848,0.0,0.0,0.15789473684210525,0,1,0.0,0.17243790302009226
971,2453,M,75,70,3,MONTHLY,1,2329.0,0,1,0,0,64314.4,47723.2,58,20336.208620689657,5267.366922998943,0,0,12,22,12,0,12,12,0,12,12,0,58,112037.6,0,Rakovnik,central Bohemia,53921,61,22,1,1,2,41.3,8598,2.77,3.26,123,1597.0,1875,0,0,1.3476548094008785,16591.200000000004,286.0551724137932,3.1625560693042756,2.3467107802703873,0.0,0.5862068965517241,0.11037329690798067,0.08190027308035125,0.0,0.0,0.20689655172413793,0,1,0.0,0.2590142057079424
972,2455,M,80,80,3,MONTHLY,1,1943.0,0,1,0,0,57204.1,58791.2,62,27298.054838709675,3811.168115226246,0,0,12,26,12,0,12,12,0,12,12,0,62,115995.3,0,Olomouc,north Moravia,226122,32,50,7,4,4,62.6,8994,3.8,4.79,110,9672.0,9208,0,0,0.9730044632530038,-1587.0999999999985,-25.59838709677417,2.095537588227071,2.153677261891637,0.0,0.6129032258064516,0.06482548604597706,0.06662403770404998,0.0,0.0,0.1935483870967742,0,0,0.0,0.13961317528829437
973,2457,M,59,50,3,MONTHLY,4,8631.0,1,1,0,0,308302.8,273427.2,107,47199.64018691589,15628.32339265621,0,12,0,35,48,12,12,12,0,12,0,0,107,581730.0,0,Frydek - Mistek,north Moravia,228848,15,40,18,2,6,57.2,9893,4.09,4.72,96,5623.0,5887,0,0,1.1275498560494346,34875.59999999998,325.94018691588764,6.531888776674699,5.792993313448949,0.0,0.32710280373831774,0.05715716429329711,0.05069147407242559,0.11214953271028037,0.0,0.11214953271028037,1,1,0.0,0.3311110705667732
974,2460,F,36,30,2,MONTHLY,1,6704.0,0,1,0,0,198325.2,199023.2,71,28425.888732394367,5776.723556939506,0,12,0,35,12,0,12,12,0,12,0,0,71,397348.4,0,Prachatice,south Bohemia,51428,50,11,3,1,4,52.7,8402,3.13,3.98,120,999.0,1099,0,0,0.9964928711828571,-698.0,-9.830985915492958,6.976921702151991,7.001476783140701,0.0,0.49295774647887325,0.029025377729528547,0.02912753173545019,0.0,0.0,0.16901408450704225,0,0,0.0,0.20322050829518326
975,2462,M,65,60,2,MONTHLY,1,3476.0,0,1,0,0,63504.4,71797.2,60,18414.12,3524.2043844422565,0,0,12,24,12,0,12,12,0,12,12,0,60,135301.6,0,Prachatice,south Bohemia,51428,50,11,3,1,4,52.7,8402,3.13,3.98,120,999.0,1099,0,0,0.8844968884580457,-8292.799999999996,-138.21333333333325,3.4486796002198314,3.89902965767574,0.0,0.6,0.04908554072362511,0.05549543629169406,0.0,0.0,0.2,0,0,0.0,0.1913859790444646
976,2463,M,55,50,2,WEEKLY,0,0.0,0,0,0,0,822077.1,788867.0,83,70667.84698795181,27502.26348039303,0,28,0,43,0,0,12,12,0,0,0,0,83,1610944.1,0,Melnik,central Bohemia,94725,38,28,1,3,6,63.4,9920,2.26,2.87,130,4289.0,4846,0,0,1.0420984779436837,33210.09999999998,400.1216867469877,11.632972207857929,11.163025811929636,0.0,0.5180722891566265,0.034862991455331546,0.03345460356503427,0.0,0.0,0.0,0,1,0.0,0.3891764734969484
977,2464,M,54,50,3,MONTHLY,0,0.0,0,0,0,0,900.0,2000.0,5,9100.0,367.4234614174766,0,1,0,4,0,0,0,0,0,0,0,0,5,2900.0,22,Brno - venkov,south Moravia,157042,49,70,18,0,9,33.9,8743,1.88,2.43,111,3659.0,3894,0,0,0.45,-1100.0,-220.0,0.0989010989010989,0.21978021978021978,0.0,0.8,0.18371173070873828,0.40824829046386285,0.0,0.0,0.0,0,0,0.0,0.04037620455137105
978,2465,M,26,20,2,MONTHLY,1,4325.0,0,1,0,0,296555.3,274275.2,65,69002.69230769231,12461.313452796465,0,12,0,29,12,0,12,12,0,12,0,0,65,570830.5,0,Trutnov,east Bohemia,121947,37,28,7,3,11,70.5,8541,2.51,2.97,131,3496.0,3839,0,0,1.0812326451680647,22280.099999999977,342.77076923076885,4.297735205426767,3.9748478041547988,0.0,0.4461538461538462,0.04543361358517454,0.042020201469326175,0.0,0.0,0.18461538461538463,0,1,0.0,0.18059169919384865
979,2473,F,23,20,3,MONTHLY,2,9297.0,0,1,0,0,217470.9,218279.2,80,39389.81125,6224.110600384701,0,12,0,32,24,0,12,12,0,12,0,0,80,435750.1,0,Strakonice,south Bohemia,70646,94,14,3,1,4,58.4,8547,2.65,3.64,120,1563.0,1542,0,0,0.9962969444637876,-808.3000000000175,-10.103750000000218,5.520993706208734,5.5415142411986045,0.0,0.4,0.02851444663708086,0.02862042967764745,0.0,0.0,0.15,0,0,0.0,0.15801321211928124
980,2474,M,42,40,3,MONTHLY,2,3642.0,0,1,0,0,88756.8,81839.2,80,29039.93625,3739.198220638515,0,19,0,25,24,0,12,12,0,12,0,0,80,170596.0,0,Havlickuv Brod,east Bohemia,95907,87,25,5,2,7,59.1,8388,2.41,2.94,87,1658.0,1668,0,0,1.0845267304665736,6917.600000000006,86.47000000000007,3.0563703458543237,2.8181604565333713,0.0,0.3125,0.04568957444156975,0.04212858305660541,0.0,0.0,0.15,0,1,0.0,0.12876055196706968
981,2475,F,17,10,3,MONTHLY,0,0.0,0,0,0,0,107151.5,114875.2,53,42871.979245283015,16078.849506193852,14,8,0,19,0,0,12,12,0,0,0,0,53,222026.7,0,Chrudim,east Bohemia,105606,77,26,7,2,7,53.0,8254,2.79,3.76,97,2166.0,2325,0,0,0.9327644260902266,-7723.699999999997,-145.73018867924523,2.4993364404044707,2.6794937397866727,0.0,0.3584905660377358,0.139967978346883,0.15005715744710854,0.0,0.0,0.0,0,0,0.0,0.3750433217510695
982,2478,F,59,50,1,MONTHLY,0,0.0,0,0,0,0,70257.4,85755.2,62,28775.474193548387,5285.357616665538,0,14,0,36,0,0,12,12,0,0,0,0,62,156012.6,0,Rychnov nad Kneznou,east Bohemia,78955,50,24,8,1,9,59.0,9060,1.78,2.44,124,1655.0,1717,0,0,0.8192785976827061,-15497.800000000003,-249.96451612903232,2.4415722753146523,2.980148977674424,0.0,0.5806451612903226,0.061633086001379955,0.07522848293084484,0.0,0.0,0.0,0,0,0.0,0.18367577823793232
983,2480,F,23,20,1,MONTHLY,1,4366.0,0,1,0,0,87340.7,80565.40000000001,59,25002.00338983051,3640.844625290341,0,13,0,25,9,0,9,12,0,9,0,0,59,167906.1,0,Nachod,east Bohemia,112709,48,20,7,3,10,73.5,8369,1.79,2.31,117,2854.0,2618,0,0,1.0840968951932217,6775.299999999988,114.83559322033878,3.4933480584810086,3.222357774448177,0.0,0.423728813559322,0.0451911692276131,0.04168554437152829,0.0,0.0,0.15254237288135594,0,1,0.0,0.1456221154970023
984,2481,M,51,50,2,MONTHLY,2,9278.0,0,1,1,0,241496.6,230579.2,69,35041.32898550725,7598.859070631852,0,12,0,33,12,0,12,12,0,12,0,0,69,472075.8,0,Kutna Hora,central Bohemia,77963,60,23,4,2,4,51.5,8546,2.95,4.02,126,2640.0,3120,0,1,1.0473477226046408,10917.399999999994,158.223188405797,6.89176486713391,6.580207049092381,0.0,0.4782608695652174,0.03295552708410755,0.03146569794618993,0.0,0.0,0.17391304347826086,0,1,0.0,0.2168541916253994
985,2485,M,66,60,1,MONTHLY,1,2670.0,0,1,0,0,58317.5,50025.2,59,31852.14406779661,2870.3108106525124,0,0,12,23,12,0,12,12,0,12,12,0,59,108342.7,0,Strakonice,south Bohemia,70646,94,14,3,1,4,58.4,8547,2.65,3.64,120,1563.0,1542,0,0,1.165762455722316,8292.300000000003,140.5474576271187,1.83088145890187,1.5705441961307982,0.0,0.5932203389830508,0.05737729805483062,0.04921868754066125,0.0,0.0,0.2033898305084746,0,1,0.0,0.09011358244968116
986,2488,F,19,10,3,MONTHLY,4,9704.0,1,1,0,0,217930.9,201723.2,111,32984.505405405405,9738.361115840593,0,15,0,36,48,12,12,12,0,12,0,0,111,419654.1,0,Hl.m. Praha,Prague,1204953,0,0,0,1,1,100.0,12541,0.29,0.43,167,85677.0,99107,0,0,1.0803462368235284,16207.699999999983,146.01531531531515,6.6070689046708,6.115695764440421,0.0,0.32432432432432434,0.048275860762870076,0.04468554535332343,0.10810810810810811,0.0,0.10810810810810811,1,1,0.0,0.29524047719220003
987,2489,F,24,20,1,WEEKLY,1,4898.2,0,0,0,1,480190.4,406766.0,67,68364.4791044776,25499.329312692375,0,20,0,36,0,0,8,11,0,0,0,0,67,886956.4,0,Zlin,south Moravia,197099,29,41,10,2,10,74.7,9624,1.6,2.31,145,4484.0,4265,1,0,1.180507712050663,73424.40000000002,1095.8865671641795,7.023975115295648,5.949961227355543,0.0,0.5373134328358209,0.06268795649757447,0.0531025387277471,0.0,0.0,0.0,0,1,0.0,0.3729909105827191
988,2490,F,38,30,3,MONTHLY,4,6412.0,1,1,1,0,138794.6,145231.2,96,48379.109375,5092.475008606289,1,14,0,33,36,12,12,12,0,12,0,0,96,284025.8,0,Trebic,south Moravia,117897,139,28,5,1,6,53.8,8814,4.76,5.74,107,2112.0,2059,0,0,0.9556803221346377,-6436.600000000006,-67.04791666666672,2.868895310249808,3.001940339047426,0.0,0.34375,0.03506460738881376,0.036690728663840586,0.125,0.0,0.125,0,0,0.0,0.10526185939334044
989,2493,M,37,30,1,MONTHLY,3,8738.0,1,1,0,0,260307.7,263631.2,91,34889.68351648352,8615.892590752972,0,12,0,31,36,12,12,12,0,12,0,0,91,523938.9,0,Hl.m. Praha,Prague,1204953,0,0,0,1,1,100.0,12541,0.29,0.43,167,85677.0,99107,0,0,0.9873933737736657,-3323.5,-36.52197802197802,7.460878797510974,7.556136182073657,0.0,0.34065934065934067,0.032681612004773986,0.0330988771778667,0.13186813186813187,0.0,0.13186813186813187,0,0,0.0,0.24694671095776552
990,2495,F,60,60,3,MONTHLY,0,0.0,0,0,0,0,50332.8,64493.2,43,32506.893023255812,5601.725206211258,0,11,0,20,0,0,12,12,0,0,0,0,43,114826.0,0,Jihlava,south Moravia,109164,98,16,6,1,4,63.6,8757,3.38,3.95,96,2212.0,2471,0,0,0.7804357668715463,-14160.399999999994,-329.3116279069766,1.5483731393212918,1.9839853643921246,0.0,0.46511627906976744,0.0868576098908297,0.11129373303713003,0.0,0.0,0.0,0,0,0.0,0.17232422680948678
991,2498,M,19,10,2,MONTHLY,0,0.0,0,0,0,0,148560.8,162675.2,61,36154.237704918036,6023.05783765367,11,12,0,26,0,0,12,12,0,0,0,0,61,311236.0,0,Litomerice,north Bohemia,114006,71,26,6,2,9,62.3,9065,4.46,5.39,123,4147.0,4166,0,0,0.9132356991108662,-14114.400000000023,-231.38360655737742,4.109084008699521,4.499478078550981,0.0,0.4262295081967213,0.03702505260576701,0.04054271273211823,0.0,0.0,0.0,0,0,0.0,0.1665934125568455
992,2500,F,53,50,3,MONTHLY,2,2669.0,0,1,0,0,57026.3,67083.2,78,22448.897435897437,4152.2154010066715,0,17,0,25,24,0,12,12,0,12,0,0,78,124109.5,0,Karlovy Vary,west Bohemia,122603,25,21,6,2,8,80.0,8991,1.39,2.01,128,5198.0,5273,0,0,0.850083180289551,-10056.899999999994,-128.9346153846153,2.5402717511110704,2.9882625724294605,0.0,0.32051282051282054,0.06189650167264936,0.07281228838284566,0.0,0.0,0.15384615384615385,0,0,0.0,0.18496299931269558
993,2502,F,64,60,3,MONTHLY,1,1542.0,0,1,0,0,72094.9,63829.2,68,30228.976470588233,3045.666960464482,0,0,12,32,12,0,12,12,0,12,12,0,68,135924.1,0,Hl.m. Praha,Prague,1204953,0,0,0,1,1,100.0,12541,0.29,0.43,167,85677.0,99107,0,0,1.1294971580405206,8265.699999999997,121.55441176470583,2.3849600091536636,2.1115236919153926,0.0,0.6470588235294118,0.0477158880334468,0.042245248422072605,0.0,0.0,0.17647058823529413,0,1,0.0,0.10075322806340507
994,2506,M,23,20,2,MONTHLY,0,0.0,0,0,0,0,75950.9,66675.2,64,34532.45625,10273.20083598429,0,20,0,32,0,0,12,12,0,0,0,0,64,142626.1,0,Sumperk,north Moravia,127369,31,32,13,2,7,51.2,8369,4.73,5.88,107,3736.0,2807,0,0,1.1391176929353042,9275.699999999997,144.93281249999995,2.199406246985399,1.930798073479062,0.0,0.5,0.15407829051857796,0.1352610809876419,0.0,0.0,0.0,0,1,0.0,0.2974940664982176
995,2507,F,47,40,3,MONTHLY,3,2624.0,1,1,0,0,52601.8,57363.2,94,16736.677659574467,2705.0453352253744,0,3,12,31,36,12,12,12,0,12,0,0,94,109965.0,0,Tabor,south Bohemia,103347,87,16,7,1,7,67.0,9104,1.51,2.07,123,2299.0,2354,0,0,0.9169955651009708,-4761.399999999994,-50.65319148936164,3.142905722983101,3.427394681714774,0.0,0.4574468085106383,0.0471564580641487,0.05142495761029802,0.1276595744680851,0.0,0.1276595744680851,0,0,0.0,0.161623793577569
996,2510,F,40,40,3,MONTHLY,1,8092.0,0,1,0,0,183588.7,168139.2,73,40731.83150684932,8435.28233227813,0,19,0,30,12,0,12,12,0,12,0,0,73,351727.9,0,Olomouc,north Moravia,226122,32,50,7,4,4,62.6,8994,3.8,4.79,110,9672.0,9208,0,0,1.0918851760921904,15449.5,211.63698630136986,4.507253742546008,4.127955797217867,0.0,0.410958904109589,0.05016844574185038,0.04594663142272988,0.0,0.0,0.1643835616438356,0,1,0.0,0.2070931264374813
997,2513,M,58,50,3,MONTHLY,1,6746.0,0,1,0,0,321620.0,335947.2,71,79359.15211267605,12414.408875345034,5,13,0,29,12,0,12,12,0,12,0,0,71,657567.2,0,Usti nad Labem,north Bohemia,118650,8,8,5,1,3,85.6,9832,3.32,4.48,114,6445.0,5471,0,0,0.957352822110141,-14327.200000000012,-201.79154929577481,4.052714670430905,4.233250873484812,0.0,0.4084507042253521,0.03695345243343309,0.038599617173512325,0.0,0.0,0.16901408450704225,0,0,0.0,0.15643323479211013
998,2519,F,29,20,1,MONTHLY,0,0.0,0,0,0,0,63588.3,67175.2,60,24924.081666666665,3600.3567287235537,0,15,0,33,0,0,12,12,0,0,0,0,60,130763.5,0,Rokycany,west Bohemia,45714,52,10,5,1,6,55.6,8843,2.82,3.6,113,818.0,888,0,0,0.9466038061665616,-3586.899999999994,-59.78166666666657,2.5512795556693533,2.6951925811509336,0.0,0.55,0.05359651670145461,0.05661979843341548,0.0,0.0,0.0,0,0,0.0,0.1444529341892926
999,2520,M,55,50,3,MONTHLY,1,3598.0,0,1,0,0,192202.9,198771.2,74,37513.69054054054,6501.623172382623,0,12,0,38,12,0,12,12,0,12,0,0,74,390974.1,0,Uherske Hradiste,south Moravia,145688,22,41,13,2,5,40.7,8544,1.29,1.86,109,2719.0,2906,0,0,0.9669554744349281,-6568.3000000000175,-88.76081081081105,5.123540159086425,5.298630903434858,0.0,0.5135135135135135,0.0327090804522115,0.033826873436262526,0.0,0.0,0.16216216216216217,0,0,0.0,0.17331334450702487
1000,2525,F,47,40,3,MONTHLY,3,7791.0,1,1,0,0,181723.4,206205.2,82,28482.72073170732,11499.69907556616,0,14,0,20,36,12,12,12,0,12,0,0,82,387928.6,0,Liberec,north Bohemia,159617,29,19,8,1,9,85.2,9198,3.33,4.28,131,5796.0,6132,0,0,0.8812745750349651,-24481.800000000017,-298.5585365853661,6.3801278575786915,7.239659509438992,0.0,0.24390243902439024,0.05576823026560999,0.06328133347475427,0.14634146341463414,0.0,0.14634146341463414,0,0,0.0,0.40374299856700674
1001,2530,M,49,40,3,WEEKLY,1,4619.9,0,0,1,0,249801.3,248474.0,59,41692.250847457624,15015.496397795092,0,12,0,35,0,0,12,12,0,0,0,0,59,498275.3,0,Melnik,central Bohemia,94725,38,28,1,3,6,63.4,9920,2.26,2.87,130,4289.0,4846,0,0,1.0053418063861812,1327.2999999999884,22.49661016949133,5.991552265047181,5.959716612785175,0.0,0.5932203389830508,0.060430855533355976,0.06010976082908733,0.0,0.0,0.0,0,1,0.0,0.3601507736469625
1002,2531,F,45,40,3,MONTHLY,1,3240.0,0,1,0,0,70985.1,81695.2,68,24808.45,3912.25372252401,0,16,0,28,12,0,12,12,0,12,0,0,68,152680.3,0,Kladno,central Bohemia,149893,63,29,6,2,6,67.4,9753,4.64,5.05,109,5244.0,5892,0,0,0.8689017225002205,-10710.099999999991,-157.50147058823518,2.861327491237865,3.293039266862702,0.0,0.4117647058823529,0.04788841599658254,0.05511373122703229,0.0,0.0,0.17647058823529413,0,0,0.0,0.15769843430460226
1003,2535,M,54,50,2,MONTHLY,1,7598.0,0,1,0,0,110561.59999999999,138851.2,52,25517.82307692308,10622.145173555316,0,9,0,19,12,0,12,12,0,12,0,0,52,249412.8,0,Hl.m. Praha,Prague,1204953,0,0,0,1,1,100.0,12541,0.29,0.43,167,85677.0,99107,0,0,0.7962595930031572,-28289.60000000002,-544.0307692307696,4.332720689641659,5.441341903713151,0.0,0.36538461538461536,0.07650020434504934,0.09607445237365701,0.0,0.0,0.23076923076923078,0,0,0.0,0.4162637675453359
1004,2538,M,19,10,1,MONTHLY,0,0.0,0,0,0,0,263653.4,218416.8,50,40715.606,12931.900728208864,0,13,0,25,0,0,8,12,0,0,0,0,50,482070.2,0,Breclav,south Moravia,124605,11,42,14,1,8,46.0,8772,4.69,4.98,126,2854.0,3158,0,1,1.2071113577343868,45236.600000000035,904.7320000000007,6.475487556294754,5.364449199159654,0.0,0.5,0.05920744525242044,0.04904886767327432,0.0,0.0,0.0,0,1,0.0,0.31761533226863586
1005,2539,F,27,20,1,MONTHLY,2,9172.0,0,1,0,0,200948.1,180679.2,81,33091.096296296295,10432.552777657587,0,14,0,31,24,0,12,12,0,12,0,0,81,381627.3,0,Ceska Lipa,north Bohemia,105058,32,19,7,2,10,81.0,9272,2.8,3.22,118,4340.0,4505,0,0,1.1121817010480453,20268.899999999994,250.23333333333326,6.0725730631804735,5.460054825086663,0.0,0.38271604938271603,0.05774075144044022,0.05191665299476624,0.0,0.0,0.14814814814814814,0,1,0.0,0.31526766850650534
1006,2542,M,55,50,3,WEEKLY,0,0.0,0,0,0,0,507602.4,477844.0,69,77554.77246376811,25460.736549381767,0,21,0,36,0,0,12,12,0,0,0,0,69,985446.4,0,Beroun,central Bohemia,75232,55,26,4,1,5,41.7,8980,1.95,2.21,111,2824.0,2813,0,0,1.0622763914583002,29758.400000000023,431.2811594202902,6.5450827057372996,6.161374533375599,0.0,0.5217391304347826,0.0532825285017323,0.050158818298301516,0.0,0.0,0.0,0,1,0.0,0.32829361418443287
1007,2554,M,58,50,3,MONTHLY,1,2050.0,0,1,0,0,38025.1,37535.2,62,22736.58709677419,1419.3486898705808,0,0,12,26,12,0,12,12,0,0,0,0,62,75560.3,0,Zlin,south Moravia,197099,29,41,10,2,10,74.7,9624,1.6,2.31,145,4484.0,4265,0,0,1.0130517487584987,489.90000000000146,7.90161290322583,1.672418988749411,1.650872219310584,0.0,0.6129032258064516,0.037813803839344955,0.03732662609356927,0.0,0.0,0.0,0,1,0.0,0.06242575826483449
1008,2555,M,36,30,1,WEEKLY,1,4619.9,0,0,1,0,740384.0,700629.0,94,67145.66170212766,25949.516901016705,0,31,0,51,0,0,12,12,0,0,0,0,94,1441013.0,0,Havlickuv Brod,east Bohemia,95907,87,25,5,2,7,59.1,8388,2.41,2.94,87,1658.0,1668,0,0,1.0567418705192049,39755.0,422.9255319148936,11.026535165957554,10.434464152101713,0.0,0.5425531914893617,0.037037457628811686,0.03504872728343225,0.0,0.0,0.0,0,1,0.0,0.3864660239128217
1009,2563,M,28,20,1,MONTHLY,1,5688.0,0,1,0,0,113067.3,124368.6,63,25818.773015873016,5652.019082199777,0,13,0,27,11,0,11,12,0,11,0,0,63,237435.9,0,Ostrava - mesto,north Moravia,323870,0,0,0,1,1,100.0,10673,4.75,5.44,100,18782.0,18347,0,0,0.909130600489191,-11301.300000000003,-179.38571428571433,4.379266974867002,4.816983360268126,0.0,0.42857142857142855,0.04544570801793842,0.04998809631254816,0.0,0.0,0.1746031746031746,0,0,0.0,0.2189112193180131
1010,2565,M,53,50,2,MONTHLY,2,6007.0,0,1,0,0,290264.5,299079.2,78,48919.4641025641,11974.38390631591,0,12,0,30,24,0,12,12,0,12,0,0,78,589343.7,0,Zlin,south Moravia,197099,29,41,10,2,10,74.7,9624,1.6,2.31,145,4484.0,4265,0,0,0.9705272048340372,-8814.700000000012,-113.00897435897451,5.93351757475172,6.11370556662177,0.0,0.38461538461538464,0.04003750145886411,0.0412533530842246,0.0,0.0,0.15384615384615385,0,0,0.0,0.24477749554268471
1011,2566,F,36,30,3,MONTHLY,1,7663.0,0,1,0,0,132410.9,132954.2,56,32042.467857142856,7386.906221812834,0,12,0,20,12,0,12,12,0,12,0,0,56,265365.1,0,Frydek - Mistek,north Moravia,228848,15,40,18,2,6,57.2,9893,4.09,4.72,96,5623.0,5887,0,0,0.9959136304080652,-543.3000000000175,-9.701785714286027,4.132356489841439,4.149312112686166,0.0,0.35714285714285715,0.055559780900587066,0.0557877502668801,0.0,0.0,0.21428571428571427,0,0,0.0,0.23053487186899546
1012,2567,M,56,50,3,MONTHLY,1,2141.0,0,1,0,0,39280.5,41707.2,59,14160.447457627119,1583.2459324238068,0,0,12,23,12,0,12,12,0,0,0,0,59,80987.7,0,Zlin,south Moravia,197099,29,41,10,2,10,74.7,9624,1.6,2.31,145,4484.0,4265,0,0,0.9418158015882151,-2426.699999999997,-41.130508474576224,2.7739589527478303,2.9453306560263823,0.0,0.5932203389830508,0.03796097394271989,0.04030615527867025,0.0,0.0,0.0,0,0,0.0,0.11180762028611158
1013,2569,M,51,50,3,MONTHLY,2,5494.0,0,1,0,0,281120.8,293483.2,87,49619.386206896546,9525.505695129632,13,12,0,26,24,0,12,12,0,12,0,0,87,574604.0,0,Jesenik,north Moravia,42821,4,13,5,1,3,48.4,8173,0.0,7.01,124,0.0,1358,0,0,0.9578769755815665,-12362.400000000023,-142.0965517241382,5.665543681411506,5.9146882385096715,0.0,0.2988505747126437,0.03245673243010037,0.03388403026431923,0.0,0.0,0.13793103448275862,0,0,0.0,0.19197145356477005
1014,2574,F,67,60,3,MONTHLY,1,3601.0,0,1,0,0,65999.4,60497.2,57,17270.49298245614,3623.5470451153465,0,0,12,21,12,0,12,12,0,12,12,0,57,126496.6,0,Domazlice,west Bohemia,58400,65,16,4,1,6,52.4,8620,1.1,1.25,100,1089.0,1117,0,0,1.0909496637860925,5502.199999999997,96.52982456140346,3.8215122212807744,3.5029225894972877,0.0,0.5789473684210527,0.05989611164013122,0.054902727071993784,0.0,0.0,0.21052631578947367,0,1,0.0,0.2098114424872671
1015,2578,M,45,40,3,MONTHLY,0,0.0,0,0,0,0,281587.4,292175.2,64,39001.3359375,11407.209183563566,0,12,0,40,0,0,12,12,0,0,0,0,64,573762.6,0,Sumperk,north Moravia,127369,31,32,13,2,7,51.2,8369,4.73,5.88,107,3736.0,2807,0,0,0.9637621536667041,-10587.799999999988,-165.43437499999982,7.219942425850397,7.491415177885534,0.0,0.625,0.039042359459541966,0.04051036794815238,0.0,0.0,0.0,0,0,0.0,0.2924825242356755
1016,2584,F,55,50,3,TRANSACTION,1,1958.7,0,0,1,0,272089.5,291356.0,65,27083.221538461537,13217.597390440473,0,4,12,37,0,0,12,12,0,0,0,0,65,563445.5,0,Kladno,central Bohemia,149893,63,29,6,2,6,67.4,9753,4.64,5.05,109,5244.0,5892,0,0,0.9338729938631777,-19266.5,-296.4076923076923,10.046423008193436,10.75780440617961,0.0,0.7538461538461538,0.04536579782273395,0.048578123707237776,0.0,0.0,0.0,0,0,0.0,0.48803637970726055
1017,2586,M,33,30,1,MONTHLY,3,13166.0,1,1,0,0,375535.7,418300.2,106,34259.38113207547,12380.335143337395,0,4,12,42,36,12,12,12,0,12,0,0,106,793835.9,0,Mlada Boleslav,central Bohemia,112065,95,19,7,1,8,69.4,11277,1.25,1.44,127,5179.0,4987,0,0,0.8977660063275131,-42764.5,-403.438679245283,10.961543600342605,12.209800240914596,0.0,0.5094339622641509,0.02959677079603929,0.03296713240135996,0.11320754716981132,0.0,0.11320754716981132,1,0,0.0,0.3613706591957746
1018,2588,M,41,40,3,MONTHLY,1,2318.0,0,1,0,0,53090.4,61981.2,76,24735.552631578947,3084.8866751945675,0,5,12,35,12,0,12,12,0,12,0,0,76,115071.6,0,Prerov,north Moravia,138032,67,30,4,2,5,64.6,8819,5.38,5.66,99,4063.0,4505,0,0,0.856556504230315,-8890.799999999996,-116.98421052631574,2.1463195421889014,2.5057535977939276,0.0,0.618421052631579,0.04977132864795402,0.05810629935345312,0.0,0.0,0.15789473684210525,0,0,0.0,0.12471468582659476
1019,2594,M,36,30,1,TRANSACTION,0,0.0,0,0,0,0,271860.0,290326.0,62,34799.96290322581,27431.224896075884,0,14,0,36,0,0,12,12,0,0,0,0,62,562186.0,0,Brno - venkov,south Moravia,157042,49,70,18,0,9,33.9,8743,1.88,2.43,111,3659.0,3894,0,0,0.9363956380069302,-18466.0,-297.83870967741933,7.812077293185842,8.342710042748006,0.0,0.5806451612903226,0.09448421738347887,0.10090202639621822,0.0,0.0,0.0,0,0,0.0,0.7882544292463348
1020,2596,M,38,30,3,MONTHLY,2,5630.0,0,1,0,0,259384.9,257035.2,79,38940.99746835443,9914.852179471096,0,12,0,31,24,0,12,12,0,12,0,0,79,516420.1,0,Tachov,west Bohemia,51313,34,12,3,1,4,59.2,8930,3.52,4.2,108,1328.0,1452,0,0,1.0091415494842728,2349.6999999999825,29.743037974683322,6.660972159503368,6.600632154039731,0.0,0.3924050632911392,0.03857390808523928,0.03822447713599017,0.0,0.0,0.1518987341772152,0,1,0.0,0.25461217801440356
1021,2599,M,53,50,1,MONTHLY,2,2370.0,0,1,0,0,43651.4,51570.6,68,19145.242647058825,3594.322655651581,0,0,12,24,20,0,11,12,0,10,0,0,68,95222.0,0,Hl.m. Praha,Prague,1204953,0,0,0,1,1,100.0,12541,0.29,0.43,167,85677.0,99107,0,0,0.8464396380883682,-7919.199999999997,-116.45882352941172,2.2800128890874056,2.6936508954574414,0.0,0.5294117647058824,0.06969712696093475,0.082341520676349,0.0,0.0,0.14705882352941177,0,0,0.0,0.18773972844913284
1022,2601,M,38,30,3,MONTHLY,1,2019.0,0,1,0,0,41447.4,48023.2,67,16757.45970149254,2008.398908905008,0,0,12,31,12,0,12,12,0,12,0,0,67,89470.6,0,Litomerice,north Bohemia,114006,71,26,6,2,9,62.3,9065,4.46,5.39,123,4147.0,4166,0,0,0.8630703493311567,-6575.799999999996,-98.14626865671636,2.473370113270116,2.8657804258793895,0.0,0.6417910447761194,0.04182143024423629,0.048456571676510664,0.0,0.0,0.1791044776119403,0,0,0.0,0.11985103617621266
1023,2603,F,27,20,1,MONTHLY,3,6736.0,1,1,0,0,132614.9,147807.2,92,18788.855434782607,4344.751658866463,0,14,0,30,36,12,12,12,0,12,0,0,92,280422.1,0,Louny,north Bohemia,85852,41,23,4,2,4,59.8,8965,7.08,8.23,104,2653.0,2822,0,0,0.8972154265827375,-15192.300000000017,-165.1336956521741,7.058168096524843,7.8667484835917145,0.0,0.32608695652173914,0.029394722712198475,0.03276216819427125,0.13043478260869565,0.0,0.13043478260869565,0,0,0.0,0.2312408903217863
1024,2607,M,56,50,2,MONTHLY,1,2126.0,0,1,0,0,39176.9,43337.2,64,17753.5203125,2111.075085111297,0,0,12,28,12,0,12,12,0,0,0,0,64,82514.1,0,Vyskov,south Moravia,86513,38,36,5,1,5,50.5,8288,3.79,4.52,110,1562.0,1460,0,0,0.9040016429303233,-4160.299999999996,-65.00468749999993,2.2067116442487245,2.4410482674518863,0.0,0.625,0.04871277067072393,0.05388571033214208,0.0,0.0,0.0,0,0,0.0,0.11891022444855172
1025,2608,F,56,50,2,MONTHLY,2,2269.0,0,1,0,0,48305.5,51313.2,86,19269.173255813956,2430.8196183676496,0,4,12,34,24,0,12,12,0,12,0,0,86,99618.7,0,Jihlava,south Moravia,109164,98,16,6,1,4,63.6,8757,3.38,3.95,96,2212.0,2471,0,0,0.941385452476166,-3007.699999999997,-34.97325581395346,2.506879737843714,2.662968427278924,0.0,0.5348837209302325,0.04737220867861778,0.050321798105136054,0.0,0.0,0.13953488372093023,0,0,0.0,0.1261506960416278
1026,2611,M,61,60,1,MONTHLY,1,9094.0,0,1,0,0,179127.7,188152.0,58,31867.50344827586,9910.016637052358,0,12,0,25,9,0,10,12,0,9,0,0,58,367279.7,0,Vsetin,north Moravia,148545,8,35,12,3,4,53.5,8909,4.01,5.56,113,3460.0,3590,0,0,0.9520371827033463,-9024.299999999988,-155.59137931034462,5.6210145325862175,5.90419642710291,0.0,0.43103448275862066,0.05267026997880628,0.05532375303792969,0.0,0.0,0.15517241379310345,0,0,0.0,0.3109756198234137
1027,2615,F,54,50,3,WEEKLY,2,3838.0,0,1,0,0,174637.9,213218.0,69,30212.076811594205,20717.472256585635,0,8,0,25,24,0,12,12,0,12,0,0,69,387855.89999999997,0,Cesky Krumlov,south Bohemia,58796,22,16,7,1,5,51.9,9045,3.13,3.6,124,1845.0,1879,0,0,0.8190579594593327,-38580.100000000006,-559.1318840579711,5.780400370655117,7.057376470000743,0.0,0.36231884057971014,0.09716568139925164,0.1186310202801662,0.0,0.0,0.17391304347826086,0,0,0.0,0.6857347935986673
1028,2618,M,57,50,1,MONTHLY,2,5194.0,0,1,0,0,248534.30000000002,238763.2,83,42145.799999999996,8998.230757399733,0,12,0,35,24,0,12,12,0,12,0,0,83,487297.5,0,Pelhrimov,south Bohemia,74062,99,15,4,2,7,61.4,8114,2.38,2.62,119,1003.0,1181,0,0,1.0409238107044971,9771.100000000006,117.72409638554224,5.897012276430867,5.665171855795833,0.0,0.42168674698795183,0.03768684100983624,0.036205186798762716,0.0,0.0,0.14457831325301204,0,1,0.0,0.2135024310227765
1029,2623,F,34,30,3,MONTHLY,2,13016.0,0,1,0,1,318857.8,308439.2,78,46609.597435897434,12153.934319003156,4,12,0,28,22,0,12,12,0,12,0,10,78,627297.0,0,Jindrichuv Hradec,south Bohemia,93931,74,21,10,1,8,56.9,8427,1.12,1.54,107,1874.0,1913,0,0,1.0337784561754795,10418.599999999977,133.57179487179457,6.841033124959463,6.617504054271205,3.136194253363098e-05,0.358974358974359,0.03940463572400381,0.03811709896701024,0.0,0.1282051282051282,0.15384615384615385,0,1,0.0,0.26076033666067516
1030,2626,M,59,50,2,TRANSACTION,3,12317.0,1,1,0,0,650849.8,618456.0,97,65747.95154639175,25912.05651964976,0,0,12,37,36,12,12,12,0,12,0,0,97,1269305.8,0,Hl.m. Praha,Prague,1204953,0,0,0,1,1,100.0,12541,0.29,0.43,167,85677.0,99107,0,0,1.0523785038870996,32393.800000000047,333.95670103092834,9.899164684100622,9.406467965220445,0.0,0.5051546391752577,0.041897979031086705,0.03981265188934491,0.12371134020618557,0.0,0.12371134020618557,0,1,0.0,0.39411199756339504
1031,2633,F,32,30,3,MONTHLY,0,0.0,0,0,0,0,425383.5,412519.2,73,41228.09315068493,22284.84541317839,0,17,0,44,0,0,12,12,0,0,0,0,73,837902.7,0,Hl.m. Praha,Prague,1204953,0,0,0,1,1,100.0,12541,0.29,0.43,167,85677.0,99107,0,0,1.0311847303107347,12864.299999999988,176.22328767123273,10.317806803367354,10.00577927512388,0.0,0.6027397260273972,0.05402135321987047,0.052387658226467154,0.0,0.0,0.0,0,1,0.0,0.5405257364615266
1032,2635,F,33,30,3,MONTHLY,3,14527.8,0,1,0,1,424248.4,407407.5,91,37126.84065934066,23065.340365419746,0,16,0,29,34,0,12,12,2,12,0,10,91,831655.9,0,Bruntal,north Moravia,106054,38,25,6,2,6,63.1,8110,5.77,6.55,109,3244.0,3079,0,0,1.0413367451507398,16840.900000000023,185.06483516483542,11.426999778750748,10.973395332454748,2.3571096555697084e-05,0.31868131868131866,0.05661491348445904,0.05436753648433264,0.0,0.10989010989010989,0.13186813186813187,0,1,0.02197802197802198,0.6212578273776922
1033,2636,M,81,80,3,MONTHLY,1,3168.0,0,1,0,0,62537.9,71721.2,66,21921.14696969697,3770.9456763000544,0,0,12,30,12,0,12,12,0,12,12,0,66,134259.1,0,Uherske Hradiste,south Moravia,145688,22,41,13,2,5,40.7,8544,1.29,1.86,109,2719.0,2906,0,0,0.8719583609867098,-9183.299999999996,-139.14090909090902,2.8528571103715614,3.2717813579346413,0.0,0.6363636363636364,0.052577838579109866,0.06029856577051763,0.0,0.0,0.18181818181818182,0,0,0.0,0.17202319210362846
1034,2637,M,64,60,1,MONTHLY,1,7959.0,0,1,0,0,297645.39999999997,275863.2,76,39323.09473684211,12620.371509723418,0,12,0,40,12,0,12,12,0,12,0,0,76,573508.6,0,Zlin,south Moravia,197099,29,41,10,2,10,74.7,9624,1.6,2.31,145,4484.0,4265,0,0,1.0789601512633797,21782.199999999953,286.6078947368415,7.56922622677339,7.015297291480511,0.0,0.5263157894736842,0.04574865915324486,0.04240069394562597,0.0,0.0,0.15789473684210525,0,1,0.0,0.32094044464662375
1035,2638,M,57,50,2,WEEKLY,4,6354.0,1,1,0,0,410489.8,424757.0,114,53758.66052631579,15988.498820923061,0,14,0,40,48,12,12,12,0,12,0,0,114,835246.8,0,Hl.m. Praha,Prague,1204953,0,0,0,1,1,100.0,12541,0.29,0.43,167,85677.0,99107,0,0,0.9664109125923763,-14267.200000000012,-125.15087719298256,7.635789210169367,7.901182727424433,0.0,0.3508771929824561,0.037641519317923096,0.038949807817205355,0.10526315789473684,0.0,0.10526315789473684,1,0,0.0,0.2974125222687871
1036,2639,F,49,40,3,MONTHLY,0,0.0,0,0,0,0,6700.0,8000.0,12,11866.666666666666,1204.0336248199092,0,6,0,6,0,0,0,0,0,0,0,0,12,14700.0,21,Jicin,east Bohemia,77917,85,19,6,1,5,53.5,8390,2.28,2.89,132,2080.0,2122,0,0,0.8375,-1300.0,-108.33333333333333,0.5646067415730337,0.6741573033707865,0.0,0.5,0.15050420310248863,0.1797065111671506,0.0,0.0,0.0,0,0,0.0,0.10146350770954292
1037,2645,M,79,70,1,MONTHLY,1,2004.0,0,1,0,0,64502.200000000004,61003.2,64,25285.60625,6111.072904965343,0,0,12,28,12,0,12,12,0,12,12,0,64,125505.4,0,Bruntal,north Moravia,106054,38,25,6,2,6,63.1,8110,5.77,6.55,109,3244.0,3079,0,0,1.0573576468119705,3499.0000000000073,54.671875000000114,2.5509453624431093,2.412566240131181,0.0,0.625,0.1001762678837396,0.09474208484308043,0.0,0.0,0.1875,0,1,0.0,0.24168188195864762
1038,2646,F,62,60,3,MONTHLY,1,2283.0,0,1,0,0,67059.2,65951.2,64,24329.6203125,3935.0383161918917,0,0,12,28,12,0,12,12,0,12,12,0,64,133010.4,0,Vyskov,south Moravia,86513,38,36,5,1,5,50.5,8288,3.79,4.52,110,1562.0,1460,0,0,1.0168003008284914,1108.0,17.3125,2.7562781144408786,2.710736918739163,0.0,0.625,0.05966590928128513,0.05868006651126008,0.0,0.0,0.1875,0,1,0.0,0.16173858307892128
1039,2650,M,24,20,3,MONTHLY,3,4956.0,1,1,0,0,273248.5,268747.2,89,57319.585393258436,10225.673478204379,4,12,0,25,36,12,12,12,0,12,0,0,89,541995.7,0,Prerov,north Moravia,138032,67,30,4,2,5,64.6,8819,5.38,5.66,99,4063.0,4505,0,0,1.0167491977590837,4501.299999999988,50.57640449438189,4.767105311828333,4.6885754346647515,0.0,0.2808988764044944,0.03804941401512045,0.037422615231938614,0.1348314606741573,0.0,0.1348314606741573,0,1,0.0,0.17839754785468245
1040,2657,M,51,50,2,MONTHLY,0,0.0,0,0,0,0,219471.6,232635.2,62,60435.69677419355,8842.433223967104,5,12,0,33,0,0,12,12,0,0,0,0,62,452106.8,0,Opava,north Moravia,182027,17,49,12,2,7,56.4,8746,3.33,3.74,90,4355.0,4433,0,0,0.9434152699161605,-13163.600000000006,-212.31612903225815,3.6314895287798827,3.8493011980849174,0.0,0.532258064516129,0.038009867913226816,0.040289646696734814,0.0,0.0,0.0,0,0,0.0,0.14631143009743344
1041,2661,F,38,30,3,MONTHLY,2,2498.0,0,1,0,0,51820.8,56151.2,86,26934.038372093022,2043.4265024373155,0,3,12,35,24,0,12,12,0,12,0,0,86,107972.0,0,Hl.m. Praha,Prague,1204953,0,0,0,1,1,100.0,12541,0.29,0.43,167,85677.0,99107,0,0,0.9228796535069599,-4330.399999999994,-50.353488372092954,1.9239892393445437,2.0847672088482487,0.0,0.5465116279069767,0.03639150191691924,0.03943255415658028,0.0,0.0,0.13953488372093023,0,0,0.0,0.07586780987713142
1042,2663,M,23,20,3,MONTHLY,3,2096.0,1,1,0,0,38694.4,40347.2,89,19212.842696629214,1706.6240566264967,0,0,12,29,36,0,12,12,0,0,0,0,89,79041.6,0,Mlada Boleslav,central Bohemia,112065,95,19,7,1,8,69.4,11277,1.25,1.44,127,5179.0,4987,0,0,0.9590355712416229,-1652.7999999999956,-18.570786516853882,2.0139861972007256,2.100011988703717,0.0,0.4606741573033708,0.04229845086217871,0.04410519497980319,0.0,0.0,0.0,0,0,0.0,0.08882725391417036
1043,2666,F,64,60,1,MONTHLY,1,2320.0,0,1,0,0,81375.4,85445.2,73,22692.931506849316,3846.3176222299776,0,0,12,37,12,0,12,12,0,12,12,0,73,166820.6,0,Pardubice,east Bohemia,162580,83,26,5,1,6,72.8,9538,1.51,1.81,111,6079.0,5410,0,0,0.9523694718954371,-4069.800000000003,-55.75068493150689,3.585935998416017,3.7652781869195886,0.0,0.6712328767123288,0.04501502275411583,0.04726634366442411,0.0,0.0,0.1643835616438356,0,0,0.0,0.16949408325976126
1044,2670,M,63,60,1,MONTHLY,1,3930.0,0,1,0,0,96620.3,103175.2,70,30717.678571428572,4007.0952047548058,0,18,0,28,12,0,12,12,0,12,0,0,70,199795.5,0,Jicin,east Bohemia,77917,85,19,6,1,5,53.5,8390,2.28,2.89,132,2080.0,2122,0,0,0.9364682598143741,-6554.899999999994,-93.64142857142849,3.14542974903935,3.3588215255291565,0.0,0.4,0.038837775015263414,0.041472601562557825,0.0,0.0,0.17142857142857143,0,0,0.0,0.13044915472492521
1045,2679,M,61,60,3,MONTHLY,1,6273.0,0,1,0,0,132363.5,141811.2,74,27260.318918918918,4461.144485801688,0,15,0,35,12,0,12,12,0,12,0,0,74,274174.7,0,Frydek - Mistek,north Moravia,228848,15,40,18,2,6,57.2,9893,4.09,4.72,96,5623.0,5887,0,0,0.933378322727683,-9447.700000000012,-127.67162162162178,4.855537471652193,5.202110819825432,0.0,0.47297297297297297,0.0314583367590267,0.03370373619465855,0.0,0.0,0.16216216216216217,0,0,0.0,0.1636497540278449
1046,2684,F,46,40,3,MONTHLY,2,9889.0,0,1,1,0,338175.2,378623.2,84,54178.6738095238,19884.902963934444,0,18,0,42,12,0,12,12,0,12,0,0,84,716798.4,0,Ostrava - mesto,north Moravia,323870,0,0,0,1,1,100.0,10673,4.75,5.44,100,18782.0,18347,0,0,0.8931708358072089,-40448.0,-481.5238095238095,6.241850828407577,6.988417644387665,0.0,0.5,0.05251897655488212,0.058800594969514154,0.0,0.0,0.14285714285714285,0,0,0.0,0.3670245424213203
1047,2686,F,48,40,2,MONTHLY,1,3034.0,0,0,0,1,536379.9,545647.2,78,65444.058974358966,20204.963202911862,0,0,12,42,12,0,12,12,0,0,0,12,78,1082027.1,0,Prachatice,south Bohemia,51428,50,11,3,1,4,52.7,8402,3.13,3.98,120,999.0,1099,0,1,0.9830159487668957,-9267.29999999993,-118.81153846153757,8.196005999721901,8.337612436505275,2.2372202985234905e-05,0.6923076923076923,0.037029353770919864,0.03766912817372885,0.0,0.15384615384615385,0.0,0,0,0.0,0.3087364005161749
1048,2688,F,32,30,3,MONTHLY,1,4103.8,0,0,1,0,589849.5,555509.2,88,71481.61136363636,28897.62983222551,6,31,0,39,0,0,12,12,0,0,0,0,88,1145358.7,0,Prostejov,south Moravia,110643,49,41,4,1,4,51.9,8441,3.45,4.48,115,1879.0,2252,0,0,1.0618176980687268,34340.30000000005,390.23068181818235,8.251765576455153,7.771358107388648,0.0,0.4431818181818182,0.05202007425300159,0.04899153060607072,0.0,0.0,0.0,0,1,0.0,0.4042666257930234
1049,2689,M,76,70,3,MONTHLY,1,2783.0,0,1,0,0,74790.0,82411.2,68,20477.16470588235,3848.0534623603553,0,0,12,32,12,0,12,12,0,12,12,0,68,157201.2,0,Jindrichuv Hradec,south Bohemia,93931,74,21,10,1,8,56.9,8427,1.12,1.54,107,1874.0,1913,0,0,0.907522278525249,-7621.199999999997,-112.07647058823525,3.6523611092758133,4.024541540964713,0.0,0.6470588235294118,0.046693331274879575,0.05145144354005021,0.0,0.0,0.17647058823529413,0,0,0.0,0.18791925140177967
1050,2691,M,35,30,3,MONTHLY,1,4103.8,0,0,1,0,147223.0,169139.2,53,38570.52452830189,13439.835426703961,0,12,0,29,0,0,12,12,0,0,0,0,53,316362.2,0,Pardubice,east Bohemia,162580,83,26,5,1,6,72.8,9538,1.51,1.81,111,6079.0,5410,0,0,0.8704250700015135,-21916.20000000001,-413.51320754717005,3.8169820556101643,4.385193151207751,0.0,0.5471698113207547,0.07946020453392212,0.09128896590005611,0.0,0.0,0.0,0,0,0.0,0.3484483447157224
1051,2698,F,29,20,2,WEEKLY,2,17259.7,0,1,0,1,436329.8,418456.4,80,35844.697499999995,21200.89990943467,0,17,0,27,24,0,12,12,0,12,0,12,80,854786.2,0,Tachov,west Bohemia,51313,34,12,3,1,4,59.2,8930,3.52,4.2,108,1328.0,1452,0,1,1.0427126936043993,17873.399999999965,223.41749999999956,12.172785109987329,11.674150688536292,2.7502132561195682e-05,0.3375,0.05066453735546802,0.04858916331049282,0.0,0.15,0.15,0,1,0.0,0.5914654436527096
1052,2700,M,54,50,2,MONTHLY,2,8498.7,0,1,0,1,603252.6,598991.6,104,60780.86730769231,24970.04510658213,0,23,0,45,24,0,12,12,0,12,0,12,104,1202244.2,0,Chomutov,north Bohemia,125236,28,11,1,4,5,87.7,9675,6.43,7.68,100,5323.0,5190,0,0,1.0071136222945363,4261.0,40.97115384615385,9.925040999269411,9.854936701835987,1.98921645758344e-05,0.4326923076923077,0.04168680346532761,0.04139235389384502,0.0,0.11538461538461539,0.11538461538461539,1,1,0.0,0.4108208094526807
1053,2707,M,30,30,1,MONTHLY,1,3730.0,0,1,0,0,123222.4,132646.0,59,27766.274576271186,6918.777240798457,0,12,0,25,10,0,10,12,0,10,0,0,59,255868.4,0,Jicin,east Bohemia,77917,85,19,6,1,5,53.5,8390,2.28,2.89,132,2080.0,2122,0,0,0.9289567721604872,-9423.600000000006,-159.72203389830517,4.4378441789704395,4.7772343256073,0.0,0.423728813559322,0.052159712624568075,0.05614869732125374,0.0,0.0,0.1694915254237288,0,0,0.0,0.24917916956389904
1054,2708,M,41,40,1,MONTHLY,1,3873.7,0,0,0,1,109730.59999999999,131279.5,34,28140.926470588234,16670.4748268946,0,5,0,14,3,0,4,12,0,2,0,3,34,241010.1,0,Opava,north Moravia,182027,17,49,12,2,7,56.4,8746,3.33,3.74,90,4355.0,4433,0,0,0.835854798350085,-21548.90000000001,-633.7911764705885,3.8993243564559257,4.665073843151826,2.733968464585084e-05,0.4117647058823529,0.12698460023761973,0.15192184155463107,0.0,0.08823529411764706,0.058823529411764705,0,0,0.0,0.5923925370516109
1055,2709,M,53,50,1,MONTHLY,3,7087.0,1,1,0,0,241948.4,193252.8,72,39229.67916666667,8795.660439870537,0,13,0,23,24,8,8,12,0,8,0,0,72,435201.2,0,Plzen - mesto,west Bohemia,170449,0,0,0,1,1,100.0,10787,2.64,3.09,131,6041.0,6261,0,0,1.2519787552884099,48695.600000000006,676.3277777777779,6.167483526237522,4.926188643525952,0.0,0.3194444444444444,0.04551375421142947,0.03635345569497685,0.1111111111111111,0.0,0.1111111111111111,0,1,0.0,0.22420933912057533
1056,2712,M,43,40,1,MONTHLY,2,7760.0,0,1,0,0,193637.1,197695.2,84,29698.320238095235,7976.3202796050355,0,12,0,36,24,0,12,12,0,12,0,0,84,391332.3,0,Klatovy,west Bohemia,88757,60,33,3,2,10,61.7,8554,2.47,2.68,113,1822.0,2218,0,0,0.9794729462323819,-4058.100000000006,-48.310714285714354,6.520136440296508,6.656780532200215,0.0,0.42857142857142855,0.04034655509898589,0.04119210770872439,0.0,0.0,0.14285714285714285,0,0,0.0,0.2685781625242726
1057,2714,F,29,20,3,MONTHLY,3,7016.0,1,1,0,0,159183.1,148467.2,96,39860.62291666667,9461.046977475356,0,15,0,33,36,12,12,12,0,12,0,0,96,307650.3,0,Kutna Hora,central Bohemia,77963,60,23,4,2,4,51.5,8546,2.95,4.02,126,2640.0,3120,0,0,1.0721768848607638,10715.899999999994,111.62395833333328,3.9934925335409597,3.72465830025758,0.0,0.34375,0.06372482930556618,0.05943499641278098,0.125,0.0,0.125,0,1,0.0,0.23735321440547458
1058,2715,M,42,40,3,WEEKLY,1,5538.0,0,1,0,0,567584.9,550097.0,76,46264.85263157894,18781.224067800435,0,0,12,40,12,0,12,12,0,12,0,0,76,1117681.9,0,Melnik,central Bohemia,94725,38,28,1,3,6,63.4,9920,2.26,2.87,130,4289.0,4846,0,1,1.0317905751167522,17487.900000000023,230.10394736842136,12.268166171842172,11.890170803754403,0.0,0.6842105263157895,0.034141658776180264,0.03308971762250975,0.0,0.0,0.15789473684210525,0,1,0.0,0.4059501543722839
1059,2717,M,69,60,1,MONTHLY,1,1690.0,0,1,0,0,84214.7,76115.2,72,31845.947222222225,5523.605577268494,0,0,12,36,12,0,12,12,0,12,12,0,72,160329.9,0,Nachod,east Bohemia,112709,48,20,7,3,10,73.5,8369,1.79,2.31,117,2854.0,2618,0,0,1.1064110716387792,8099.5,112.49305555555556,2.644440104492626,2.3901063287226236,0.0,0.6666666666666666,0.07256902139478703,0.06558956544722588,0.0,0.0,0.16666666666666666,0,1,0.0,0.17344767730488797
1060,2719,F,35,30,3,MONTHLY,1,7248.8,0,0,0,1,415850.0,394149.8,74,67945.3,23301.527152622068,0,17,0,33,12,0,12,12,0,0,0,12,74,809999.8,0,Rokycany,west Bohemia,45714,52,10,5,1,6,55.6,8843,2.82,3.6,113,818.0,888,0,0,1.055055717394757,21700.20000000001,293.2459459459461,6.120364469654266,5.80098697040119,2.88565588553565e-05,0.44594594594594594,0.05911845484285941,0.05603349080827719,0.0,0.16216216216216217,0.0,0,1,0.0,0.3429453862536786
1061,2724,M,24,20,3,MONTHLY,1,4182.0,0,1,0,0,283517.1,283699.2,70,46285.408571428576,8923.107589616271,1,12,0,33,12,0,12,12,0,12,0,0,70,567216.3,0,Jablonec n. Nisou,north Bohemia,88768,10,18,5,1,7,80.5,8867,1.02,1.21,130,3384.0,3620,0,0,0.9993581229696804,-182.10000000003492,-2.60142857142907,6.125409902398737,6.129344187643708,0.0,0.4714285714285714,0.03145270621001494,0.031472907946703294,0.0,0.0,0.17142857142857143,0,0,0.0,0.19278446199402025
1062,2728,M,77,70,3,MONTHLY,1,2944.0,0,1,0,0,74082.0,70863.2,65,34934.376923076925,3567.554244715895,0,0,12,29,12,0,12,12,0,12,12,0,65,144945.2,0,Ostrava - mesto,north Moravia,323870,0,0,0,1,1,100.0,10673,4.75,5.44,100,18782.0,18347,0,0,1.0454227299924361,3218.800000000003,49.520000000000046,2.120604588515302,2.028466119663043,0.0,0.6307692307692307,0.050344244187616356,0.048156829522905634,0.0,0.0,0.18461538461538463,0,1,0.0,0.10212159365462284
1063,2730,M,52,50,1,MONTHLY,1,2084.0,0,1,0,0,38086.6,29222.0,46,14593.008695652174,2227.8975155789167,0,0,12,15,9,0,10,10,0,0,0,0,46,67308.6,0,Usti nad Orlici,east Bohemia,139012,59,41,8,3,10,61.9,8363,2.52,3.49,108,2564.0,2799,0,0,1.3033536376702484,8864.599999999999,192.70869565217387,2.60992101041833,2.0024657429763866,0.0,0.5869565217391305,0.07624041871120787,0.0584955736552729,0.0,0.0,0.0,0,1,0.0,0.15266882669936968
1064,2731,M,72,70,3,MONTHLY,1,3152.0,0,1,0,0,57770.9,51519.2,59,20169.82033898305,3822.257267806987,0,0,12,23,12,0,12,12,0,12,12,0,59,109290.1,0,Rychnov nad Kneznou,east Bohemia,78955,50,24,8,1,9,59.0,9060,1.78,2.44,124,1655.0,1717,0,0,1.1213469929657294,6251.700000000004,105.96101694915262,2.864224818519766,2.5542716362439135,0.0,0.5932203389830508,0.07419092819389639,0.06616232857384924,0.0,0.0,0.2033898305084746,0,1,0.0,0.18950378355227843
1065,2732,F,46,40,3,MONTHLY,1,2005.0,0,1,0,0,41325.8,33815.2,58,16939.3,2773.8158735487254,0,0,12,22,12,0,12,12,0,0,0,0,58,75141.0,0,Hodonin,south Moravia,161954,21,37,20,3,8,48.0,8720,3.73,4.5,116,3729.0,3651,0,0,1.2221072180557857,7510.600000000006,129.49310344827597,2.439640362942979,1.9962572243244998,0.0,0.5862068965517241,0.08202866975646235,0.0671206818391592,0.0,0.0,0.0,0,1,0.0,0.16375032460306657
1066,2735,M,71,70,2,MONTHLY,1,2520.0,0,1,0,0,54026.4,53065.2,59,14880.942372881356,2132.863529446399,0,0,12,23,12,0,12,12,0,12,12,0,59,107091.6,0,Zlin,south Moravia,197099,29,41,10,2,10,74.7,9624,1.6,2.31,145,4484.0,4265,0,0,1.018113565952828,961.2000000000044,16.29152542372889,3.6305765217165487,3.565983838275232,0.0,0.5932203389830508,0.040193262805876526,0.03947817232772124,0.0,0.0,0.2033898305084746,0,1,0.0,0.1433285255733047
1067,2736,F,41,40,2,MONTHLY,0,0.0,0,0,0,0,116480.1,124353.0,74,4315.612162162162,5720.766550584668,0,14,0,48,0,0,12,12,6,12,0,0,74,240833.1,0,Hl.m. Praha,Prague,1204953,0,0,0,1,1,100.0,12541,0.29,0.43,167,85677.0,99107,0,0,0.9366891027960725,-7872.899999999994,-106.39054054054046,26.9904003471995,28.814683833335472,0.0,0.6486486486486487,0.04600425040477245,0.04911368165536145,0.0,0.0,0.16216216216216217,0,0,0.08108108108108109,1.3255979304031134
1068,2742,F,51,50,1,MONTHLY,0,0.0,0,0,0,0,209871.8,235451.2,54,24530.837037037036,16862.138102496345,0,9,0,33,0,0,12,12,0,9,0,0,54,445323.0,0,Znojmo,south Moravia,114200,101,41,4,1,4,43.7,8403,5.74,5.72,105,2157.0,2718,0,0,0.8913600780119192,-25579.400000000023,-473.69259259259303,8.555427590307348,9.598172277795175,0.0,0.6111111111111112,0.07161627590981207,0.08034494440175548,0.0,0.0,0.16666666666666666,0,0,0.0,0.6873853540764887
1069,2745,F,60,60,2,WEEKLY,1,3143.0,0,1,0,0,248470.1,283044.0,73,43788.635616438354,20889.2551777381,0,14,0,35,12,0,12,12,0,12,0,0,73,531514.1,0,Brno - mesto,south Moravia,387570,0,0,0,1,1,100.0,9897,1.6,1.96,140,18721.0,18696,0,0,0.877849733610322,-34573.899999999994,-473.6150684931506,5.674305593269587,6.463868901495178,0.0,0.4794520547945205,0.0738021479972658,0.08407150469105981,0.0,0.0,0.1643835616438356,0,0,0.0,0.47704740930307105
1070,2746,M,28,20,1,MONTHLY,2,6303.0,0,1,0,1,310612.6,305084.2,76,62173.275,9191.074848469392,0,12,0,35,17,0,12,12,0,12,0,5,76,615696.8,0,Hl.m. Praha,Prague,1204953,0,0,0,1,1,100.0,12541,0.29,0.43,167,85677.0,99107,0,0,1.0181208990829416,5528.399999999965,72.74210526315744,4.995918262308041,4.906999028119397,1.6097222070192905e-05,0.4605263157894737,0.030126354784906568,0.02959015457991528,0.0,0.06578947368421052,0.15789473684210525,0,1,0.0,0.14782999365031665
1071,2747,M,63,60,3,MONTHLY,2,5093.0,0,1,1,0,135617.9,132767.2,71,31283.99295774648,6810.988593323166,0,15,0,32,12,0,12,12,0,12,0,0,71,268385.1,0,Kutna Hora,central Bohemia,77963,60,23,4,2,4,51.5,8546,2.95,4.02,126,2640.0,3120,0,0,1.0214714176392963,2850.6999999999825,40.150704225351866,4.335057234643014,4.243933956235099,0.0,0.4507042253521127,0.051300235248790106,0.050221899862209686,0.0,0.0,0.16901408450704225,0,1,0.0,0.2177148103351891
1072,2751,F,42,40,3,MONTHLY,1,2032.0,0,1,0,0,37597.9,33229.2,60,19909.493333333336,3049.620184679111,0,0,12,24,12,0,12,12,0,0,0,0,60,70827.1,0,Frydek - Mistek,north Moravia,228848,15,40,18,2,6,57.2,9893,4.09,4.72,96,5623.0,5887,0,0,1.131471717645926,4368.700000000004,72.81166666666674,1.888440824209824,1.669012839436061,0.0,0.6,0.09177531161385502,0.08111144996606488,0.0,0.0,0.0,0,1,0.0,0.15317417342676948
1073,2756,F,80,80,3,MONTHLY,1,1615.0,0,1,0,0,59306.0,54185.2,66,35679.034848484844,5510.248331511086,0,0,12,30,12,0,12,12,0,12,12,0,66,113491.2,0,Tachov,west Bohemia,51313,34,12,3,1,4,59.2,8930,3.52,4.2,108,1328.0,1452,0,0,1.0945055107298673,5120.800000000003,77.58787878787884,1.6622086402238683,1.5186845784955711,0.0,0.6363636363636364,0.10169286689928404,0.09291215613110117,0.0,0.0,0.18181818181818182,0,1,0.0,0.1544393887029454
1074,2760,F,24,20,1,MONTHLY,1,6841.0,0,1,0,0,228535.5,239426.2,69,34070.42463768116,8277.415876762754,0,12,0,34,11,0,12,12,0,11,0,0,69,467961.7,0,Frydek - Mistek,north Moravia,228848,15,40,18,2,6,57.2,9893,4.09,4.72,96,5623.0,5887,0,0,0.9545133322919547,-10890.700000000012,-157.83623188405815,6.707738527780034,7.027391133106096,0.0,0.4927536231884058,0.03457188844313092,0.03621938769584049,0.0,0.0,0.15942028985507245,0,0,0.0,0.24295018229999135
1075,2761,F,22,20,1,MONTHLY,1,5720.0,0,1,0,0,191687.2,201015.2,71,37187.909859154934,7214.963111818481,0,13,0,34,12,0,12,12,0,12,0,0,71,392702.4,0,Hl.m. Praha,Prague,1204953,0,0,0,1,1,100.0,12541,0.29,0.43,167,85677.0,99107,0,0,0.95359554899331,-9328.0,-131.38028169014083,5.154556970961636,5.405391181201705,0.0,0.4788732394366197,0.03589262459663986,0.03763925349120067,0.0,0.0,0.16901408450704225,0,0,0.0,0.19401367646486048
1076,2762,F,46,40,3,WEEKLY,1,4704.0,0,1,0,0,616886.6,649953.0,91,70227.2021978022,21697.113425788943,1,2,12,52,12,0,12,12,0,12,0,0,91,1266839.6,0,Rokycany,west Bohemia,45714,52,10,5,1,6,55.6,8843,2.82,3.6,113,818.0,888,0,0,0.949124936726194,-33066.40000000002,-363.3670329670332,8.784154582471832,9.25500346958633,0.0,0.7032967032967034,0.03338258831913837,0.03517196422452513,0.0,0.0,0.13186813186813187,0,0,0.0,0.3089559707173977
1077,2775,F,21,20,1,MONTHLY,3,1996.0,1,1,0,0,47478.9,46107.2,97,24714.474226804123,2505.002616943009,0,7,12,30,36,12,12,12,0,12,0,0,97,93586.1,0,Usti nad Labem,north Bohemia,118650,8,8,5,1,3,85.6,9832,3.32,4.48,114,6445.0,5471,0,0,1.0297502342367353,1371.7000000000044,14.141237113402108,1.9210969071924129,1.865595018404007,0.0,0.4329896907216495,0.05432996618625744,0.05276033389448805,0.12371134020618557,0.0,0.12371134020618557,0,1,0.0,0.10135771426714003
1078,2776,F,65,60,3,MONTHLY,1,2332.0,0,1,0,0,81902.4,81189.2,62,18499.133870967744,4688.85737645141,0,0,12,26,12,0,12,12,0,12,12,0,62,163091.6,0,Tachov,west Bohemia,51313,34,12,3,1,4,59.2,8930,3.52,4.2,108,1328.0,1452,0,0,1.0087844196026072,713.1999999999971,11.503225806451566,4.427364036136652,4.3888108798118965,0.0,0.6129032258064516,0.05775223030220042,0.057249328181486876,0.0,0.0,0.1935483870967742,0,1,0.0,0.2534636166836995
1079,2781,F,39,30,1,MONTHLY,3,2960.0,1,1,0,0,71289.0,76735.2,95,16745.474736842105,2599.454409448604,0,17,0,30,36,12,12,12,0,12,0,0,95,148024.2,0,Nachod,east Bohemia,112709,48,20,7,3,10,73.5,8369,1.79,2.31,117,2854.0,2618,0,0,0.9290260532324149,-5446.199999999997,-57.32842105263155,4.257209850441291,4.5824439859667345,0.0,0.3157894736842105,0.03387564519866507,0.03646361162940431,0.12631578947368421,0.0,0.12631578947368421,0,0,0.0,0.15523324661136567
1080,2782,M,59,50,3,MONTHLY,1,4550.0,0,1,0,0,285697.7,292675.2,67,49392.9552238806,8677.55178525853,0,12,0,31,12,0,12,12,0,12,0,0,67,578372.9,0,Tachov,west Bohemia,51313,34,12,3,1,4,59.2,8930,3.52,4.2,108,1328.0,1452,0,0,0.9761595789462175,-6977.5,-104.14179104477611,5.784179114309612,5.925444198943109,0.0,0.4626865671641791,0.029649084668801902,0.030373194412340494,0.0,0.0,0.1791044776119403,0,0,0.0,0.1756839967547253
1081,2785,M,37,30,1,MONTHLY,1,6907.0,0,1,0,0,272572.3,245196.0,62,52366.97258064516,12098.228312296349,1,13,0,26,10,0,10,12,0,10,0,0,62,517768.3,0,Domazlice,west Bohemia,58400,65,16,4,1,6,52.4,8620,1.1,1.25,100,1089.0,1117,0,0,1.1116506794564347,27376.29999999999,441.55322580645145,5.2050421585902935,4.682264181348235,0.0,0.41935483870967744,0.04934105088295221,0.044385391737518265,0.0,0.0,0.16129032258064516,0,1,0.0,0.23102783521932782
1082,2786,M,48,40,3,MONTHLY,2,3827.0,0,1,0,0,164906.7,172599.2,82,36041.586585365854,5108.813398426413,0,12,0,34,24,0,12,12,0,12,0,0,82,337505.9,0,Karlovy Vary,west Bohemia,122603,25,21,6,2,8,80.0,8991,1.39,2.01,128,5198.0,5273,0,0,0.9554314272603813,-7692.5,-93.8109756097561,4.575456177807608,4.788890178050079,0.0,0.4146341463414634,0.0295992878207223,0.030980023239967888,0.0,0.0,0.14634146341463414,0,0,0.0,0.14174773872193436
1083,2789,F,48,40,3,MONTHLY,0,0.0,0,0,0,0,45381.7,62125.2,76,11669.126315789474,3389.532644573818,0,1,12,51,0,0,12,12,0,12,0,0,76,107506.9,0,Hl.m. Praha,Prague,1204953,0,0,0,1,1,100.0,12541,0.29,0.43,167,85677.0,99107,0,0,0.7304877891741194,-16743.5,-220.30921052631578,3.8890400850828137,5.323894721744378,0.0,0.8289473684210527,0.054559705957869235,0.07468941543780462,0.0,0.0,0.15789473684210525,0,0,0.0,0.2904701305690253
1084,2790,M,24,20,3,MONTHLY,2,4765.0,0,1,0,0,171568.2,177755.2,85,30805.174117647057,6948.599885573951,0,13,0,36,24,0,12,12,0,12,0,0,85,349323.4,0,Louny,north Bohemia,85852,41,23,4,2,4,59.8,8965,7.08,8.23,104,2653.0,2822,0,0,0.9651937046004843,-6187.0,-72.78823529411764,5.569460485591459,5.7703033692048225,0.0,0.4235294117647059,0.03909083889289287,0.04050051166576295,0.0,0.0,0.1411764705882353,0,0,0.0,0.22556599936870264
1085,2791,M,78,70,1,MONTHLY,2,3459.0,0,1,0,0,63211.3,73423.2,73,18262.031506849315,4165.563427906266,0,0,12,25,24,0,12,12,0,12,12,0,73,136634.5,0,Prostejov,south Moravia,110643,49,41,4,1,4,51.9,8441,3.45,4.48,115,1879.0,2252,0,0,0.86091725776049,-10211.899999999994,-139.88904109589032,3.461350944241451,4.020538458301425,0.0,0.5068493150684932,0.056733613189104616,0.06589903115275696,0.0,0.0,0.1643835616438356,0,0,0.0,0.22809967370519207
1086,2794,M,34,30,1,MONTHLY,1,8604.0,0,1,0,0,219944.5,213407.4,61,36615.21967213115,9563.355149106395,0,12,0,28,9,0,9,12,0,9,0,0,61,433351.9,0,Pisek,south Bohemia,70699,60,13,2,1,4,65.3,8968,2.83,3.35,131,1740.0,1910,0,0,1.0306320211951414,6537.100000000006,107.1655737704919,6.006914664707196,5.828379616753474,0.0,0.45901639344262296,0.044812668862965366,0.04348076514350845,0.0,0.0,0.14754098360655737,0,1,0.0,0.26118524577323043
1087,2796,M,25,20,1,MONTHLY,1,5259.0,0,1,0,0,107960.4,113303.2,71,26979.923943661972,5108.200470125457,0,17,0,30,12,0,12,12,0,12,0,0,71,221263.6,0,Cesky Krumlov,south Bohemia,58796,22,16,7,1,5,51.9,9045,3.13,3.6,124,1845.0,1879,0,0,0.9528451094055596,-5342.800000000003,-75.25070422535215,4.0015086856967095,4.199537412951706,0.0,0.4225352112676056,0.045084344220864526,0.04731550151838505,0.0,0.0,0.16901408450704225,0,0,0.0,0.18933339029391363
1088,2799,F,38,30,3,WEEKLY,2,6767.0,0,1,0,0,152612.3,150521.0,80,30878.997499999998,5983.004379093068,0,2,12,30,24,0,12,12,0,12,0,0,80,303133.3,0,Plzen - mesto,west Bohemia,170449,0,0,0,1,1,100.0,10787,2.64,3.09,131,6041.0,6261,0,0,1.0138937424013925,2091.2999999999884,26.141249999999854,4.942268608299217,4.874542964032431,0.0,0.525,0.03974863559963771,0.039203946071798064,0.0,0.0,0.15,0,1,0.0,0.193756431992103
1089,2801,M,80,80,2,MONTHLY,1,1673.0,0,1,0,0,55017.1,46061.2,61,34681.49344262295,5443.811422519728,0,0,12,25,12,0,12,12,0,12,12,0,61,101078.3,0,Prerov,north Moravia,138032,67,30,4,2,5,64.6,8819,5.38,5.66,99,4063.0,4505,0,0,1.1944347954460588,8955.900000000001,146.81803278688528,1.5863532546838062,1.3281204304596521,0.0,0.6065573770491803,0.11818648716315963,0.09894762578397857,0.0,0.0,0.19672131147540983,0,1,0.0,0.15696588820564972
1090,2805,M,35,30,3,MONTHLY,4,9177.0,1,1,0,0,301193.4,299299.2,110,58956.719090909086,11440.345019822083,0,12,0,38,48,12,12,12,0,12,0,0,110,600492.6,0,Opava,north Moravia,182027,17,49,12,2,7,56.4,8746,3.33,3.74,90,4355.0,4433,0,0,1.0063287840395163,1894.2000000000116,17.220000000000105,5.108720509626238,5.076591856112137,0.0,0.34545454545454546,0.03822377413578815,0.03798338549192008,0.10909090909090909,0.0,0.10909090909090909,1,1,0.0,0.19404650048761182
1091,2808,F,25,20,3,MONTHLY,1,1158.0,0,0,1,0,398881.60000000003,386843.2,69,65552.9695652174,24506.152892345843,0,13,0,44,0,0,12,12,0,0,0,0,69,785724.8,0,Jablonec n. Nisou,north Bohemia,88768,10,18,5,1,7,80.5,8867,1.02,1.21,130,3384.0,3620,0,1,1.0311195854030781,12038.400000000023,174.46956521739165,6.084874608207647,5.901230753782055,0.0,0.6376811594202898,0.06334905949580047,0.06143716053171126,0.0,0.0,0.0,0,1,0.0,0.37383741811978694
1092,2809,M,20,20,1,MONTHLY,5,8610.0,1,1,0,1,291182.8,312809.2,119,38261.16722689076,18936.39069186006,0,12,0,41,54,12,12,12,0,12,0,6,119,603992.0,0,Decin,north Bohemia,133777,24,17,7,3,11,84.7,8705,5.75,7.61,116,4650.0,4859,0,0,0.9308639259970614,-21626.400000000023,-181.7344537815128,7.6104003381096685,8.175631395274086,2.0605612694156386e-05,0.3445378151260504,0.06053655292702407,0.06503265540361608,0.10084033613445378,0.05042016806722689,0.10084033613445378,1,0,0.0,0.4949245426718494
1093,2810,M,28,20,1,MONTHLY,1,6446.0,0,1,0,0,293908.6,309427.2,78,51043.643589743595,10534.434596956578,0,12,0,42,12,0,12,12,0,12,0,0,78,603335.8,0,Olomouc,north Moravia,226122,32,50,7,4,4,62.6,8994,3.8,4.79,110,9672.0,9208,0,0,0.949847330809961,-15518.600000000035,-198.9564102564107,5.757986290364589,6.062012392512169,0.0,0.5384615384615384,0.034044953374999284,0.035842553082681416,0.0,0.0,0.15384615384615385,0,0,0.0,0.20638092926174464
1094,2813,M,58,50,2,MONTHLY,1,3422.0,0,1,0,0,346658.2,295847.2,72,49243.791666666664,28154.53128887546,0,17,0,31,12,0,12,12,0,12,0,0,72,642505.4,0,Karvina,north Moravia,285387,0,2,8,5,7,89.9,10177,6.63,7.75,81,9878.0,10108,0,0,1.1717474425987469,50811.0,705.7083333333334,7.039632576356919,6.007807075511211,0.0,0.4305555555555556,0.09516578588161544,0.08121697767101849,0.0,0.0,0.16666666666666666,0,1,0.0,0.5717376817661541
1095,2814,F,26,20,3,MONTHLY,1,13208.0,0,1,0,0,207055.19999999998,213288.2,62,21119.974193548387,7450.678082353585,0,1,12,25,12,0,12,12,0,12,0,0,62,420343.4,0,Prachatice,south Bohemia,51428,50,11,3,1,4,52.7,8402,3.13,3.98,120,999.0,1099,0,0,0.9707766299307696,-6233.000000000029,-100.5322580645166,9.803761979181303,10.098885445852208,0.0,0.5967741935483871,0.034932443906196334,0.03598401818623046,0.0,0.0,0.1935483870967742,0,0,0.0,0.3527787493523347
1096,2815,M,69,60,1,MONTHLY,1,1846.0,0,1,0,0,83145.9,68017.2,69,38285.52898550725,7334.129879043384,0,0,12,33,12,0,12,12,0,12,12,0,69,151163.1,0,Jablonec n. Nisou,north Bohemia,88768,10,18,5,1,7,80.5,8867,1.02,1.21,130,3384.0,3620,0,0,1.2224246220073747,15128.699999999997,219.2565217391304,2.1717317796882045,1.77657725522736,0.0,0.6521739130434783,0.10782757712818793,0.08820795588289242,0.0,0.0,0.17391304347826086,0,1,0.0,0.19156402101221257
1097,2818,M,36,30,3,MONTHLY,2,2263.0,0,1,0,0,41701.3,41701.2,70,20079.775714285715,2628.2134693943713,0,0,12,22,24,0,12,12,0,12,0,0,70,83402.5,0,Brno - mesto,south Moravia,387570,0,0,0,1,1,100.0,9897,1.6,1.96,140,18721.0,18696,0,0,1.0000023980125274,0.10000000000582077,0.0014285714286545823,2.0767811649575196,2.076776184822212,0.0,0.4857142857142857,0.06302488823809319,0.06302473710398407,0.0,0.0,0.17142857142857143,0,1,0.0,0.13088858694395347
1098,2819,M,19,10,1,MONTHLY,2,2075.0,0,1,0,0,38133.2,34645.2,68,16159.767647058823,1782.385544707553,0,0,12,20,24,0,12,12,0,12,0,0,68,72778.4,0,Mlada Boleslav,central Bohemia,112065,95,19,7,1,8,69.4,11277,1.25,1.44,127,5179.0,4987,0,0,1.1006777273619435,3488.0,51.294117647058826,2.3597616520767533,2.143916964443832,0.0,0.47058823529411764,0.05144682509287154,0.04674104309912499,0.0,0.0,0.17647058823529413,0,1,0.0,0.11029772108338191
1099,2821,F,19,10,2,MONTHLY,0,0.0,0,0,0,0,121333.5,65575.2,68,35902.291176470586,15089.071782997731,0,23,0,33,0,0,12,12,0,0,0,0,68,186908.7,0,Jicin,east Bohemia,77917,85,19,6,1,5,53.5,8390,2.28,2.89,132,2080.0,2122,0,0,1.8502955385572595,55758.3,819.975,3.3795475448519223,1.8264906737477593,0.0,0.4852941176470588,0.23010332843815545,0.12436031090340038,0.0,0.0,0.0,0,1,0.0,0.4202815833906085
1100,2824,M,58,50,3,MONTHLY,1,3058.0,0,1,0,0,73204.6,77571.2,69,15530.97971014493,2410.1703771590937,0,15,0,30,12,0,12,12,0,12,0,0,69,150775.8,0,Most,north Bohemia,119895,17,4,3,2,4,89.9,10446,7.34,9.4,90,4947.0,4743,0,0,0.9437084897487729,-4366.599999999991,-63.28405797101436,4.713456676025552,4.994610864717698,0.0,0.43478260869565216,0.031070427905705904,0.03292375584538531,0.0,0.0,0.17391304347826086,0,0,0.0,0.1551846967892667
1101,2829,F,60,60,1,MONTHLY,2,2047.0,0,1,0,0,37414.4,23617.399999999998,53,15797.27358490566,2155.5890177674396,0,0,12,16,16,0,9,9,0,8,0,0,53,61031.8,0,Decin,north Bohemia,133777,24,17,7,3,11,84.7,8705,5.75,7.61,116,4650.0,4859,0,0,1.5841879292386125,13797.000000000004,260.3207547169812,2.3684086876706094,1.4950301311845666,0.0,0.5283018867924528,0.0912712245110571,0.05761388710676744,0.0,0.0,0.1509433962264151,0,1,0.0,0.1364532307541417
1102,2830,M,25,20,3,MONTHLY,1,2164.0,0,1,0,0,40123.3,37813.2,64,23475.384375,1741.7300364155162,0,0,12,28,12,0,12,12,0,12,0,0,64,77936.5,0,Trutnov,east Bohemia,121947,37,28,7,3,11,70.5,8541,2.51,2.97,131,3496.0,3839,0,0,1.0610924227518435,2310.100000000006,36.09531250000009,1.709164772728029,1.6107595682339064,0.0,0.625,0.04606142924733998,0.043409441307557355,0.0,0.0,0.1875,0,1,0.0,0.07419388788668199
1103,2831,F,19,10,2,MONTHLY,2,8862.0,0,1,0,1,166926.1,153199.2,81,40400.24567901235,8449.647031948269,0,19,0,26,24,0,12,12,0,12,0,12,81,320125.3,0,Frydek - Mistek,north Moravia,228848,15,40,18,2,6,57.2,9893,4.09,4.72,96,5623.0,5887,0,0,1.089601642828422,13726.899999999994,169.46790123456782,4.131809032208856,3.792036345946925,7.188809898511976e-05,0.32098765432098764,0.05515464200823678,0.05061908851850171,0.0,0.14814814814814814,0.14814814814814814,0,1,0.0,0.20914840714292496
1104,2834,M,50,50,3,MONTHLY,2,6940.2,0,1,0,1,262292.8,279083.6,82,30097.26219512195,8273.889804063607,0,1,12,33,24,0,12,12,0,12,0,12,82,541376.4,0,Kolin,central Bohemia,95616,65,30,4,1,6,51.4,9307,3.85,4.43,118,2616.0,3040,0,0,0.9398359487981379,-16790.79999999999,-204.76585365853646,8.71483918701786,9.272723817558155,4.575039802846285e-05,0.5487804878048781,0.029646635646321057,0.03154447931496254,0.0,0.14634146341463414,0.14634146341463414,0,0,0.0,0.2749050644681099
1105,2843,F,33,30,1,MONTHLY,4,6443.0,1,1,0,1,265559.4,268595.2,113,48816.23185840708,10374.738802368416,0,12,0,45,44,12,12,12,0,12,0,8,113,534154.6,0,Karvina,north Moravia,285387,0,2,8,5,7,89.9,10177,6.63,7.75,81,9878.0,10108,0,0,0.9886974897540984,-3035.7999999999884,-26.865486725663615,5.439981536679498,5.502169867987114,3.0125086892047503e-05,0.39823008849557523,0.03862592779903891,0.03906748848795567,0.10619469026548672,0.07079646017699115,0.10619469026548672,1,0,0.0,0.2125264160589177
1106,2844,M,37,30,1,MONTHLY,2,9700.0,0,1,0,0,205373.1,193560.6,73,43383.41369863013,8185.46998775057,0,12,0,27,22,0,11,12,0,11,0,0,73,398933.7,0,Trutnov,east Bohemia,121947,37,28,7,3,11,70.5,8541,2.51,2.97,131,3496.0,3839,0,0,1.0610273991711123,11812.5,161.81506849315068,4.73390824951345,4.461626771572193,0.0,0.3698630136986301,0.042288926505448785,0.039856582910568955,0.0,0.0,0.1506849315068493,0,1,0.0,0.1886774066377592
1107,2846,F,30,30,1,MONTHLY,0,0.0,0,0,0,0,556461.9,563837.2,67,55336.158208955225,19739.739033913673,0,0,12,43,0,0,12,12,0,0,0,0,67,1120299.1,0,Hl.m. Praha,Prague,1204953,0,0,0,1,1,100.0,12541,0.29,0.43,167,85677.0,99107,0,0,0.9869194512174793,-7375.29999999993,-110.0791044776109,10.056026981467355,10.189308731388447,0.0,0.8208955223880597,0.03500964291450382,0.0354736578261938,0.0,0.0,0.0,0,0,0.0,0.35672406023154546
1108,2849,M,71,70,3,MONTHLY,1,3869.0,0,1,0,0,78441.7,77873.2,60,23716.501666666667,4708.533246103099,0,0,12,24,12,0,12,12,0,12,12,0,60,156314.9,0,Prachatice,south Bohemia,51428,50,11,3,1,4,52.7,8402,3.13,3.98,120,999.0,1099,0,0,1.0073003292531961,568.5,9.475,3.3074734673136517,3.2835028156555692,0.0,0.6,0.060464103775151136,0.060025894978093276,0.0,0.0,0.2,0,1,0.0,0.19853405499179927
1109,2850,M,29,20,1,MONTHLY,1,6114.0,0,1,0,0,125245.90000000001,124294.6,61,35880.688524590165,4218.142580927391,0,14,0,24,11,0,11,12,0,11,0,0,61,249540.5,0,Melnik,central Bohemia,94725,38,28,1,3,6,63.4,9920,2.26,2.87,130,4289.0,4846,0,0,1.0076535907432824,951.3000000000029,15.595081967213163,3.4906214219987737,3.4641085528449937,0.0,0.39344262295081966,0.03393665196176978,0.03367888753985073,0.0,0.0,0.18032786885245902,0,1,0.0,0.11756024631569054
1110,2853,F,43,40,2,MONTHLY,2,8965.0,0,1,0,1,135564.3,128615.2,81,19511.52962962963,5671.7138435054285,0,23,0,22,24,0,12,12,0,12,0,12,81,264179.5,0,Plzen - sever,west Bohemia,72541,66,26,10,0,8,36.9,8594,1.62,2.01,112,1580.0,1525,0,0,1.0540301612873129,6949.099999999991,85.79135802469125,6.947907343673152,6.591753821529644,8.851887997061174e-05,0.2716049382716049,0.04409831686694441,0.0418378130784095,0.0,0.14814814814814814,0.14814814814814814,0,1,0.0,0.290685248730706
1111,2856,M,76,70,2,MONTHLY,2,2124.0,0,1,0,0,83427.0,79233.2,79,25582.389873417724,4451.500241998369,0,0,12,31,24,0,12,12,0,12,12,0,79,162660.2,0,Pardubice,east Bohemia,162580,83,26,5,1,6,72.8,9538,1.51,1.81,111,6079.0,5410,0,0,1.0529298324439755,4193.800000000003,53.08607594936713,3.2611104909587723,3.097177409618404,0.0,0.5443037974683544,0.05618225998695458,0.05335802847996895,0.0,0.0,0.1518987341772152,0,1,0.0,0.1740064264529037
1112,2857,M,72,70,1,MONTHLY,1,2033.0,0,1,0,0,72098.9,70261.2,68,25034.023529411767,4900.084269702346,0,0,12,32,12,0,12,12,0,12,12,0,68,142360.1,0,Decin,north Bohemia,133777,24,17,7,3,11,84.7,8705,5.75,7.61,116,4650.0,4859,0,0,1.0261552606559523,1837.699999999997,27.024999999999956,2.880036439819314,2.80662834391971,0.0,0.6470588235294118,0.06974097040332854,0.0679633707269091,0.0,0.0,0.17647058823529413,0,1,0.0,0.19573698426644745
1113,2858,F,73,70,2,MONTHLY,1,3061.0,0,1,0,0,62469.200000000004,56177.2,62,23083.229032258063,4136.845658045214,0,0,12,26,12,0,12,12,0,12,12,0,62,118646.4,0,Havlickuv Brod,east Bohemia,95907,87,25,5,2,7,59.1,8388,2.41,2.94,87,1658.0,1668,0,0,1.112002734205336,6292.000000000007,101.48387096774205,2.7062591595266556,2.433680310562018,0.0,0.6129032258064516,0.07363922833543171,0.06622216481154254,0.0,0.0,0.1935483870967742,0,1,0.0,0.17921434008492082
1114,2860,M,41,40,1,MONTHLY,2,9279.0,0,1,0,0,259596.2,255123.2,79,38713.251898734175,8266.008598034772,0,12,0,31,24,0,12,12,0,12,0,0,79,514719.39999999997,0,Plzen - sever,west Bohemia,72541,66,26,10,0,8,36.9,8594,1.62,2.01,112,1580.0,1525,0,0,1.0175327057672527,4473.0,56.620253164556964,6.705615965278498,6.590074134494031,0.0,0.3924050632911392,0.03240006631319602,0.031841793516371855,0.0,0.0,0.1518987341772152,0,1,0.0,0.2135188389664845
1115,2869,M,24,20,1,MONTHLY,1,2331.0,0,1,0,0,42586.5,35880.4,52,15129.863461538462,3128.1297778497196,0,0,12,19,9,0,9,12,0,9,0,0,52,78466.9,0,Hl.m. Praha,Prague,1204953,0,0,0,1,1,100.0,12541,0.29,0.43,167,85677.0,99107,0,0,1.1869014838184635,6706.0999999999985,128.9634615384615,2.814731283481764,2.3714952941387315,0.0,0.5961538461538461,0.08718213224628821,0.07345355401006703,0.0,0.0,0.17307692307692307,0,1,0.0,0.20675201635505305
1116,2870,M,40,40,2,MONTHLY,2,7301.0,0,1,0,0,308318.1,326007.2,83,57106.26144578314,11333.113218049559,0,12,0,35,24,0,12,12,0,12,0,0,83,634325.3,0,Rokycany,west Bohemia,45714,52,10,5,1,6,55.6,8843,2.82,3.6,113,818.0,888,0,0,0.9457401554321498,-17689.100000000035,-213.12168674698836,5.399024418587061,5.70878204502167,0.0,0.42168674698795183,0.03476338319536979,0.03675785890627102,0.0,0.0,0.14457831325301204,0,0,0.0,0.19845657780993511
1117,2872,F,66,60,2,MONTHLY,2,1957.0,0,1,0,0,53792.5,54399.2,76,20694.127631578947,2740.8071181848945,0,0,12,28,24,0,12,12,0,12,12,0,76,108191.7,0,Vsetin,north Moravia,148545,8,35,12,3,4,53.5,8909,4.01,5.56,113,3460.0,3590,0,0,0.9888472624597421,-606.6999999999971,-7.982894736842067,2.5994089220708876,2.628726417874585,0.0,0.5263157894736842,0.0503832247199388,0.05095147312701389,0.0,0.0,0.15789473684210525,0,0,0.0,0.13244371383901496
1118,2873,F,24,20,3,MONTHLY,1,9612.0,0,1,0,0,664545.4,633310.2,83,71777.08795180723,23841.298433443928,0,22,0,37,12,0,12,12,0,12,0,0,83,1297855.6,0,Jindrichuv Hradec,south Bohemia,93931,74,21,10,1,8,56.9,8427,1.12,1.54,107,1874.0,1913,0,0,1.0493205383396638,31235.20000000007,376.32771084337435,9.25846142499109,8.823291917682964,0.0,0.4457831325301205,0.0376455304737614,0.03587610181854231,0.0,0.0,0.14457831325301204,0,1,0.0,0.3321575047660267
1119,2874,M,27,20,3,MONTHLY,3,3381.0,1,1,0,0,66662.4,64747.2,80,14121.285,2523.74203927121,0,12,0,20,36,12,12,12,0,12,0,0,80,131409.6,0,Chrudim,east Bohemia,105606,77,26,7,2,7,53.0,8254,2.79,3.76,97,2166.0,2325,0,0,1.0295796574987026,1915.199999999997,23.939999999999962,4.720703533708157,4.585078482588518,0.0,0.25,0.038978396583500295,0.03785855353649449,0.15,0.0,0.15,0,1,0.0,0.178719007460809
1120,2877,M,67,60,2,MONTHLY,1,3123.0,0,1,0,0,74617.8,84011.2,65,25834.887692307693,5621.09873530377,0,0,12,29,12,0,12,12,0,12,12,0,65,158629.0,0,Kromeriz,south Moravia,108871,41,29,7,2,6,62.1,8444,3.24,3.47,106,2595.0,2305,0,0,0.8881887176947836,-9393.399999999994,-144.51384615384606,2.8882571849622307,3.251850791866002,0.0,0.6307692307692307,0.06690892089749664,0.07533187436916888,0.0,0.0,0.18461538461538463,0,0,0.0,0.21757782740342413
1121,2879,M,22,20,2,MONTHLY,1,4282.0,0,0,1,0,625250.2,621617.2,63,56174.44126984126,21573.929368618512,0,0,12,39,0,0,12,12,0,0,0,0,63,1246867.4,0,Teplice,north Bohemia,128118,9,16,6,3,8,85.3,9317,6.49,7.07,97,6949.0,6872,0,0,1.005844432876053,3633.0,57.666666666666664,11.130510350722119,11.065836810267156,0.0,0.8095238095238095,0.03470613324183841,0.03450447415869441,0.0,0.0,0.0,0,1,0.0,0.38405240676957203
1122,2883,M,46,40,3,MONTHLY,1,2328.0,0,1,0,0,43201.8,40671.2,56,26684.98392857143,1911.0756456915028,0,0,12,20,12,0,12,12,0,12,0,0,56,83873.0,0,Sokolov,west Bohemia,94812,15,13,8,2,10,81.8,9650,3.38,3.67,100,2985.0,2804,0,0,1.0622209327484806,2530.600000000006,45.189285714285816,1.6189554438421128,1.5241230839361166,0.0,0.5714285714285714,0.046988425364668435,0.0442360190013264,0.0,0.0,0.21428571428571427,0,1,0.0,0.07161614377610051
1123,2889,M,56,50,3,MONTHLY,2,5545.0,0,1,1,0,147078.3,150339.2,72,30924.225000000002,5076.2476003927295,0,13,0,35,12,0,12,12,0,12,0,0,72,297417.5,0,Praha - vychod,central Bohemia,92084,55,29,4,3,5,46.7,10124,0.56,0.54,141,3810.0,4316,0,0,0.9783097156297225,-3260.9000000000233,-45.2902777777781,4.7560868542380605,4.861534929331293,0.0,0.4861111111111111,0.03376529607974985,0.03451391266007786,0.0,0.0,0.16666666666666666,0,0,0.0,0.1641511662909169
1124,2893,F,72,70,3,MONTHLY,1,2548.0,0,1,0,0,51527.9,46341.2,56,23152.0625,2923.843355371487,0,0,12,20,12,0,12,12,0,12,12,0,56,97869.1,0,Benesov,central Bohemia,88884,80,26,6,2,5,46.7,8507,1.67,1.85,132,2159.0,2674,0,0,1.1119241625162923,5186.700000000004,92.61964285714294,2.2256289261485884,2.001601369208467,0.0,0.5714285714285714,0.06309382051762767,0.05674291704826875,0.0,0.0,0.21428571428571427,0,1,0.0,0.1262886775366768
1125,2896,F,24,20,2,MONTHLY,0,0.0,0,0,0,0,56143.0,65975.2,71,29969.661971830985,5710.153583808062,0,30,0,29,0,0,12,12,0,0,0,0,71,122118.2,0,Hl.m. Praha,Prague,1204953,0,0,0,1,1,100.0,12541,0.29,0.43,167,85677.0,99107,0,0,0.8509712740544932,-9832.199999999997,-138.48169014084502,1.8733277690208785,2.2013995373725352,0.0,0.4084507042253521,0.08655000036086381,0.10170731139782452,0.0,0.0,0.0,0,0,0.0,0.19053113075399836
1126,2899,M,81,80,2,MONTHLY,1,2782.0,0,1,0,0,83853.0,81009.2,67,34044.78208955224,4193.69429811449,0,0,12,31,12,0,12,12,0,12,12,0,67,164862.2,0,Jindrichuv Hradec,south Bohemia,93931,74,21,10,1,8,56.9,8427,1.12,1.54,107,1874.0,1913,0,0,1.035104654779951,2843.800000000003,42.44477611940303,2.463020611482576,2.3794894555915027,0.0,0.6417910447761194,0.051768123844137336,0.05001245391476143,0.0,0.0,0.1791044776119403,0,1,0.0,0.12318170482287985
1127,2911,M,67,60,3,MONTHLY,1,3410.0,0,1,0,0,75374.40000000001,69655.2,58,41639.950000000004,4260.766055339502,0,0,12,22,12,0,12,12,0,12,12,0,58,145029.6,0,Brno - mesto,south Moravia,387570,0,0,0,1,1,100.0,9897,1.6,1.96,140,18721.0,18696,0,0,1.0821072942149332,5719.200000000012,98.60689655172433,1.8101462657856218,1.6727973976913995,0.0,0.5862068965517241,0.06116938944026436,0.05652802616457977,0.0,0.0,0.20689655172413793,0,1,0.0,0.10232399547404598
1128,2913,M,37,30,3,MONTHLY,0,0.0,0,0,0,0,290917.2,296135.2,61,55242.54590163934,12190.357605071502,0,12,0,37,0,0,12,12,0,0,0,0,61,587052.4,0,Jesenik,north Moravia,42821,4,13,5,1,3,48.4,8173,0.0,7.01,124,0.0,1358,0,0,0.9823796698264846,-5218.0,-85.54098360655738,5.266180174208208,5.3606363567543704,0.0,0.6065573770491803,0.041164838239667226,0.041903186216117515,0.0,0.0,0.0,0,0,0.0,0.2206697284874727
1129,2916,M,27,20,1,MONTHLY,2,1966.0,0,1,0,0,36192.5,39877.2,77,15578.153246753247,1901.9408825408068,0,0,12,29,24,0,12,12,0,12,0,0,77,76069.7,0,Hl.m. Praha,Prague,1204953,0,0,0,1,1,100.0,12541,0.29,0.43,167,85677.0,99107,0,0,0.9075988284031978,-3684.699999999997,-47.853246753246715,2.323285656953152,2.559815619242999,0.0,0.5324675324675324,0.04769494554634746,0.05255069095919892,0.0,0.0,0.15584415584415584,0,0,0.0,0.12209026656848454
1130,2920,F,37,30,3,MONTHLY,2,3162.0,0,1,0,0,62463.6,43519.2,63,17694.21746031746,6033.832555268072,0,12,0,15,24,0,12,12,0,12,0,0,63,105982.8,0,Chrudim,east Bohemia,105606,77,26,7,2,7,53.0,8254,2.79,3.76,97,2166.0,2325,0,0,1.435311310869685,18944.4,300.70476190476194,3.5301702457362762,2.459515381089885,0.0,0.23809523809523808,0.13864759819270742,0.0965975793144819,0.0,0.0,0.19047619047619047,0,1,0.0,0.341005900306134
1131,2922,M,59,50,3,MONTHLY,1,7984.3,0,0,0,1,493042.1,448559.5,76,58571.45131578947,27000.117170740792,0,21,0,42,1,0,12,12,0,0,0,1,76,941601.6,0,Karlovy Vary,west Bohemia,122603,25,21,6,2,8,80.0,8991,1.39,2.01,128,5198.0,5273,0,0,1.0991676689491583,44482.59999999998,585.2973684210523,8.417788682437642,7.658329952959165,2.0282243646130826e-06,0.5526315789473685,0.0601929446834607,0.05476229549310453,0.0,0.013157894736842105,0.0,0,1,0.0,0.46097743122616125
1132,2924,F,58,50,1,MONTHLY,3,2127.0,1,1,0,0,42922.0,33589.2,78,27360.60769230769,3040.2681076992694,0,0,12,18,36,12,12,12,0,12,0,0,78,76511.2,0,Pisek,south Bohemia,70699,60,13,2,1,4,65.3,8968,2.83,3.35,131,1740.0,1910,0,0,1.2778512140807166,9332.800000000003,119.6512820512821,1.5687517062008576,1.227648171332227,0.0,0.38461538461538464,0.0905132634209588,0.0708323961534707,0.15384615384615385,0.0,0.15384615384615385,0,1,0.0,0.11111844232005223
1133,2928,M,67,60,3,MONTHLY,2,2811.0,0,1,0,0,68849.5,70297.2,73,14856.757534246575,2209.2720687113842,0,0,12,25,24,0,12,12,0,12,12,0,73,139146.7,0,Sokolov,west Bohemia,94812,15,13,8,2,10,81.8,9650,3.38,3.67,100,2985.0,2804,0,0,0.9794060076361506,-1447.699999999997,-19.83150684931503,4.6342211509674165,4.731665024347114,0.0,0.5068493150684932,0.03142759695565946,0.03208842575053391,0.0,0.0,0.1643835616438356,0,0,0.0,0.14870486131437172
1134,2929,M,41,40,1,MONTHLY,1,14138.0,0,1,0,0,877605.4,838936.0,88,80005.94431818182,26980.395348895945,0,29,0,37,10,0,10,12,0,10,0,0,88,1716541.4,0,Hl.m. Praha,Prague,1204953,0,0,0,1,1,100.0,12541,0.29,0.43,167,85677.0,99107,0,0,1.0460933849542755,38669.40000000002,439.42500000000024,10.969252440915932,10.485920854375152,0.0,0.42045454545454547,0.03216025459498215,0.030743196599400988,0.0,0.0,0.11363636363636363,0,1,0.0,0.33722988433953766
1135,2930,M,58,50,3,MONTHLY,1,5936.0,0,1,0,0,123473.5,127307.2,74,30627.697297297298,3960.9659209392244,0,17,0,33,12,0,12,12,0,12,0,0,74,250780.7,0,Usti nad Labem,north Bohemia,118650,8,8,5,1,3,85.6,9832,3.32,4.48,114,6445.0,5471,0,0,0.9698862279588272,-3833.699999999997,-51.80675675675672,4.031432686612576,4.156603702989909,0.0,0.44594594594594594,0.03111344779352012,0.032079482001718784,0.0,0.0,0.16216216216216217,0,0,0.0,0.12932627231132895
1136,2932,F,59,50,3,WEEKLY,3,8706.0,1,1,0,0,162485.6,140758.0,80,23677.14,9597.272057054228,0,15,0,17,36,12,12,12,0,12,0,0,80,303243.6,0,Karvina,north Moravia,285387,0,2,8,5,7,89.9,10177,6.63,7.75,81,9878.0,10108,0,0,1.1543613862089543,21727.600000000006,271.5950000000001,6.862551811578594,5.9448903034741525,0.0,0.2125,0.06818278220104171,0.05906536983618381,0.15,0.0,0.15,0,1,0.0,0.40533916077086285
1137,2933,M,57,50,3,MONTHLY,0,0.0,0,0,0,0,206150.7,207915.2,63,38793.93650793651,8658.429696140085,0,12,0,39,0,0,12,12,0,0,0,0,63,414065.9,0,Olomouc,north Moravia,226122,32,50,7,4,4,62.6,8994,3.8,4.79,110,9672.0,9208,0,0,0.9915133669880798,-1764.5,-28.00793650793651,5.313992818383499,5.359476730531445,0.0,0.6190476190476191,0.041644043803147075,0.04200048651855213,0.0,0.0,0.0,0,0,0.0,0.22319028372819896
1138,2935,F,55,50,3,MONTHLY,2,7155.0,0,1,0,0,196801.1,186635.2,82,55496.887804878046,9890.880844749603,0,13,0,33,24,0,12,12,0,12,0,0,82,383436.3,0,Trebic,south Moravia,117897,139,28,5,1,6,53.8,8814,4.76,5.74,107,2112.0,2059,0,0,1.0544693605493498,10165.899999999994,123.97439024390236,3.546164619031153,3.3629849777557297,0.0,0.4024390243902439,0.05299579524521421,0.05025825996272177,0.0,0.0,0.14634146341463414,0,1,0.0,0.17822406329387389
1139,2936,F,54,50,2,MONTHLY,0,0.0,0,0,0,0,118968.7,124655.2,55,31467.752727272724,5681.434627179042,0,12,0,31,0,0,12,12,0,0,0,0,55,243623.9,0,Beroun,central Bohemia,75232,55,26,4,1,5,41.7,8980,1.95,2.21,111,2824.0,2813,0,0,0.9543821677715811,-5686.5,-103.39090909090909,3.780654469707055,3.961363274980956,0.0,0.5636363636363636,0.045577197158073166,0.047755709082969236,0.0,0.0,0.0,0,0,0.0,0.18054783499855745
1140,2937,M,50,50,1,MONTHLY,4,5286.0,1,1,1,0,94372.6,90763.2,95,27293.137894736843,4590.514160262443,0,19,0,28,36,12,12,12,0,12,0,0,95,185135.8,0,Ostrava - mesto,north Moravia,323870,0,0,0,1,1,100.0,10673,4.75,5.44,100,18782.0,18347,0,0,1.03976721843214,3609.4000000000087,37.99368421052641,3.4577409297521133,3.3254952343718087,0.0,0.29473684210526313,0.05057682144594332,0.04864244664513261,0.12631578947368421,0.0,0.12631578947368421,0,1,0.0,0.1681929786881584
1141,2939,M,81,80,3,MONTHLY,1,1757.0,0,1,0,0,58212.5,64799.2,67,32808.2671641791,4234.562193798537,0,0,12,31,12,0,12,12,0,12,12,0,67,123011.7,0,Novy Jicin,north Moravia,161227,5,35,11,4,10,69.7,8678,5.93,5.57,102,4980.0,4595,0,0,0.8983521401498784,-6586.699999999997,-98.30895522388056,1.774324127168712,1.9750875496024187,0.0,0.6417910447761194,0.06534898878070311,0.07274317704614193,0.0,0.0,0.1791044776119403,0,0,0.0,0.12906997411987486
1142,2940,M,34,30,3,MONTHLY,1,2927.0,0,1,0,0,60721.0,64519.2,60,16014.966666666667,3257.632091506931,0,14,0,22,12,0,12,12,0,12,0,0,60,125240.2,0,Pelhrimov,south Bohemia,74062,99,15,4,2,7,61.4,8114,2.38,2.62,119,1003.0,1181,0,0,0.9411307021785763,-3798.199999999997,-63.303333333333285,3.791515852879286,4.028681504176301,0.0,0.36666666666666664,0.050490894051800565,0.05364918383272559,0.0,0.0,0.2,0,0,0.0,0.20341173099581417
1143,2941,M,48,40,3,MONTHLY,2,9537.9,0,1,1,0,477532.7,475939.2,80,41426.33625,24246.635418888898,0,17,0,39,12,0,12,12,0,12,0,0,80,953471.9,0,Louny,north Bohemia,85852,41,23,4,2,4,59.8,8965,7.08,8.23,104,2653.0,2822,0,0,1.0033481167342384,1593.5,19.91875,11.527273305517092,11.48880743708056,0.0,0.4875,0.050944816940669935,0.05077481692644063,0.0,0.0,0.15,0,1,0.0,0.5852951917486765
1144,2942,F,33,30,3,MONTHLY,0,0.0,0,0,0,0,119625.8,96935.2,63,49851.15079365079,8522.95442842394,0,13,0,38,0,0,12,12,0,0,0,0,63,216561.0,0,Bruntal,north Moravia,106054,38,25,6,2,6,63.1,8110,5.77,6.55,109,3244.0,3079,0,0,1.234080086490769,22690.600000000006,360.1682539682541,2.399659748982885,1.9444927239743077,0.0,0.6031746031746031,0.08792424659384765,0.0712467914816364,0.0,0.0,0.0,0,1,0.0,0.17096805776265955
1145,2943,F,19,10,1,MONTHLY,2,1994.0,0,1,0,0,36535.7,19413.399999999998,54,16065.00925925926,3076.9539094461666,0,0,12,14,16,0,9,12,0,8,0,0,54,55949.1,0,Hl.m. Praha,Prague,1204953,0,0,0,1,1,100.0,12541,0.29,0.43,167,85677.0,99107,0,0,1.8819835783530965,17122.3,317.0796296296296,2.2742408305144433,1.208427563700958,0.0,0.48148148148148145,0.15849639472973137,0.08421773524104278,0.0,0.0,0.14814814814814814,0,1,0.0,0.19153141213863462
1146,2953,M,63,60,1,MONTHLY,1,6372.0,0,1,0,0,165160.3,144739.2,72,31820.612500000003,8592.095237098029,0,16,0,32,12,0,12,12,0,12,0,0,72,309899.5,0,Beroun,central Bohemia,75232,55,26,4,1,5,41.7,8980,1.95,2.21,111,2824.0,2813,0,0,1.1410889378965752,20421.099999999977,283.6263888888886,5.190355779606692,4.548598805255556,0.0,0.4444444444444444,0.059362600021956924,0.05202276356423444,0.0,0.0,0.16666666666666666,0,1,0.0,0.2700166515367367
1147,2962,M,61,60,3,MONTHLY,1,2190.0,0,1,0,0,40555.5,39625.2,54,22458.029629629633,2464.3250930809727,0,0,12,18,12,0,12,12,0,12,0,0,54,80180.7,0,Hl.m. Praha,Prague,1204953,0,0,0,1,1,100.0,12541,0.29,0.43,167,85677.0,99107,0,0,1.0234774840253174,930.3000000000029,17.22777777777783,1.8058351809498803,1.7644112441512296,0.0,0.5555555555555556,0.062190855644412464,0.06076426361605634,0.0,0.0,0.2222222222222222,0,1,0.0,0.10973024498238731
1148,2964,M,21,20,2,MONTHLY,0,0.0,0,0,0,0,131896.0,108725.2,76,31346.665789473685,16392.35358282678,0,30,0,34,0,0,12,12,0,0,0,0,76,240621.2,0,Mlada Boleslav,central Bohemia,112065,95,19,7,1,8,69.4,11277,1.25,1.44,127,5179.0,4987,0,0,1.2131134272459374,23170.800000000003,304.8789473684211,4.207656434206509,3.4684773407866007,0.0,0.4473684210526316,0.1507686680072953,0.12428241631912099,0.0,0.0,0.0,0,1,0.0,0.5229377086838815
1149,2966,M,44,40,1,MONTHLY,2,13741.3,0,1,0,1,352679.5,379006.6,84,38140.10952380953,14440.39077106686,0,5,12,36,19,0,12,12,0,11,0,8,84,731686.1,0,Znojmo,south Moravia,114200,101,41,4,1,4,43.7,8403,5.74,5.72,105,2157.0,2718,0,0,0.9305365658539984,-26327.099999999977,-313.41785714285686,9.246945129505582,9.937218448819594,2.2683484580192497e-05,0.5714285714285714,0.03810063141662141,0.04094479767343115,0.0,0.09523809523809523,0.13095238095238096,0,0,0.0,0.37861429742492564
1150,2967,F,38,30,3,MONTHLY,1,3834.0,0,1,0,0,78112.5,83283.2,64,21461.94375,4024.388947597836,0,15,0,25,12,0,12,12,0,12,0,0,64,161395.7,0,Sumperk,north Moravia,127369,31,32,13,2,7,51.2,8369,4.73,5.88,107,3736.0,2807,0,0,0.9379142492123261,-5170.699999999997,-80.79218749999995,3.639581806284438,3.8805059304099614,0.0,0.390625,0.04832173772859155,0.051520421796739775,0.0,0.0,0.1875,0,0,0.0,0.1875127898235143
1151,2968,M,37,30,3,WEEKLY,0,0.0,0,0,0,0,338400.9,336506.0,55,34086.41454545454,13903.487518277405,0,0,12,31,0,0,12,12,0,0,0,0,55,674906.9,0,Teplice,north Bohemia,128118,9,16,6,3,8,85.3,9317,6.49,7.07,97,6949.0,6872,0,0,1.005631103160122,1894.9000000000233,34.4527272727277,9.927735272618344,9.872144210159334,0.0,0.7818181818181819,0.04131720539389314,0.04108584675240936,0.0,0.0,0.0,0,1,0.0,0.4078894100092862
1152,2971,F,22,20,3,MONTHLY,1,435.0,0,0,1,0,108085.4,100475.2,64,33473.15,7838.163619356866,0,17,0,35,0,0,12,12,0,0,0,0,64,208560.6,0,Hl.m. Praha,Prague,1204953,0,0,0,1,1,100.0,12541,0.29,0.43,167,85677.0,99107,0,0,1.0757420736659393,7610.199999999997,118.90937499999995,3.2290178844835333,3.0016655140015205,0.0,0.546875,0.07801092826246542,0.07251824593660999,0.0,0.0,0.0,0,1,0.0,0.234162713080689
1153,2974,F,48,40,2,MONTHLY,1,3077.0,0,1,0,0,202618.1,212759.2,68,31797.73823529412,7071.680858141984,0,12,0,32,12,0,12,12,0,12,0,0,68,415377.3,0,Breclav,south Moravia,124605,11,42,14,1,8,46.0,8772,4.69,4.98,126,2854.0,3158,0,0,0.9523353161696415,-10141.100000000006,-149.13382352941184,6.372091577730602,6.691016776905424,0.0,0.47058823529411764,0.03323795567073942,0.03490152586635638,0.0,0.0,0.17647058823529413,0,0,0.0,0.22239571902295624
1154,2975,F,56,50,3,TRANSACTION,3,12828.0,0,1,1,0,251548.1,259896.0,69,34878.51304347826,25002.816613497962,0,13,0,20,24,0,12,12,0,12,0,0,69,511444.10000000003,0,Decin,north Bohemia,133777,24,17,7,3,11,84.7,8705,5.75,7.61,116,4650.0,4859,0,0,0.9678798442453905,-8347.899999999994,-120.98405797101441,7.212122250923641,7.451464449646212,0.0,0.2898550724637681,0.09620316054690323,0.09939576809961181,0.0,0.0,0.17391304347826086,0,0,0.0,0.7168544307588566
1155,2978,F,51,50,3,MONTHLY,1,5332.0,0,1,0,0,298425.1,267099.2,75,47574.049333333336,15867.652813944622,11,13,0,27,12,0,12,12,0,12,0,0,75,565524.3,0,Decin,north Bohemia,133777,24,17,7,3,11,84.7,8705,5.75,7.61,116,4650.0,4859,0,0,1.1172818937683078,31325.899999999965,417.6786666666662,6.272854721889415,5.614388595104384,0.0,0.36,0.05940733934787008,0.053171307688075244,0.0,0.0,0.16,0,1,0.0,0.33353588850017774
1156,2981,F,50,50,2,MONTHLY,3,7658.0,1,1,0,0,244907.5,253591.2,98,35147.619387755105,8760.789601196022,0,12,0,38,36,12,12,12,0,12,0,0,98,498498.7,0,Jindrichuv Hradec,south Bohemia,93931,74,21,10,1,8,56.9,8427,1.12,1.54,107,1874.0,1913,0,0,0.9657570925174059,-8683.700000000012,-88.6091836734695,6.967968365030209,7.215032039647821,0.0,0.3877551020408163,0.034546899108470724,0.035771830593983533,0.12244897959183673,0.0,0.12244897959183673,0,0,0.0,0.24925698393809703
1157,2982,F,26,20,2,MONTHLY,4,5192.0,1,1,0,0,570475.6,555120.2,107,81932.1168224299,19006.73742352157,0,0,12,35,48,12,12,12,0,12,0,0,107,1125595.8,0,Kutna Hora,central Bohemia,77963,60,23,4,2,4,51.5,8546,2.95,4.02,126,2640.0,3120,0,0,1.0276613965768135,15355.400000000023,143.5084112149535,6.962783608244641,6.775367481388313,0.0,0.4392523364485981,0.03423895837968348,0.033317353842165325,0.11214953271028037,0.0,0.11214953271028037,1,1,0.0,0.23198152520231535
1158,2984,F,36,30,2,MONTHLY,2,5342.0,0,1,1,0,217810.6,209123.2,74,55032.163513513515,10929.021274363948,12,13,0,25,12,0,12,12,0,12,0,0,74,426933.8,0,Prostejov,south Moravia,110643,49,41,4,1,4,51.9,8441,3.45,4.48,115,1879.0,2252,0,0,1.0415420192498968,8687.399999999994,117.39729729729721,3.957878195112485,3.8000177832123283,0.0,0.33783783783783783,0.05226116124066554,0.05017671901350966,0.0,0.0,0.16216216216216217,0,1,0.0,0.1985933420858559
1159,2990,F,61,60,3,MONTHLY,1,2854.0,0,1,0,0,52346.2,60093.2,59,18340.19152542373,3553.0499969447364,0,0,12,23,12,0,12,12,0,12,12,0,59,112439.4,0,Ceska Lipa,north Bohemia,105058,32,19,7,2,10,81.0,9272,2.8,3.22,118,4340.0,4505,0,0,0.8710835835002962,-7747.0,-131.3050847457627,2.854179572085499,3.2765851936004586,0.0,0.5932203389830508,0.059125658093507026,0.06787598711930831,0.0,0.0,0.2033898305084746,0,0,0.0,0.19373025587106826
1160,2994,M,36,30,3,MONTHLY,3,3991.0,1,1,0,0,81571.2,86767.2,91,16629.86043956044,2709.1508615504986,0,15,0,28,36,12,12,12,0,12,0,0,91,168338.4,0,Pisek,south Bohemia,70699,60,13,2,1,4,65.3,8968,2.83,3.35,131,1740.0,1910,0,0,0.9401156197272702,-5196.0,-57.0989010989011,4.905104302977306,5.217554309330898,0.0,0.3076923076923077,0.031223214089546494,0.03321210012296618,0.13186813186813187,0.0,0.13186813186813187,0,0,0.0,0.16290881522407452
1161,2996,M,34,30,1,MONTHLY,0,0.0,0,0,0,0,9700.0,13400.0,12,25033.333333333332,3326.022285316838,0,6,0,6,0,0,0,0,0,0,0,0,12,23100.0,10,Hl.m. Praha,Prague,1204953,0,0,0,1,1,100.0,12541,0.29,0.43,167,85677.0,99107,0,0,0.7238805970149254,-3700.0,-308.3333333333333,0.3874833555259654,0.5352862849533955,0.0,0.5,0.2482106183072267,0.34288889539348844,0.0,0.0,0.0,0,0,0.0,0.13286373975966065
1162,2997,F,58,50,2,MONTHLY,5,9369.0,1,1,1,0,151823.7,158351.2,101,23806.37623762376,5247.028665447684,0,13,0,28,48,12,12,12,0,12,0,0,101,310174.9,0,Hl.m. Praha,Prague,1204953,0,0,0,1,1,100.0,12541,0.29,0.43,167,85677.0,99107,0,0,0.9587783357499028,-6527.5,-64.62871287128714,6.377438484739092,6.651629732279064,0.0,0.27722772277227725,0.03313538934626124,0.03456001049538171,0.1188118811881188,0.0,0.1188118811881188,1,0,0.0,0.22040434096623424
1163,2999,F,20,20,3,MONTHLY,4,4870.0,1,1,0,0,193219.8,195715.2,107,22528.228037383178,5856.696691738253,0,12,0,35,48,12,12,12,0,12,0,0,107,388935.0,0,Ostrava - mesto,north Moravia,323870,0,0,0,1,1,100.0,10673,4.75,5.44,100,18782.0,18347,0,0,0.9872498405846862,-2495.4000000000233,-23.321495327103023,8.576786406785853,8.687554106573835,0.0,0.32710280373831774,0.029924587828325307,0.030311058658265114,0.11214953271028037,0.0,0.11214953271028037,1,0,0.0,0.2599714758754969
1164,3001,M,41,40,3,MONTHLY,1,2043.0,0,0,0,1,567288.0,542883.2,90,43762.101111111115,28563.413535726435,0,22,0,56,0,0,12,12,0,0,0,0,90,1110171.2,0,Hl.m. Praha,Prague,1204953,0,0,0,1,1,100.0,12541,0.29,0.43,167,85677.0,99107,0,0,1.0449540527317847,24404.800000000047,271.16444444444494,12.962997333232856,12.405327582915413,0.0,0.6222222222222222,0.05261428892204886,0.05035081569806947,0.0,0.0,0.0,0,1,0.0,0.6526974896201736
1165,3002,F,44,40,1,MONTHLY,5,4717.0,1,1,1,0,73058.6,67046.0,92,23372.847826086956,3839.1845838532354,0,17,0,23,40,10,10,12,0,10,0,0,92,140104.6,0,Havlickuv Brod,east Bohemia,95907,87,25,5,2,7,59.1,8388,2.41,2.94,87,1658.0,1668,0,0,1.089678728037467,6012.600000000006,65.35434782608702,3.12578940074464,2.8685421861673386,0.0,0.25,0.05726194827213011,0.05254938616197457,0.10869565217391304,0.0,0.10869565217391304,0,1,0.0,0.16425831428073714
1166,3003,F,26,20,3,MONTHLY,1,2030.0,0,1,0,0,37668.9,36415.2,52,22956.009615384617,2628.7150477110654,0,0,12,16,12,0,12,12,0,12,0,0,52,74084.1,0,Kolin,central Bohemia,95616,65,30,4,1,6,51.4,9307,3.85,4.43,118,2616.0,3040,0,0,1.0344279311935676,1253.7000000000044,24.10961538461547,1.64091671989696,1.5863035697456462,0.0,0.5384615384615384,0.07218730221750988,0.06978475739166966,0.0,0.0,0.23076923076923078,0,1,0.0,0.11451097519794372
1167,3005,M,68,60,3,MONTHLY,1,3854.0,0,1,0,0,70356.6,78263.2,62,19554.706451612903,3019.8767898474484,0,0,12,26,12,0,12,12,0,12,12,0,62,148619.8,0,Olomouc,north Moravia,226122,32,50,7,4,4,62.6,8994,3.8,4.79,110,9672.0,9208,0,0,0.898974230545135,-7906.599999999991,-127.52580645161277,3.597936904555112,4.0022692334276755,0.0,0.6129032258064516,0.03858616552667727,0.04292243783593079,0.0,0.0,0.1935483870967742,0,0,0.0,0.15443222312336805
1168,3006,F,26,20,1,MONTHLY,2,4175.0,0,1,0,0,188485.5,183075.2,88,34504.46363636363,7644.305127801894,0,12,0,40,24,0,12,12,0,12,0,0,88,371560.7,0,Domazlice,west Bohemia,58400,65,16,4,1,6,52.4,8620,1.1,1.25,100,1089.0,1117,0,0,1.0295523369631714,5410.299999999988,61.48068181818169,5.462641065411564,5.305841062460694,0.0,0.45454545454545453,0.04175500082917781,0.04055646258095129,0.0,0.0,0.13636363636363635,0,1,0.0,0.22154539796253198
1169,3009,F,42,40,3,MONTHLY,1,5375.0,0,1,0,0,135180.1,106035.2,69,55880.42608695652,9167.427055479893,0,20,0,25,12,0,12,12,0,12,0,0,69,241215.3,0,Uherske Hradiste,south Moravia,145688,22,41,13,2,5,40.7,8544,1.29,1.86,109,2719.0,2906,0,0,1.274860612324964,29144.90000000001,422.3898550724639,2.419095727538725,1.8975374281326478,0.0,0.36231884057971014,0.08645645083406164,0.06781639498328447,0.0,0.0,0.17391304347826086,0,1,0.0,0.16405435136114205
1170,3011,M,44,40,2,MONTHLY,3,7146.0,1,1,0,0,524403.6,540688.2,98,50710.02653061224,18540.02548552809,0,0,12,38,36,12,12,12,0,12,0,0,98,1065091.8,0,Ostrava - mesto,north Moravia,323870,0,0,0,1,1,100.0,10673,4.75,5.44,100,18782.0,18347,0,0,0.9698817174112548,-16284.599999999977,-166.1693877551018,10.341221172176514,10.66235293080751,0.0,0.5102040816326531,0.03428968023627683,0.03535449696670292,0.12244897959183673,0.0,0.12244897959183673,0,0,0.0,0.36560867256371854
1171,3013,F,49,40,2,MONTHLY,2,7734.0,0,1,0,1,122217.5,122483.2,78,21493.48846153846,4567.28675152375,0,18,0,24,24,0,12,12,0,12,0,12,78,244700.7,0,Trutnov,east Bohemia,121947,37,28,7,3,11,70.5,8541,2.51,2.97,131,3496.0,3839,0,0,0.9978307229073049,-265.6999999999971,-3.406410256410219,5.686257036343923,5.6986189198267025,9.818561171681633e-05,0.3076923076923077,0.03728908741381472,0.037370153632039195,0.0,0.15384615384615385,0.15384615384615385,0,0,0.0,0.2124962990394363
1172,3015,M,47,40,3,MONTHLY,2,5841.0,0,1,1,0,78873.7,78135.2,61,15658.960655737705,2804.323822021908,0,14,0,23,12,0,12,12,0,12,0,0,61,157008.9,0,Znojmo,south Moravia,114200,101,41,4,1,4,43.7,8403,5.74,5.72,105,2157.0,2718,0,0,1.0094515660035426,738.5,12.10655737704918,5.036969038625138,4.989807543284806,0.0,0.3770491803278688,0.0358906590374365,0.03555461227280967,0.0,0.0,0.19672131147540983,0,1,0.0,0.17908748119846365
1173,3018,M,21,20,1,MONTHLY,0,0.0,0,0,0,0,51642.799999999996,41400.0,24,27018.829166666666,7603.031740292483,0,6,0,7,0,0,0,11,0,0,0,0,24,93042.8,0,Trebic,south Moravia,117897,139,28,5,1,6,53.8,8814,4.76,5.74,107,2112.0,2059,0,0,1.2474106280193236,10242.799999999996,426.78333333333313,1.9113633563260435,1.5322647678262644,0.0,0.2916666666666667,0.18364810966890055,0.14722346077851092,0.0,0.0,0.0,0,1,0.0,0.28139752812355023
1174,3019,M,30,30,2,MONTHLY,3,4411.0,1,1,0,0,243426.3,236907.2,89,50754.68988764045,7241.717580466496,3,12,0,26,36,12,12,12,0,12,0,0,89,480333.5,0,Sokolov,west Bohemia,94812,15,13,8,2,10,81.8,9650,3.38,3.67,100,2985.0,2804,0,0,1.0275175258497842,6519.099999999977,73.24831460674132,4.796134121573621,4.667690818808265,0.0,0.29213483146067415,0.030567739521916156,0.02974911741445561,0.1348314606741573,0.0,0.1348314606741573,0,1,0.0,0.14268075711817058
1175,3021,M,38,30,3,MONTHLY,1,6279.0,0,1,0,0,127934.3,134203.2,69,35654.52608695652,5216.755834685118,0,14,0,31,12,0,12,12,0,12,0,0,69,262137.5,0,Hl.m. Praha,Prague,1204953,0,0,0,1,1,100.0,12541,0.29,0.43,167,85677.0,99107,0,0,0.9532879990939113,-6268.900000000009,-90.85362318840592,3.5881643662290093,3.763987766172989,0.0,0.4492753623188406,0.03887206739246991,0.04077683494328822,0.0,0.0,0.17391304347826086,0,0,0.0,0.14631398611110868
1176,3023,M,40,40,3,MONTHLY,1,5513.0,0,1,0,0,305684.3,315431.2,73,32690.25753424657,9127.980294036051,12,12,0,25,12,0,12,12,0,12,0,0,73,621115.5,0,Jindrichuv Hradec,south Bohemia,93931,74,21,10,1,8,56.9,8427,1.12,1.54,107,1874.0,1913,0,0,0.9690997593135998,-9746.900000000023,-133.5191780821921,9.350929697625132,9.649088865988645,0.0,0.3424657534246575,0.02893810217263242,0.029860808337346903,0.0,0.0,0.1643835616438356,0,0,0.0,0.2792263194767893
1177,3028,F,67,60,3,MONTHLY,1,2193.0,0,1,0,0,52112.6,61171.2,64,17845.0296875,2796.741720468558,0,0,12,28,12,0,12,12,0,12,12,0,64,113283.8,0,Chomutov,north Bohemia,125236,28,11,1,4,5,87.7,9675,6.43,7.68,100,5323.0,5190,0,0,0.8519139725884076,-9058.599999999999,-141.54062499999998,2.9202865398707396,3.427912481582976,0.0,0.625,0.04571990937677466,0.05366728431259538,0.0,0.0,0.1875,0,0,0.0,0.1567238480094884
1178,3030,F,23,20,3,MONTHLY,3,7918.0,1,1,0,0,262933.8,240491.2,93,43248.4688172043,10508.237605119493,0,12,0,33,36,12,12,12,0,12,0,0,93,503425.0,0,Trebic,south Moravia,117897,139,28,5,1,6,53.8,8814,4.76,5.74,107,2112.0,2059,0,0,1.0933198387300658,22442.599999999977,241.3182795698922,6.0796094564948975,5.560687038805227,0.0,0.3548387096774194,0.04369489447064796,0.03996533578079157,0.12903225806451613,0.0,0.12903225806451613,0,1,0.0,0.2429736333448943
1179,3031,F,34,30,2,MONTHLY,2,5755.0,0,1,0,0,183120.2,173435.2,78,48353.68461538461,8264.757067462775,0,14,0,28,24,0,12,12,0,12,0,0,78,356555.4,0,Teplice,north Bohemia,128118,9,16,6,3,8,85.3,9317,6.49,7.07,97,6949.0,6872,0,0,1.055842181979206,9685.0,124.16666666666667,3.7870991932998828,3.5868042193586716,0.0,0.358974358974359,0.04765328530461391,0.0451329622153251,0.0,0.0,0.15384615384615385,0,1,0.0,0.17092300479689176
1180,3035,M,35,30,3,MONTHLY,1,2655.0,0,1,0,0,49207.6,58375.2,66,18994.49696969697,2531.228907131552,0,1,12,29,12,0,12,12,0,12,0,0,66,107582.8,0,Karvina,north Moravia,285387,0,2,8,5,7,89.9,10177,6.63,7.75,81,9878.0,10108,0,0,0.842953857117406,-9167.599999999999,-138.90303030303028,2.5906240148661874,3.0732690680426735,0.0,0.6212121212121212,0.04336137447291919,0.05143979603011633,0.0,0.0,0.18181818181818182,0,0,0.0,0.13326117091543774
1181,3036,F,58,50,1,MONTHLY,1,4001.0,0,1,0,0,215683.5,198387.2,72,44402.037500000006,8168.182973241264,2,12,0,34,12,0,12,12,0,12,0,0,72,414070.7,0,Jindrichuv Hradec,south Bohemia,93931,74,21,10,1,8,56.9,8427,1.12,1.54,107,1874.0,1913,0,0,1.0871845562616942,17296.29999999999,240.22638888888872,4.857513576938896,4.467975146410792,0.0,0.4722222222222222,0.04117293340115322,0.037871153673049926,0.0,0.0,0.16666666666666666,0,1,0.0,0.18395964314117935
1182,3037,M,57,50,1,MONTHLY,0,0.0,0,0,0,0,57932.2,47400.0,18,33514.455555555556,15421.702798223416,0,6,0,6,0,0,0,6,0,0,0,0,18,105332.2,0,Zlin,south Moravia,197099,29,41,10,2,10,74.7,9624,1.6,2.31,145,4484.0,4265,0,1,1.222198312236287,10532.199999999997,585.122222222222,1.7285735077500552,1.4143150832758402,0.0,0.3333333333333333,0.32535237970935477,0.26620260922636146,0.0,0.0,0.0,0,1,0.0,0.4601507780026288
1183,3038,F,53,50,1,MONTHLY,1,9721.0,0,0,0,1,208250.1,198351.4,60,35777.185000000005,9325.232341065606,0,12,0,36,0,0,9,12,0,0,0,0,60,406601.5,0,Kutna Hora,central Bohemia,77963,60,23,4,2,4,51.5,8546,2.95,4.02,126,2640.0,3120,1,0,1.0499048658088626,9898.700000000012,164.97833333333352,5.820751409033438,5.544075085840319,0.0,0.6,0.04701369559814353,0.044779005345330476,0.0,0.0,0.0,0,1,0.0,0.2606474584589482
1184,3041,F,72,70,3,MONTHLY,1,1599.0,0,1,0,0,67871.7,68203.2,66,27304.816666666666,4025.937602771589,0,0,12,30,12,0,12,12,0,12,12,0,66,136074.9,0,Kladno,central Bohemia,149893,63,29,6,2,6,67.4,9753,4.64,5.05,109,5244.0,5892,0,0,0.9951395242451967,-331.5,-5.0227272727272725,2.4857042927102606,2.4978450078099774,0.0,0.6363636363636364,0.059028573480006646,0.05931688174558158,0.0,0.0,0.18181818181818182,0,0,0.0,0.14744422758517903
1185,3042,F,31,30,1,MONTHLY,1,2355.0,0,1,0,0,43747.3,56765.2,66,16564.03636363636,3520.013369932495,0,1,12,29,12,0,12,12,0,12,0,0,66,100512.5,0,Pisek,south Bohemia,70699,60,13,2,1,4,65.3,8968,2.83,3.35,131,1740.0,1910,0,0,0.7706711154016899,-13017.899999999994,-197.240909090909,2.641101422358626,3.427014934875338,0.0,0.6212121212121212,0.06201005845011548,0.08046241413601514,0.0,0.0,0.18181818181818182,0,0,0.0,0.21250939642103842
1186,3043,F,48,40,1,MONTHLY,1,6002.0,0,1,0,0,315026.3,310699.2,74,49975.73648648649,10492.26271616799,0,12,0,38,12,0,12,12,0,12,0,0,74,625725.5,0,Vyskov,south Moravia,86513,38,36,5,1,5,50.5,8288,3.79,4.52,110,1562.0,1460,0,0,1.0139269750292244,4327.099999999977,58.47432432432401,6.303584942368655,6.2170009257194945,0.0,0.5135135135135135,0.03376984142916361,0.03330598974170725,0.0,0.0,0.16216216216216217,0,1,0.0,0.2099471354265107
1187,3045,F,49,40,3,MONTHLY,4,2015.0,1,1,0,0,41069.3,41225.2,100,16540.231,1913.1511391289778,0,5,12,23,48,12,12,12,0,12,0,0,100,82294.5,0,Praha - vychod,central Bohemia,92084,55,29,4,3,5,46.7,10124,0.56,0.54,141,3810.0,4316,0,0,0.9962183324762526,-155.89999999999418,-1.5589999999999418,2.482994342702953,2.4924198458896973,0.0,0.35,0.04640732219926108,0.04658348545334295,0.12,0.0,0.12,0,0,0.0,0.11566653084403584
1188,3046,F,74,70,2,MONTHLY,1,2550.0,0,1,0,0,76145.1,77035.2,65,19104.658461538464,3868.403730177843,0,0,12,29,12,0,12,12,0,12,12,0,65,153180.3,0,Hl.m. Praha,Prague,1204953,0,0,0,1,1,100.0,12541,0.29,0.43,167,85677.0,99107,0,0,0.988445541778304,-890.0999999999913,-13.69384615384602,3.985682348276232,4.032273079107246,0.0,0.6307692307692307,0.05021605357262451,0.050803055353238,0.0,0.0,0.18461538461538463,0,0,0.0,0.20248484095990102
1189,3047,M,24,20,1,MONTHLY,2,5337.0,0,1,0,0,131939.4,131379.2,83,25776.831325301206,5611.414188909472,0,21,0,26,24,0,12,12,0,12,0,0,83,263318.6,0,Jicin,east Bohemia,77917,85,19,6,1,5,53.5,8390,2.28,2.89,132,2080.0,2122,0,0,1.0042639930826187,560.1999999999825,6.7493975903612355,5.118526724054523,5.096794029568909,0.0,0.3132530120481928,0.042711587442376506,0.04253023879833827,0.0,0.0,0.14457831325301204,0,1,0.0,0.21769216386971496
1190,3049,M,32,30,3,MONTHLY,2,8096.6,0,1,1,0,619523.8,588304.2,99,64860.979797979795,27464.51782415379,0,30,0,45,12,0,12,12,0,12,0,0,99,1207828.0,0,Louny,north Bohemia,85852,41,23,4,2,4,59.8,8965,7.08,8.23,104,2653.0,2822,0,0,1.0530671037194705,31219.600000000093,315.34949494949586,9.551564005502367,9.070233009621044,0.0,0.45454545454545453,0.04668421171250144,0.04433165896799088,0.0,0.0,0.12121212121212122,0,1,0.0,0.42343667810286795
1191,3051,M,71,70,3,MONTHLY,1,2824.0,0,1,0,0,51762.7,53333.2,60,19541.738333333335,2760.586862262962,0,0,12,24,12,0,12,12,0,12,12,0,60,105095.9,0,Znojmo,south Moravia,114200,101,41,4,1,4,43.7,8403,5.74,5.72,105,2157.0,2718,0,0,0.9705530513826285,-1570.5,-26.175,2.6488278124011995,2.729194255406995,0.0,0.6,0.05176113307026321,0.0533315855290192,0.0,0.0,0.2,0,0,0.0,0.14126618702871938
1192,3058,F,56,50,1,MONTHLY,0,0.0,0,0,0,0,69891.7,71375.2,59,20746.277966101694,5908.910072117211,0,16,0,31,0,0,12,12,0,0,0,0,59,141266.9,0,Semily,east Bohemia,75685,31,28,5,1,9,60.8,8208,1.89,2.26,155,1660.0,2123,0,0,0.9792154697990338,-1483.5,-25.14406779661017,3.368878991894319,3.4403857943397487,0.0,0.5254237288135594,0.08278659915653071,0.08454380237019862,0.0,0.0,0.0,0,0,0.0,0.28481783969982727
1193,3059,M,22,20,3,MONTHLY,2,3410.0,0,1,0,0,83381.4,75795.2,78,28856.70256410256,4846.1234143927695,0,18,0,24,24,0,12,12,0,12,0,0,78,159176.6,0,Trebic,south Moravia,117897,139,28,5,1,6,53.8,8814,4.76,5.74,107,2112.0,2059,0,0,1.1000881322300093,7586.199999999997,97.25897435897433,2.8894985424885515,2.626606412552779,0.0,0.3076923076923077,0.06393707536087734,0.05811995738129571,0.0,0.0,0.15384615384615385,0,1,0.0,0.16793753214275067
1194,3062,F,69,60,2,MONTHLY,1,3136.0,0,1,0,0,76157.4,76597.2,64,27996.390625,4681.286232274431,0,0,12,28,12,0,12,12,0,12,12,0,64,152754.6,0,Usti nad Labem,north Bohemia,118650,8,8,5,1,3,85.6,9832,3.32,4.48,114,6445.0,5471,0,0,0.9942582757594272,-439.8000000000029,-6.8718750000000455,2.720257801089314,2.7359669689563777,0.0,0.625,0.06111563127992187,0.06146856684018141,0.0,0.0,0.1875,0,0,0.0,0.1672103484687834
1195,3064,M,69,60,2,MONTHLY,1,3689.0,0,1,0,0,77758.4,93673.2,68,23818.28088235294,3631.864063315858,0,0,12,32,12,0,12,12,0,12,12,0,68,171431.6,0,Havlickuv Brod,east Bohemia,95907,87,25,5,2,7,59.1,8388,2.41,2.94,87,1658.0,1668,0,0,0.8301029536729823,-15914.800000000003,-234.04117647058828,3.264652070570362,3.9328279174590994,0.0,0.6470588235294118,0.03877164507368018,0.0467070318231324,0.0,0.0,0.17647058823529413,0,0,0.0,0.15248220815158497
1196,3066,F,17,10,1,MONTHLY,0,0.0,0,0,0,0,94247.8,86625.2,75,32100.16266666667,10850.170430530592,0,27,0,36,0,0,12,12,0,0,0,0,75,180873.0,0,Brno - mesto,south Moravia,387570,0,0,0,1,1,100.0,9897,1.6,1.96,140,18721.0,18696,0,0,1.0879951792319096,7622.600000000006,101.63466666666675,2.936053657381258,2.698590686269419,0.0,0.48,0.1252542035173436,0.11512385891798632,0.0,0.0,0.0,0,1,0.0,0.33800982702799776
1197,3067,F,47,40,2,MONTHLY,3,5957.0,1,1,0,0,182668.2,198819.2,101,34530.749504950494,6420.085129881436,0,14,0,39,36,12,12,12,0,12,0,0,101,381487.4,0,Hodonin,south Moravia,161954,21,37,20,3,8,48.0,8720,3.73,4.5,116,3729.0,3651,0,0,0.9187653908676828,-16151.0,-159.9108910891089,5.290015496877988,5.757743543084588,0.0,0.38613861386138615,0.03229107213931771,0.03514615641847588,0.1188118811881188,0.0,0.1188118811881188,1,0,0.0,0.18592371210943515
1198,3069,M,56,50,3,MONTHLY,3,3380.0,1,1,0,0,83469.7,86135.2,95,26096.871578947368,4951.8451134704,0,17,0,30,36,12,12,12,0,12,0,0,95,169604.9,0,Tabor,south Bohemia,103347,87,16,7,1,7,67.0,9104,1.51,2.07,123,2299.0,2354,0,0,0.9690544632159674,-2665.5,-28.057894736842105,3.198456173089188,3.30059485250662,0.0,0.3157894736842105,0.05748921594737576,0.05932506183046543,0.12631578947368421,0.0,0.12631578947368421,0,0,0.0,0.18974861023054992
1199,3070,M,79,70,3,MONTHLY,1,2145.0,0,1,0,0,75886.5,64205.2,65,41565.695384615385,6606.834123831328,0,0,12,29,12,0,12,12,0,12,12,0,65,140091.7,0,Frydek - Mistek,north Moravia,228848,15,40,18,2,6,57.2,9893,4.09,4.72,96,5623.0,5887,0,0,1.181936977067278,11681.300000000003,179.71230769230775,1.8257002390506787,1.544668010625034,0.0,0.6307692307692307,0.10290185411510794,0.0870620482408772,0.0,0.0,0.18461538461538463,0,1,0.0,0.15894920228561124
1200,3074,M,41,40,2,MONTHLY,4,9513.5,1,1,1,0,151181.9,229920.2,89,34470.47528089888,13619.714721776074,0,10,0,31,36,12,12,12,0,12,0,0,89,381102.1,0,Hl.m. Praha,Prague,1204953,0,0,0,1,1,100.0,12541,0.29,0.43,167,85677.0,99107,0,0,0.6575407467460449,-78738.30000000002,-884.7000000000002,4.385837409203766,6.670061788425809,0.0,0.34831460674157305,0.059236703524858075,0.09008826269398701,0.1348314606741573,0.0,0.1348314606741573,0,0,0.0,0.3951124726534643
1201,3075,M,58,50,1,MONTHLY,1,5492.0,0,1,0,0,323036.6,315219.2,70,59529.00428571428,11325.089264087352,0,12,0,34,12,0,12,12,0,12,0,0,70,638255.8,0,Ostrava - mesto,north Moravia,323870,0,0,0,1,1,100.0,10673,4.75,5.44,100,18782.0,18347,0,0,1.0247998852861753,7817.399999999965,111.67714285714236,5.426541294888112,5.295220435522151,0.0,0.4857142857142857,0.0359276632390646,0.035058223322333604,0.0,0.0,0.17142857142857143,0,1,0.0,0.19024489658405283
1202,3077,F,65,60,3,MONTHLY,1,2085.0,0,1,0,0,78300.7,66145.2,68,42030.43382352941,6048.870707298588,0,0,12,32,12,0,12,12,0,12,12,0,68,144445.9,0,Ostrava - mesto,north Moravia,323870,0,0,0,1,1,100.0,10673,4.75,5.44,100,18782.0,18347,0,0,1.18376994853746,12155.5,178.75735294117646,1.8629524579440773,1.5737453550377274,0.0,0.6470588235294118,0.09144836975772375,0.07725180882544586,0.0,0.0,0.17647058823529413,0,1,0.0,0.1439164471319903
1203,3079,M,56,50,1,MONTHLY,4,7347.0,1,1,0,0,209649.5,177826.4,86,36976.29534883721,8752.940369282393,0,14,0,25,35,9,9,12,0,8,0,0,86,387475.9,0,Bruntal,north Moravia,106054,38,25,6,2,6,63.1,8110,5.77,6.55,109,3244.0,3079,0,1,1.1789559930359048,31823.100000000006,370.036046511628,5.669835174728851,4.809200011044159,0.0,0.29069767441860467,0.04922182740741753,0.041750351750337554,0.10465116279069768,0.0,0.09302325581395349,0,1,0.0,0.2367176129113661
1204,3082,F,20,20,3,MONTHLY,1,7035.0,0,1,0,0,235618.19999999998,247095.2,74,41779.52567567567,8591.603983853023,11,12,0,27,12,0,12,12,0,12,0,0,74,482713.4,0,Usti nad Orlici,east Bohemia,139012,59,41,8,3,10,61.9,8363,2.52,3.49,108,2564.0,2799,0,0,0.953552315059135,-11477.00000000003,-155.09459459459498,5.639561392559766,5.914265325033609,0.0,0.36486486486486486,0.03477042040417225,0.03646409311272654,0.0,0.0,0.16216216216216217,0,0,0.0,0.20564149173323704
1205,3083,M,28,20,1,MONTHLY,1,9687.0,0,1,0,0,228621.5,241599.2,73,26791.672602739727,8478.735317238918,0,12,0,37,12,0,12,12,0,12,0,0,73,470220.7,0,Usti nad Labem,north Bohemia,118650,8,8,5,1,3,85.6,9832,3.32,4.48,114,6445.0,5471,0,0,0.9462841764376703,-12977.700000000012,-177.77671232876727,8.533304485686386,9.017697535438455,0.0,0.5068493150684932,0.03509421934029135,0.03708634278595371,0.0,0.0,0.1643835616438356,0,0,0.0,0.31646905525308183
1206,3084,F,48,40,3,MONTHLY,1,7607.0,0,1,0,0,324276.2,342139.2,72,62216.9375,11048.65357766629,10,12,0,26,12,0,12,12,0,12,0,0,72,666415.4,0,Liberec,north Bohemia,159617,29,19,8,1,9,85.2,9198,3.33,4.28,131,5796.0,6132,0,0,0.9477902561296688,-17863.0,-248.09722222222223,5.2120244587737865,5.499132772325864,0.0,0.3611111111111111,0.03229286085215108,0.03407173754246007,0.0,0.0,0.16666666666666666,0,0,0.0,0.17758272942422293
1207,3085,F,53,50,3,MONTHLY,2,7725.0,0,1,0,0,250364.3,240995.2,85,58689.06,8802.486972160057,0,12,0,37,24,0,12,12,0,12,0,0,85,491359.5,0,Blansko,south Moravia,107911,88,33,6,2,7,50.9,8240,2.53,3.56,99,1850.0,1903,0,0,1.038876707917834,9369.099999999977,110.22470588235267,4.265944964870795,4.106305331862531,0.0,0.43529411764705883,0.036525569688359176,0.035158714609710956,0.0,0.0,0.1411764705882353,0,1,0.0,0.14998514156062573
1208,3088,M,49,40,3,MONTHLY,1,2806.0,0,1,0,0,77192.1,66647.2,69,23961.134782608697,6487.730689740132,0,20,0,25,12,0,12,12,0,12,0,0,69,143839.3,0,Teplice,north Bohemia,128118,9,16,6,3,8,85.3,9317,6.49,7.07,97,6949.0,6872,0,0,1.1582197001524446,10544.900000000009,152.82463768115954,3.221554433892131,2.7814709363587156,0.0,0.36231884057971014,0.09734438490649469,0.0840465629221142,0.0,0.0,0.17391304347826086,0,1,0.0,0.270760577435131
1209,3090,M,31,30,1,MONTHLY,1,5123.0,0,1,0,0,151366.7,158131.2,69,28672.998550724635,7356.626253439274,0,13,0,32,12,0,12,12,0,12,0,0,69,309497.9,0,Ceska Lipa,north Bohemia,105058,32,19,7,2,10,81.0,9272,2.8,3.22,118,4340.0,4505,0,0,0.9572222306540392,-6764.5,-98.03623188405797,5.279067682168686,5.514986502728493,0.0,0.463768115942029,0.04652229448356348,0.048601351905268944,0.0,0.0,0.17391304347826086,0,0,0.0,0.2565698261528128
1210,3093,M,33,30,1,MONTHLY,1,2235.0,0,1,0,0,41076.8,35440.2,61,16690.011475409836,2249.9402944743792,0,0,12,26,11,0,12,12,0,0,0,0,61,76517.0,0,Jablonec n. Nisou,north Bohemia,88768,10,18,5,1,7,80.5,8867,1.02,1.21,130,3384.0,3620,0,0,1.159045377847755,5636.600000000006,92.40327868852468,2.4611606804776827,2.1234377251457066,0.0,0.6229508196721312,0.06348554168640073,0.05477399151039952,0.0,0.0,0.0,0,1,0.0,0.1348075942182137
1211,3094,M,49,40,1,MONTHLY,1,2984.0,0,1,0,0,85567.7,77863.2,73,32876.609589041094,7046.436185153074,0,21,0,28,12,0,12,12,0,12,0,0,73,163430.9,0,Rychnov nad Kneznou,east Bohemia,78955,50,24,8,1,9,59.0,9060,1.78,2.44,124,1655.0,1717,0,0,1.0989491826690914,7704.5,105.54109589041096,2.6026923417469012,2.3683464010825035,0.0,0.3835616438356164,0.09049764439623692,0.08234925310780906,0.0,0.0,0.1643835616438356,0,1,0.0,0.21432977041227189
1212,3096,M,17,10,1,MONTHLY,0,0.0,0,0,0,0,60367.4,69260.6,56,25032.60714285714,12364.227697586539,0,16,0,28,0,0,11,12,0,0,0,0,56,129628.0,0,Ostrava - mesto,north Moravia,323870,0,0,0,1,1,100.0,10673,4.75,5.44,100,18782.0,18347,0,0,0.8715979936645076,-8893.200000000004,-158.80714285714294,2.411550648939312,2.7668152823531598,0.0,0.5,0.17851747887812894,0.2048163031302746,0.0,0.0,0.0,0,0,0.0,0.49392488872716456
1213,3097,M,51,50,3,MONTHLY,0,0.0,0,0,0,0,7900.0,8800.0,12,8958.333333333334,1702.6494505667195,0,6,0,6,0,0,0,0,0,0,0,0,12,16700.0,24,Rychnov nad Kneznou,east Bohemia,78955,50,24,8,1,9,59.0,9060,1.78,2.44,124,1655.0,1717,0,0,0.8977272727272727,-900.0,-75.0,0.881860465116279,0.9823255813953488,0.0,0.5,0.19348289210985448,0.21552524690717967,0.0,0.0,0.0,0,0,0.0,0.19006319448186634
1214,3099,M,34,30,2,MONTHLY,3,6620.0,1,1,0,0,300681.6,309315.2,98,37093.2806122449,10383.638892737696,0,12,0,38,36,12,12,12,0,12,0,0,98,609996.8,0,Pelhrimov,south Bohemia,74062,99,15,4,2,7,61.4,8114,2.38,2.62,119,1003.0,1181,0,0,0.972088018952835,-8633.600000000035,-88.09795918367382,8.106093476691347,8.338847222315831,0.0,0.3877551020408163,0.03356976602746226,0.034533669146158914,0.12244897959183673,0.0,0.12244897959183673,0,0,0.0,0.279933150191896
1215,3100,M,68,60,2,MONTHLY,2,2334.0,0,1,0,0,82641.8,85983.2,86,26034.381395348835,3642.3607138458215,0,0,12,38,24,0,12,12,0,12,12,0,86,168625.0,0,Benesov,central Bohemia,88884,80,26,6,2,5,46.7,8507,1.67,1.85,132,2159.0,2674,0,0,0.9611389201611479,-3341.399999999994,-38.853488372092954,3.1743331537258785,3.3026788189928453,0.0,0.5813953488372093,0.04236130678837054,0.044074072852307446,0.0,0.0,0.13953488372093023,0,0,0.0,0.1399057906748092
1216,3101,M,58,50,1,MONTHLY,1,2051.0,0,1,0,0,37370.5,21223.8,44,14239.40909090909,2677.3213165416764,0,0,12,17,7,0,8,8,0,0,0,0,44,58594.3,0,Hl.m. Praha,Prague,1204953,0,0,0,1,1,100.0,12541,0.29,0.43,167,85677.0,99107,0,0,1.7607827062071826,16146.7,366.9704545454546,2.624441770119419,1.4904972435653931,0.0,0.6590909090909091,0.12614712334933784,0.0716426410281285,0.0,0.0,0.0,0,1,0.0,0.1880219396358917
1217,3103,F,26,20,2,TRANSACTION,1,7500.0,0,0,0,1,653039.2,644571.6,99,56077.60404040404,30039.233439134223,0,1,12,56,6,0,12,24,6,0,0,6,99,1297610.8,0,Zlin,south Moravia,197099,29,41,10,2,10,74.7,9624,1.6,2.31,145,4484.0,4265,0,0,1.0131367872863155,8467.599999999977,85.5313131313129,11.645276419611005,11.494278527584465,9.187809858887492e-06,0.6868686868686869,0.04660340827789221,0.04599912752425004,0.0,0.06060606060606061,0.0,0,1,0.06060606060606061,0.5356725550808284
1218,3105,M,52,50,3,MONTHLY,1,9546.0,0,1,0,0,191405.2,185427.2,73,41761.81917808219,8492.90216274837,0,15,0,34,12,0,12,12,0,12,0,0,73,376832.4,0,Frydek - Mistek,north Moravia,228848,15,40,18,2,6,57.2,9893,4.09,4.72,96,5623.0,5887,0,0,1.0322390674075863,5978.0,81.89041095890411,4.583258195333957,4.440113090124139,0.0,0.4657534246575342,0.04580181420389441,0.04437132409541836,0.0,0.0,0.1643835616438356,0,1,0.0,0.20336523479814528
1219,3107,M,39,30,3,MONTHLY,1,8106.0,0,1,0,0,512716.10000000003,482025.2,79,56836.09620253164,22556.58372084519,0,17,0,38,12,0,12,12,0,12,0,0,79,994741.3,0,Hl.m. Praha,Prague,1204953,0,0,0,1,1,100.0,12541,0.29,0.43,167,85677.0,99107,0,0,1.0636707375465018,30690.900000000023,388.4924050632914,9.020959113253845,8.48096952827892,0.0,0.4810126582278481,0.046795444970190746,0.04399429571422701,0.0,0.0,0.1518987341772152,0,1,0.0,0.3968707428544407
1220,3109,F,67,60,1,MONTHLY,1,3347.0,0,1,0,0,72411.1,70249.2,62,23267.261290322578,4252.419838369168,0,0,12,26,12,0,12,12,0,12,12,0,62,142660.3,0,Melnik,central Bohemia,94725,38,28,1,3,6,63.4,9920,2.26,2.87,130,4289.0,4846,0,0,1.0307747276837318,2161.9000000000087,34.86935483870982,3.112145391607286,3.0192294281415215,0.0,0.6129032258064516,0.06053335608617847,0.05872607705682095,0.0,0.0,0.1935483870967742,0,1,0.0,0.1827640900795597
1221,3113,F,28,20,1,MONTHLY,2,6505.0,0,1,0,1,153077.9,137591.0,73,45059.89452054794,5533.665797664995,0,14,0,32,15,0,10,12,0,10,0,5,73,290668.9,0,Prostejov,south Moravia,110643,49,41,4,1,4,51.9,8441,3.45,4.48,115,1879.0,2252,0,0,1.1125575073951057,15486.899999999994,212.14931506849308,3.3972094615133717,3.053513583731462,3.2663108129912944e-05,0.4383561643835616,0.04021822501228274,0.03614934486078653,0.0,0.0684931506849315,0.136986301369863,0,1,0.0,0.1228068963885738
1222,3115,M,38,30,3,MONTHLY,1,4769.0,0,1,0,0,260583.6,252603.2,75,43074.352,11255.350616440885,12,13,0,26,12,0,12,12,0,12,0,0,75,513186.8,0,Olomouc,north Moravia,226122,32,50,7,4,4,62.6,8994,3.8,4.79,110,9672.0,9208,0,0,1.0315926322390214,7980.399999999994,106.40533333333326,6.049623218940125,5.864352875233039,0.0,0.3466666666666667,0.04455743480858866,0.04319285870807251,0.0,0.0,0.16,0,1,0.0,0.26130052093275563
1223,3116,M,48,40,3,MONTHLY,2,3129.0,0,1,0,0,286945.0,286383.2,89,49341.122471910116,10917.180428569636,12,12,0,29,24,0,12,12,0,12,0,0,89,573328.2,0,Plzen - sever,west Bohemia,72541,66,26,10,0,8,36.9,8594,1.62,2.01,112,1580.0,1525,0,0,1.0019617072509839,561.7999999999884,6.312359550561667,5.815534499916529,5.804148459797157,0.0,0.3258426966292135,0.038120882888974056,0.038046247289792945,0.0,0.0,0.1348314606741573,0,1,0.0,0.2212592637061466
1224,3117,F,58,50,3,MONTHLY,1,415.0,0,0,1,0,15755.2,2700.0,24,44721.637500000004,3701.668924759834,0,9,0,3,0,0,0,12,0,0,0,0,24,18455.2,0,Uherske Hradiste,south Moravia,145688,22,41,13,2,5,40.7,8544,1.29,1.86,109,2719.0,2906,0,0,5.835259259259259,13055.2,543.9666666666667,0.3522947924257022,0.06037346016232075,0.0,0.125,1.3709884906517904,0.23494902792473812,0.0,0.0,0.0,0,1,0.0,0.08277131902336612
1225,3119,F,63,60,3,MONTHLY,2,1576.0,0,1,0,0,50993.2,57427.2,79,14885.424050632912,2265.106695014336,0,0,12,31,24,0,12,12,0,12,12,0,79,108420.4,0,Svitavy,east Bohemia,102609,75,33,2,3,6,52.0,8187,4.83,5.45,94,2123.0,2134,0,0,0.8879624986069319,-6434.0,-81.44303797468355,3.4257136260644065,3.8579485411138323,0.0,0.5443037974683544,0.039443098305582305,0.044419779402240615,0.0,0.0,0.1518987341772152,0,0,0.0,0.15216944356503073
1226,3120,M,35,30,3,MONTHLY,0,0.0,0,0,0,0,195668.4,212955.2,60,26198.091666666667,8853.918839610173,0,12,0,36,0,0,12,12,0,0,0,0,60,408623.6,0,Prerov,north Moravia,138032,67,30,4,2,5,64.6,8819,5.38,5.66,99,4063.0,4505,0,0,0.9188242409671141,-17286.800000000017,-288.1133333333336,7.4688035483500546,8.128653136631135,0.0,0.6,0.04157643879844292,0.045249610256996906,0.0,0.0,0.0,0,0,0.0,0.3379604496489155
1227,3124,F,41,40,3,MONTHLY,1,6509.0,0,1,0,0,230456.5,230943.2,73,39026.93698630137,8514.033108924525,0,13,0,36,12,0,12,12,0,12,0,0,73,461399.7,0,Kolin,central Bohemia,95616,65,30,4,1,6,51.4,9307,3.85,4.43,118,2616.0,3040,0,0,0.9978925553989032,-486.70000000001164,-6.667123287671393,5.905062446506916,5.917533320154285,0.0,0.4931506849315068,0.036866351158746063,0.03694420903261364,0.0,0.0,0.1643835616438356,0,0,0.0,0.21815786137438836
1228,3128,F,55,50,3,MONTHLY,1,5129.0,0,1,0,0,160510.6,155883.2,75,54069.70266666667,11235.775108289012,0,14,0,37,12,0,12,12,0,12,0,0,75,316393.8,0,Jesenik,north Moravia,42821,4,13,5,1,3,48.4,8173,0.0,7.01,124,0.0,1358,0,0,1.0296850462397487,4627.399999999994,61.69866666666659,2.968586696130528,2.8830045720983803,0.0,0.49333333333333335,0.07207816562842571,0.0700002062685518,0.0,0.0,0.16,0,1,0.0,0.20780168105521568
1229,3132,F,24,20,2,MONTHLY,1,2285.0,0,1,0,0,42231.7,35215.2,60,21391.5,3230.3750783954883,0,0,12,24,12,0,12,12,0,12,0,0,60,77446.9,0,Hl.m. Praha,Prague,1204953,0,0,0,1,1,100.0,12541,0.29,0.43,167,85677.0,99107,0,0,1.1992463481678366,7016.5,116.94166666666666,1.9742280812472242,1.646223967463712,0.0,0.6,0.09173240755115657,0.07649171305904069,0.0,0.0,0.2,0,1,0.0,0.15101208790386314
1230,3135,M,30,30,3,MONTHLY,0,0.0,0,0,0,0,230141.80000000002,199325.2,55,30739.796363636364,18529.798239601983,0,14,0,29,0,0,12,12,0,12,0,0,55,429467.0,0,Rychnov nad Kneznou,east Bohemia,78955,50,24,8,1,9,59.0,9060,1.78,2.44,124,1655.0,1717,0,0,1.1546046360420057,30816.600000000006,560.3018181818182,7.486770480765,6.484271972464714,0.0,0.5272727272727272,0.09296264716956,0.08051470110862947,0.0,0.0,0.21818181818181817,0,1,0.0,0.6027950875277042
1231,3144,M,80,80,2,MONTHLY,2,2474.0,0,1,0,0,55211.7,50123.2,72,25363.308333333334,6000.484861084029,0,0,12,24,24,0,12,12,0,12,12,0,72,105334.9,0,Hl.m. Praha,Prague,1204953,0,0,0,1,1,100.0,12541,0.29,0.43,167,85677.0,99107,0,0,1.1015198550770902,5088.5,70.67361111111111,2.176833529537583,1.9762090710432425,0.0,0.5,0.11971472015122796,0.10868140015764828,0.0,0.0,0.16666666666666666,0,1,0.0,0.23658131590025994
1232,3147,F,35,30,1,MONTHLY,1,4788.0,0,1,0,0,114627.2,120391.2,74,26171.547297297297,4279.388993553087,0,13,0,37,12,0,12,12,0,12,0,0,74,235018.4,0,Prachatice,south Bohemia,51428,50,11,3,1,4,52.7,8402,3.13,3.98,120,999.0,1099,0,0,0.9521227465130342,-5764.0,-77.89189189189189,4.379840392999515,4.60007956856386,0.0,0.5,0.035545695977389435,0.03733310238366711,0.0,0.0,0.16216216216216217,0,0,0.0,0.1635130298159717
1233,3148,M,57,50,3,MONTHLY,1,4881.9,0,0,1,0,355089.5,343258.2,62,46190.23064516129,20622.111227090405,0,10,0,40,0,0,12,12,0,0,0,0,62,698347.7,0,Opava,north Moravia,182027,17,49,12,2,7,56.4,8746,3.33,3.74,90,4355.0,4433,0,0,1.0344676398116637,11831.299999999988,190.82741935483853,7.687545505625177,7.431402597595785,0.0,0.6451612903225806,0.06007754869975547,0.05807581251231142,0.0,0.0,0.0,0,1,0.0,0.44646045146455005
1234,3153,M,75,70,3,MONTHLY,2,3095.0,0,1,0,0,61121.299999999996,56935.2,73,26636.38082191781,4521.084128363264,0,0,12,25,24,0,12,12,0,12,12,0,73,118056.5,0,Plzen - mesto,west Bohemia,170449,0,0,0,1,1,100.0,10787,2.64,3.09,131,6041.0,6261,0,0,1.0735239359833635,4186.0999999999985,57.343835616438334,2.2946548335014865,2.137497597014033,0.0,0.5068493150684932,0.07940753924396972,0.0739690439889738,0.0,0.0,0.1643835616438356,0,1,0.0,0.1697334243187828
1235,3156,F,45,40,2,MONTHLY,0,0.0,0,0,0,0,136558.1,134175.2,56,25263.1375,6872.076528771741,0,12,0,32,0,0,12,12,0,0,0,0,56,270733.3,0,Frydek - Mistek,north Moravia,228848,15,40,18,2,6,57.2,9893,4.09,4.72,96,5623.0,5887,0,0,1.0177596157859277,2382.899999999994,42.55178571428561,5.405429155424579,5.311105954278244,0.0,0.5714285714285714,0.05121718863673571,0.05032346326414721,0.0,0.0,0.0,0,1,0.0,0.2720199155299591
1236,3157,F,57,50,3,MONTHLY,1,8188.0,0,1,0,0,265435.0,286011.2,74,34364.61756756757,9033.674351601514,0,12,0,38,12,0,12,12,0,12,0,0,74,551446.2,0,Hl.m. Praha,Prague,1204953,0,0,0,1,1,100.0,12541,0.29,0.43,167,85677.0,99107,0,0,0.9280580620619052,-20576.20000000001,-278.0567567567569,7.724078391912926,8.322839602030955,0.0,0.5135135135135135,0.03158503706009245,0.03403347091228178,0.0,0.0,0.16216216216216217,0,0,0.0,0.2628771972753528
1237,3158,F,59,50,3,MONTHLY,2,2033.0,0,1,0,0,37841.0,35761.2,66,24502.168181818182,2034.6566051724867,0,0,12,18,24,0,12,12,0,12,0,0,66,73602.2,0,Hl.m. Praha,Prague,1204953,0,0,0,1,1,100.0,12541,0.29,0.43,167,85677.0,99107,0,0,1.0581580036464102,2079.800000000003,31.512121212121258,1.5443939376793556,1.459511653606907,0.0,0.45454545454545453,0.05689564682316273,0.053768573905882154,0.0,0.0,0.18181818181818182,0,1,0.0,0.0830398595779088
1238,3159,M,69,60,3,MONTHLY,1,3223.0,0,1,0,0,79584.3,85711.2,67,16136.876119402985,2981.2585004307784,0,0,12,31,12,0,12,12,0,12,12,0,67,165295.5,0,Prostejov,south Moravia,110643,49,41,4,1,4,51.9,8441,3.45,4.48,115,1879.0,2252,0,0,0.928516926609358,-6126.899999999994,-91.44626865671633,4.931828156275415,5.311511308991263,0.0,0.6417910447761194,0.03478260134534085,0.03746038477979675,0.0,0.0,0.1791044776119403,0,0,0.0,0.18474818040191263
1239,3161,M,19,10,3,MONTHLY,1,3855.0,0,1,0,0,81394.8,83235.2,68,19818.532352941176,3145.444104962784,0,15,0,29,12,0,12,12,0,12,0,0,68,164630.0,0,Domazlice,west Bohemia,58400,65,16,4,1,6,52.4,8620,1.1,1.25,100,1089.0,1117,0,0,0.977889162277498,-1840.3999999999942,-27.064705882352854,4.107004421440954,4.199866999114465,0.0,0.4264705882352941,0.03778983056402561,0.03864428814817143,0.0,0.0,0.17647058823529413,0,0,0.0,0.1587122622879783
1240,3162,M,39,30,1,MONTHLY,1,2819.0,0,1,0,0,56078.3,66337.0,56,21064.667857142857,4949.7755227744565,0,12,0,23,9,0,10,12,0,9,0,0,56,122415.3,0,Brno - venkov,south Moravia,157042,49,70,18,0,9,33.9,8743,1.88,2.43,111,3659.0,3894,0,0,0.8453547793840542,-10258.699999999997,-183.19107142857138,2.6621972100540057,3.1492070252370805,0.0,0.4107142857142857,0.07461560701832246,0.0882654346293389,0.0,0.0,0.16071428571428573,0,0,0.0,0.23497999381443027
1241,3165,F,23,20,3,MONTHLY,1,2891.0,0,1,0,0,95910.1,95887.2,75,35604.318666666666,5744.141349887268,0,23,0,28,12,0,12,12,0,12,0,0,75,191797.3,0,Jihlava,south Moravia,109164,98,16,6,1,4,63.6,8757,3.38,3.95,96,2212.0,2471,0,0,1.000238822282849,22.90000000000873,0.30533333333344975,2.6937771481579444,2.6931339677557466,0.0,0.37333333333333335,0.05990519433133169,0.05989089105200878,0.0,0.0,0.16,0,1,0.0,0.16133271369871838
1242,3170,M,78,70,2,MONTHLY,2,2140.0,0,1,0,0,58789.5,68075.2,78,18196.897435897437,2980.266114544108,0,0,12,30,24,0,12,12,0,12,12,0,78,126864.7,0,Sumperk,north Moravia,127369,31,32,13,2,7,51.2,8369,4.73,5.88,107,3736.0,2807,0,0,0.8635964345312244,-9285.699999999997,-119.04743589743586,3.230743054254106,3.741033340425741,0.0,0.5384615384615384,0.04377902840599966,0.05069385033967134,0.0,0.0,0.15384615384615385,0,0,0.0,0.16377880487829033
1243,3172,M,48,40,2,TRANSACTION,1,3090.0,0,0,1,0,790306.1,763973.0,94,59335.36489361702,29570.63090402152,0,29,0,53,0,0,12,12,0,0,0,0,94,1554279.1,0,Zlin,south Moravia,197099,29,41,10,2,10,74.7,9624,1.6,2.31,145,4484.0,4265,0,0,1.034468626509052,26333.099999999977,280.1393617021274,13.319309680103052,12.875508583620155,0.0,0.5638297872340425,0.03870638216798437,0.03741668057986838,0.0,0.0,0.0,0,1,0.0,0.49836435584476485
1244,3175,F,49,40,1,MONTHLY,0,0.0,0,0,0,0,260260.2,231616.8,50,33977.727999999996,10210.564700129302,0,13,0,25,0,0,8,12,0,0,0,0,50,491877.0,0,Zlin,south Moravia,197099,29,41,10,2,10,74.7,9624,1.6,2.31,145,4484.0,4265,0,0,1.1236671951257422,28643.400000000023,572.8680000000005,7.659729337994584,6.816724178850334,0.0,0.5,0.044083869132676486,0.03923214037386163,0.0,0.0,0.0,0,1,0.0,0.3005075766139897
1245,3177,M,61,60,3,MONTHLY,3,4383.0,1,1,0,0,186658.9,191071.2,98,25321.78469387755,6877.911944879484,0,12,0,38,36,12,12,12,0,12,0,0,98,377730.1,0,Karlovy Vary,west Bohemia,122603,25,21,6,2,8,80.0,8991,1.39,2.01,128,5198.0,5273,0,0,0.9769075611604469,-4412.3000000000175,-45.02346938775528,7.371474888384604,7.54572405973416,0.0,0.3877551020408163,0.03599659155790869,0.03684748996634762,0.12244897959183673,0.0,0.12244897959183673,0,0,0.0,0.27162034698693516
1246,3184,F,40,40,2,MONTHLY,3,6284.0,1,1,0,0,263278.3,267423.2,100,42018.538,8209.917330675213,12,12,0,28,36,12,12,12,0,12,0,0,100,530701.5,0,Kolin,central Bohemia,95616,65,30,4,1,6,51.4,9307,3.85,4.43,118,2616.0,3040,0,0,0.9845005968068589,-4144.900000000023,-41.44900000000023,6.265765362897681,6.364409918307962,0.0,0.28,0.030700093823853775,0.031183418195404683,0.12,0.0,0.12,0,0,0.0,0.19538798162551996
1247,3185,F,27,20,3,MONTHLY,1,8633.0,0,1,0,0,317504.6,307671.2,75,35558.116,10798.60195275596,0,12,0,39,12,0,12,12,0,12,0,0,75,625175.8,0,Pelhrimov,south Bohemia,74062,99,15,4,2,7,61.4,8114,2.38,2.62,119,1003.0,1181,0,0,1.031960742506936,9833.399999999965,131.11199999999954,8.929173862867199,8.65262940252515,0.0,0.52,0.03509786405993138,0.034010851977438944,0.0,0.0,0.16,0,1,0.0,0.303688810530793
1248,3187,M,47,40,3,MONTHLY,1,5126.0,0,1,0,0,281742.4,270587.2,72,68082.41388888888,10941.47679666311,4,12,0,32,12,0,12,12,0,12,0,0,72,552329.6,0,Melnik,central Bohemia,94725,38,28,1,3,6,63.4,9920,2.26,2.87,130,4289.0,4846,0,0,1.0412258968643011,11155.200000000012,154.9333333333335,4.138255151466958,3.9744066719138478,0.0,0.4444444444444444,0.04043604722123999,0.0388350379519132,0.0,0.0,0.16666666666666666,0,1,0.0,0.16070929586191962
1249,3188,F,23,20,1,MONTHLY,3,3899.0,1,1,0,0,171652.3,169583.2,97,31494.976288659796,7257.22297533311,0,13,0,36,36,12,12,12,0,12,0,0,97,341235.5,0,Frydek - Mistek,north Moravia,228848,15,40,18,2,6,57.2,9893,4.09,4.72,96,5623.0,5887,0,0,1.0122010906740762,2069.0999999999767,21.330927835051305,5.450148570577136,5.384452378872271,0.0,0.3711340206185567,0.04279446888213638,0.042278623562475484,0.12371134020618557,0.0,0.12371134020618557,0,1,0.0,0.2304247797749946
1250,3191,F,24,20,3,MONTHLY,5,8212.0,1,1,1,0,156135.9,158019.2,103,37101.25533980582,5661.005382866952,0,13,0,30,48,12,12,12,0,12,0,0,103,314155.1,0,Brno - mesto,south Moravia,387570,0,0,0,1,1,100.0,9897,1.6,1.96,140,18721.0,18696,0,0,0.988081828031024,-1883.3000000000175,-18.284466019417646,4.20837242756264,4.259133513211929,0.0,0.2912621359223301,0.03582479460006728,0.03625691069681573,0.11650485436893204,0.0,0.11650485436893204,1,0,0.0,0.1525825832850803
1251,3193,F,49,40,3,MONTHLY,1,5303.0,0,1,0,0,168209.8,162211.2,74,46556.998648648645,6960.98490524825,0,16,0,34,12,0,12,12,0,12,0,0,74,330421.0,0,Opava,north Moravia,182027,17,49,12,2,7,56.4,8746,3.33,3.74,90,4355.0,4433,0,0,1.0369801838590675,5998.599999999977,81.06216216216185,3.6129863368003514,3.484142120589819,0.0,0.4594594594594595,0.04291309666193363,0.04138275478151838,0.0,0.0,0.16216216216216217,0,1,0.0,0.1495153276047853
1252,3194,F,24,20,3,MONTHLY,0,0.0,0,0,0,0,75260.59999999999,64025.200000000004,46,28186.436956521742,9505.297909186313,0,9,0,25,0,0,12,12,0,0,0,0,46,139285.8,0,Trutnov,east Bohemia,121947,37,28,7,3,11,70.5,8541,2.51,2.97,131,3496.0,3839,0,0,1.1754840281639103,11235.399999999987,244.24782608695622,2.6700998113415784,2.271489656488346,0.0,0.5434782608695652,0.14846182298823452,0.12629846040539558,0.0,0.0,0.0,0,1,0.0,0.3372294953011785
1253,3195,F,28,20,3,MONTHLY,4,6951.0,1,1,0,0,151031.3,130907.2,110,47266.226363636364,9671.35115878099,0,20,0,30,48,12,12,12,0,12,0,0,110,281938.5,0,Benesov,central Bohemia,88884,80,26,6,2,5,46.7,8507,1.67,1.85,132,2159.0,2674,0,0,1.1537279844042192,20124.09999999999,182.94636363636354,3.195332304255918,2.7695716385920686,0.0,0.2727272727272727,0.07387944405488002,0.06403540960569756,0.10909090909090909,0.0,0.10909090909090909,1,1,0.0,0.20461441292934512
1254,3197,M,41,40,3,MONTHLY,2,14454.9,0,1,1,0,470222.4,486113.2,78,54172.29871794872,15510.432643287115,3,0,12,39,12,0,12,12,0,12,0,0,78,956335.6,0,Benesov,central Bohemia,88884,80,26,6,2,5,46.7,8507,1.67,1.85,132,2159.0,2674,0,0,0.9673104947571882,-15890.799999999988,-203.728205128205,8.680126395378583,8.973464510542135,0.0,0.6538461538461539,0.03190703861423042,0.03298531214864948,0.0,0.0,0.15384615384615385,0,0,0.0,0.2863166786412942
1255,3202,M,77,70,2,MONTHLY,1,3861.0,0,1,0,0,75345.3,74637.2,65,23959.103076923075,3660.332312439726,0,0,12,29,12,0,12,12,0,12,12,0,65,149982.5,0,Breclav,south Moravia,124605,11,42,14,1,8,46.0,8772,4.69,4.98,126,2854.0,3158,0,0,1.0094872262089147,708.1000000000058,10.893846153846244,3.144746268593463,3.1151917398731443,0.0,0.6307692307692307,0.04904166169738048,0.04858076499051336,0.0,0.0,0.18461538461538463,0,1,0.0,0.15277417942933283
1256,3211,F,32,30,3,WEEKLY,0,0.0,0,0,0,0,657319.5,637646.5,91,45997.35384615384,29447.18318022703,0,24,0,55,0,0,12,12,1,12,0,0,91,1294966.0,0,Hl.m. Praha,Prague,1204953,0,0,0,1,1,100.0,12541,0.29,0.43,167,85677.0,99107,0,0,1.0308525178135535,19673.0,216.1868131868132,14.290376402923513,13.862677886487118,0.0,0.6043956043956044,0.04618104730477942,0.04479888879034782,0.0,0.0,0.13186813186813187,0,1,0.01098901098901099,0.6401929832467812
1257,3214,M,77,70,2,MONTHLY,1,3625.0,0,1,0,0,67118.4,71855.2,62,21603.285483870968,2779.145968703262,0,0,12,26,12,0,12,12,0,12,12,0,62,138973.6,0,Novy Jicin,north Moravia,161227,5,35,11,4,10,69.7,8678,5.93,5.57,102,4980.0,4595,0,0,0.9340785357218405,-4736.800000000003,-76.40000000000005,3.106860761994311,3.326123707139229,0.0,0.6129032258064516,0.03867703337689217,0.04140661828504944,0.0,0.0,0.1935483870967742,0,0,0.0,0.12864459763669628
1258,3215,F,63,60,1,MONTHLY,1,3877.0,0,1,0,0,77518.3,70239.2,65,22833.172307692308,4388.508513738876,0,0,12,29,12,0,12,12,0,12,12,0,65,147757.5,0,Zlin,south Moravia,197099,29,41,10,2,10,74.7,9624,1.6,2.31,145,4484.0,4265,0,0,1.1036330140434403,7279.100000000006,111.98615384615394,3.3949859859764087,3.0761910370350503,0.0,0.6307692307692307,0.06247947746755197,0.05661254844003127,0.0,0.0,0.18461538461538463,0,1,0.0,0.19219880858431676
1259,3216,M,40,40,2,MONTHLY,2,3928.0,0,1,0,0,200594.1,193811.2,83,44841.479518072294,10256.255305657092,0,13,0,34,24,0,12,12,0,12,0,0,83,394405.3,0,Jihlava,south Moravia,109164,98,16,6,1,4,63.6,8757,3.38,3.95,96,2212.0,2471,0,0,1.0349974614470165,6782.899999999994,81.72168674698788,4.473405029358037,4.322141064098677,0.0,0.40963855421686746,0.05291879574378102,0.051129396655520236,0.0,0.0,0.14457831325301204,0,1,0.0,0.22872250014684622
1260,3217,M,22,20,3,MONTHLY,0,0.0,0,0,0,0,69562.7,60075.2,80,32875.878749999996,7870.975664285247,0,34,0,34,0,0,12,12,0,0,0,0,80,129637.9,0,Trebic,south Moravia,117897,139,28,5,1,6,53.8,8814,4.76,5.74,107,2112.0,2059,0,0,1.1579270647455189,9487.5,118.59375,2.1159191068010617,1.8273336648073628,0.0,0.425,0.13101871761201372,0.11314936976691888,0.0,0.0,0.0,0,1,0.0,0.23941491341232204
1261,3218,M,34,30,3,MONTHLY,2,1934.0,0,1,0,0,35696.8,42133.2,76,17387.10789473684,3147.0376070102598,0,0,12,28,24,0,12,12,0,12,0,0,76,77830.0,0,Semily,east Bohemia,75685,31,28,5,1,9,60.8,8208,1.89,2.26,155,1660.0,2123,0,0,0.8472368583444886,-6436.399999999994,-84.68947368421045,2.0530613956105714,2.423243719143994,0.0,0.5263157894736842,0.0746925846365873,0.08816021623815747,0.0,0.0,0.15789473684210525,0,0,0.0,0.18099833658724135
1262,3220,M,42,40,3,MONTHLY,1,2180.0,0,1,0,0,40163.8,48325.2,69,19203.069565217393,2786.584030055453,0,0,12,33,12,0,12,12,0,0,0,0,69,88489.0,0,Cheb,west Bohemia,87419,21,11,4,3,9,85.5,8624,1.79,2.66,102,2879.0,3198,0,0,0.8311150290117787,-8161.399999999994,-118.28115942028977,2.0915302037310157,2.516535173498077,0.0,0.6521739130434783,0.05766316600977239,0.06938048765444138,0.0,0.0,0.0,0,0,0.0,0.145111385478851
1263,3225,M,42,40,3,MONTHLY,2,8732.0,0,1,0,0,318218.9,332079.2,75,32164.094666666668,12304.581032456796,1,12,0,26,24,0,12,12,0,12,0,0,75,650298.1,0,Rakovnik,central Bohemia,53921,61,22,1,1,2,41.3,8598,2.77,3.26,123,1597.0,1875,0,0,0.9582620651940863,-13860.299999999988,-184.80399999999983,9.893606622473564,10.324531234020743,0.0,0.3466666666666667,0.03705315187598861,0.0386670340210993,0.0,0.0,0.16,0,0,0.0,0.38255642386255867
1264,3226,M,48,40,3,MONTHLY,1,1984.0,0,1,0,0,43037.9,48953.2,67,28896.311940298507,1982.263938372087,0,5,12,26,12,0,12,12,0,12,0,0,67,91991.1,0,Hl.m. Praha,Prague,1204953,0,0,0,1,1,100.0,12541,0.29,0.43,167,85677.0,99107,0,0,0.8791641812996904,-5915.299999999996,-88.28805970149247,1.4893907599322314,1.6940985445180758,0.0,0.5671641791044776,0.04049304107539624,0.046058565552038716,0.0,0.0,0.1791044776119403,0,0,0.0,0.06859920194893943
1265,3228,M,42,40,2,MONTHLY,2,5870.0,0,1,0,0,162835.6,177915.2,87,35517.4275862069,6762.373893742123,0,12,0,39,24,0,12,12,0,12,0,0,87,340750.8,0,Chomutov,north Bohemia,125236,28,11,1,4,5,87.7,9675,6.43,7.68,100,5323.0,5190,0,0,0.9152427673408455,-15079.600000000006,-173.32873563218396,4.584667614363964,5.009236650603968,0.0,0.4482758620689655,0.03800897221677587,0.041528841934700536,0.0,0.0,0.13793103448275862,0,0,0.0,0.19039593668006163
1266,3229,M,20,20,1,MONTHLY,0,0.0,0,0,0,0,82484.5,47525.2,62,31320.58387096774,10640.342065948413,0,17,0,33,0,0,12,12,0,0,0,0,62,130009.7,0,Svitavy,east Bohemia,102609,75,33,2,3,6,52.0,8187,4.83,5.45,94,2123.0,2134,0,0,1.735595010646983,34959.3,563.8596774193549,2.633555630374377,1.517379120254937,0.0,0.532258064516129,0.22388842268835088,0.12899807922638087,0.0,0.0,0.0,0,1,0.0,0.3397236178541153
1267,3230,F,17,10,2,MONTHLY,0,0.0,0,0,0,0,69066.3,87831.4,37,25837.413513513515,10985.249217401644,6,2,0,17,0,0,9,12,0,0,0,0,37,156897.7,0,Hl.m. Praha,Prague,1204953,0,0,0,1,1,100.0,12541,0.29,0.43,167,85677.0,99107,0,0,0.7863508950102128,-18765.09999999999,-507.1648648648646,2.6731119956677114,3.3993882535518622,0.0,0.4594594594594595,0.12507200406007016,0.15905368055624297,0.0,0.0,0.0,0,0,0.0,0.4251683014499933
1268,3231,M,38,30,3,MONTHLY,3,5197.0,1,1,0,0,201526.0,192279.2,98,32444.68775510204,8676.009446783313,0,13,0,37,36,12,12,12,0,12,0,0,98,393805.2,0,Opava,north Moravia,182027,17,49,12,2,7,56.4,8746,3.33,3.74,90,4355.0,4433,0,0,1.0480904850862702,9246.799999999988,94.3551020408162,6.211371227276161,5.926369255002721,0.0,0.37755102040816324,0.04512193438907231,0.04305156380210649,0.12244897959183673,0.0,0.12244897959183673,0,1,0.0,0.26740924468964816
1269,3235,F,49,40,1,MONTHLY,0,0.0,0,0,0,0,260331.0,256941.2,72,25851.824999999997,11052.164209448107,0,8,12,40,0,0,12,12,0,0,0,0,72,517272.2,0,Nachod,east Bohemia,112709,48,20,7,3,10,73.5,8369,1.79,2.31,117,2854.0,2618,0,0,1.0131929017222616,3389.7999999999884,47.08055555555539,10.070120774838914,9.938996569874663,0.0,0.7222222222222222,0.04301437141823929,0.04245427632301995,0.0,0.0,0.0,0,1,0.0,0.42751968998119505
1270,3236,F,39,30,1,MONTHLY,2,6222.0,0,1,1,0,313828.3,303919.2,76,57243.438157894736,13157.464052265464,0,12,0,40,12,0,12,12,0,12,0,0,76,617747.5,0,Plzen - sever,west Bohemia,72541,66,26,10,0,8,36.9,8594,1.62,2.01,112,1580.0,1525,0,0,1.0326043895877588,9909.099999999977,130.3828947368418,5.482345402356276,5.309240845417056,0.0,0.5263157894736842,0.04329263847846883,0.041925677360089786,0.0,0.0,0.15789473684210525,0,1,0.0,0.22985104451576083
1271,3243,F,79,70,3,MONTHLY,1,3830.0,0,1,0,0,76923.0,80245.2,66,18449.58787878788,2698.5493139557075,0,0,12,30,12,0,12,12,0,12,12,0,66,157168.2,0,Sumperk,north Moravia,127369,31,32,13,2,7,51.2,8369,4.73,5.88,107,3736.0,2807,0,0,0.9585993928608815,-3322.199999999997,-50.33636363636359,4.16936142451404,4.34943048740187,0.0,0.6363636363636364,0.03362879417031433,0.03508117616260036,0.0,0.0,0.18181818181818182,0,0,0.0,0.14626610261892742
1272,3244,M,66,60,1,MONTHLY,1,2802.0,0,1,0,0,51190.1,60959.2,59,15708.784745762712,3178.619946249368,0,0,12,23,12,0,12,12,0,12,12,0,59,112149.3,0,Olomouc,north Moravia,226122,32,50,7,4,4,62.6,8994,3.8,4.79,110,9672.0,9208,0,0,0.8397436318061917,-9769.099999999999,-165.5779661016949,3.2586925614222335,3.8805802604458712,0.0,0.5932203389830508,0.052143399950284254,0.062094427364849214,0.0,0.0,0.2033898305084746,0,0,0.0,0.20234664855960732
1273,3247,F,41,40,3,MONTHLY,1,1370.0,0,0,0,1,11100.0,4500.0,22,23893.57727272727,2001.2873242542603,0,7,0,4,0,0,0,11,0,0,0,0,22,15600.0,0,Jesenik,north Moravia,42821,4,13,5,1,3,48.4,8173,0.0,7.01,124,0.0,1358,0,0,2.466666666666667,6600.0,300.0,0.4645599892097287,0.18833513076070083,0.0,0.18181818181818182,0.44473051650094675,0.18029615533822166,0.0,0.0,0.0,0,1,0.0,0.08375837997847982
1274,3248,F,70,70,1,MONTHLY,1,3386.0,0,1,0,0,69581.8,47675.4,49,26650.369387755105,4159.8325144171,0,0,12,16,9,0,9,12,0,9,12,0,49,117257.2,0,Plzen - sever,west Bohemia,72541,66,26,10,0,8,36.9,8594,1.62,2.01,112,1580.0,1525,0,0,1.45949063877807,21906.4,447.06938775510207,2.610913154245823,1.7889207952931845,0.0,0.5714285714285714,0.08725322733353261,0.059783341540706046,0.0,0.0,0.1836734693877551,0,1,0.0,0.15608911283340016
1275,3251,F,37,30,3,MONTHLY,2,11168.0,0,1,0,1,250346.2,242699.2,84,44904.96428571428,9974.470068293722,0,18,0,42,12,0,12,12,0,12,0,0,84,493045.4,0,Melnik,central Bohemia,94725,38,28,1,3,6,63.4,9920,2.26,2.87,130,4289.0,4846,0,0,1.031508138469348,7647.0,91.03571428571429,5.575022806100821,5.404729830220808,0.0,0.5,0.041098075594372466,0.03984270609377622,0.0,0.0,0.14285714285714285,0,1,0.0,0.22212399512957462
1276,3253,M,53,50,3,MONTHLY,1,3923.0,0,1,0,0,273340.0,283411.2,74,54325.11081081082,10183.6900175247,0,12,0,38,12,0,12,12,0,12,0,0,74,556751.2,0,Jindrichuv Hradec,south Bohemia,93931,74,21,10,1,8,56.9,8427,1.12,1.54,107,1874.0,1913,0,0,0.9644643542668744,-10071.200000000012,-136.09729729729744,5.031558995837423,5.216946560624421,0.0,0.5135135135135135,0.03593256024294276,0.037256493808168215,0.0,0.0,0.16216216216216217,0,0,0.0,0.18745824657385002
1277,3255,F,29,20,3,MONTHLY,3,4149.0,1,1,0,0,114324.5,102123.2,95,30398.335789473684,8819.788963484762,0,19,0,28,36,12,12,12,0,12,0,0,95,216447.7,0,Mlada Boleslav,central Bohemia,112065,95,19,7,1,8,69.4,11277,1.25,1.44,127,5179.0,4987,0,0,1.1194762796308773,12201.300000000003,128.43473684210528,3.7608802268572945,3.3594997011436116,0.0,0.29473684210526313,0.08636420483773287,0.07714697167697879,0.12631578947368421,0.0,0.12631578947368421,0,1,0.0,0.29014052034186927
1278,3258,F,39,30,3,MONTHLY,4,14796.0,1,1,0,0,396607.2,400605.2,103,33688.356310679614,13217.559149076926,0,0,12,31,48,12,12,12,0,12,0,0,103,797212.4,0,Ostrava - mesto,north Moravia,323870,0,0,0,1,1,100.0,10673,4.75,5.44,100,18782.0,18347,0,0,0.9900200995893214,-3998.0,-38.81553398058252,11.77282727427906,11.89150329287521,0.0,0.4174757281553398,0.03299397798400252,0.033326573872276964,0.11650485436893204,0.0,0.11650485436893204,1,0,0.0,0.3923479978418181
1279,3259,M,49,40,3,MONTHLY,2,6250.0,0,1,0,0,146326.4,115475.2,81,35378.14567901234,10857.045778341932,0,18,0,27,24,0,12,12,0,12,0,0,81,261801.6,0,Novy Jicin,north Moravia,161227,5,35,11,4,10,69.7,8678,5.93,5.57,102,4980.0,4595,0,1,1.2671673225073437,30851.199999999997,380.879012345679,4.136067540894501,3.264026358184857,0.0,0.3333333333333333,0.09402058431890079,0.07419745020954477,0.0,0.0,0.14814814814814814,0,1,0.0,0.30688566542883405
1280,3264,F,49,40,3,TRANSACTION,2,13331.2,0,1,0,1,260176.0,260774.2,82,32691.699999999997,8669.060511502892,0,9,12,26,23,0,12,12,0,12,0,11,82,520950.2,0,Vyskov,south Moravia,86513,38,36,5,1,5,50.5,8288,3.79,4.52,110,1562.0,1460,0,0,0.9977060614125169,-598.2000000000116,-7.295121951219654,7.958472639844365,7.976770862328971,4.227907262775967e-05,0.4634146341463415,0.033243551361687204,0.03331998536184311,0.0,0.13414634146341464,0.14634146341463414,0,0,0.0,0.2651761918622431
1281,3267,M,48,40,2,MONTHLY,2,5578.0,0,1,0,0,249173.7,270096.2,85,47041.56,18353.885312537008,1,14,0,34,24,0,12,12,0,12,0,0,85,519269.9,0,Trebic,south Moravia,117897,139,28,5,1,6,53.8,8814,4.76,5.74,107,2112.0,2059,0,0,0.9225368590894651,-20922.5,-246.14705882352942,5.296884287000687,5.741650574513261,0.0,0.4,0.06795314155673796,0.07365899897355542,0.0,0.0,0.1411764705882353,0,0,0.0,0.3901631942592254
1282,3271,F,57,50,3,MONTHLY,2,8171.0,0,1,1,0,261516.9,270175.2,75,38399.746666666666,8084.821717139342,0,12,0,39,12,0,12,12,0,12,0,0,75,531692.1,0,Jihlava,south Moravia,109164,98,16,6,1,4,63.6,8757,3.38,3.95,96,2212.0,2471,0,0,0.9679530171533138,-8658.300000000017,-115.44400000000023,6.810380867095998,7.035858917124801,0.0,0.52,0.029924366548592696,0.030915102301760772,0.0,0.0,0.16,0,0,0.0,0.21054362122022702
1283,3272,F,79,70,3,MONTHLY,1,2976.0,0,1,0,0,80756.1,90477.2,69,29449.305797101446,3606.4849615936564,0,0,12,33,12,0,12,12,0,12,12,0,69,171233.3,0,Nymburk,central Bohemia,81344,61,23,4,2,6,55.3,8899,3.39,3.97,149,2987.0,2487,0,0,0.8925574619904242,-9721.099999999991,-140.88550724637668,2.742207254608645,3.0723033209463715,0.0,0.6521739130434783,0.03986070481396038,0.04465897884610148,0.0,0.0,0.17391304347826086,0,0,0.0,0.1224641757751935
1284,3274,M,70,70,2,MONTHLY,1,3387.0,0,1,0,0,78369.2,64499.2,60,26570.77,7358.207136789388,0,0,12,24,12,0,12,12,0,12,12,0,60,142868.4,0,Plzen - mesto,west Bohemia,170449,0,0,0,1,1,100.0,10787,2.64,3.09,131,6041.0,6261,0,0,1.2150414268704108,13870.0,231.16666666666666,2.9494515966229056,2.427449411514984,0.0,0.6,0.11408214577528696,0.09389156884068471,0.0,0.0,0.2,0,1,0.0,0.2769286376265869
1285,3276,M,19,10,3,MONTHLY,0,0.0,0,0,0,0,111171.1,118175.2,66,32622.95303030303,14838.089491753928,0,17,0,37,0,0,12,12,0,0,0,0,66,229346.3,0,Hl.m. Praha,Prague,1204953,0,0,0,1,1,100.0,12541,0.29,0.43,167,85677.0,99107,0,0,0.9407312194098255,-7004.099999999991,-106.12272727272715,3.407757105763376,3.6224556339283147,0.0,0.5606060606060606,0.1255600962956181,0.13347074457079158,0.0,0.0,0.0,0,0,0.0,0.45483587822264354
1286,3282,M,18,10,1,MONTHLY,0,0.0,0,0,0,0,74974.0,71875.2,60,27107.31,7760.156979141288,0,20,0,28,0,0,12,12,0,0,0,0,60,146849.2,0,Rokycany,west Bohemia,45714,52,10,5,1,6,55.6,8843,2.82,3.6,113,818.0,888,0,0,1.0431136191621033,3098.800000000003,51.64666666666672,2.765822208105489,2.6515061804361992,0.0,0.4666666666666667,0.10796710101872813,0.10350464133087854,0.0,0.0,0.0,0,1,0.0,0.2862754356349371
1287,3289,F,22,20,1,MONTHLY,1,5546.0,0,1,0,0,115672.9,117987.2,70,27426.894285714287,5392.72824200708,0,14,0,32,12,0,12,12,0,12,0,0,70,233660.1,0,Prerov,north Moravia,138032,67,30,4,2,5,64.6,8819,5.38,5.66,99,4063.0,4505,0,0,0.9803851604241816,-2314.300000000003,-33.061428571428614,4.217499028326002,4.301879708686354,0.0,0.45714285714285713,0.04570604474050643,0.04662049833631801,0.0,0.0,0.17142857142857143,0,0,0.0,0.19662190643349522
1288,3292,M,59,50,1,MONTHLY,1,5297.0,0,1,0,0,297572.5,297979.2,75,47961.83066666666,10916.315120620851,0,12,0,39,12,0,12,12,0,12,0,0,75,595551.7,0,Pisek,south Bohemia,70699,60,13,2,1,4,65.3,8968,2.83,3.35,131,1740.0,1910,0,0,0.9986351396339073,-406.70000000001164,-5.422666666666822,6.204360756538263,6.21284041618317,0.0,0.52,0.036634486972986206,0.03668455626988667,0.0,0.0,0.16,0,0,0.0,0.22760422129190452
1289,3293,F,46,40,1,MONTHLY,0,0.0,0,0,0,0,184786.4,190786.0,53,39315.37924528302,7429.599118969975,0,12,0,29,0,0,10,12,0,0,0,0,53,375572.4,0,Hl.m. Praha,Prague,1204953,0,0,0,1,1,100.0,12541,0.29,0.43,167,85677.0,99107,0,0,0.9685532481418971,-5999.600000000006,-113.20000000000012,4.700104731208215,4.852706591222572,0.0,0.5471698113207547,0.03894205612031268,0.04020641734981566,0.0,0.0,0.0,0,0,0.0,0.18897437241080065
1290,3295,F,33,30,1,MONTHLY,1,8733.0,0,1,0,0,197049.3,181411.2,76,34920.742105263154,8177.327622595916,0,18,0,34,12,0,12,12,0,12,0,0,76,378460.5,0,Teplice,north Bohemia,128118,9,16,6,3,8,85.3,9317,6.49,7.07,97,6949.0,6872,0,0,1.0862025056887334,15638.099999999977,205.76447368421023,5.642758089333425,5.194941145671078,0.0,0.4473684210526316,0.045076200491457614,0.041498892016342694,0.0,0.0,0.15789473684210525,0,1,0.0,0.23416820862359203
1291,3297,M,31,30,1,MONTHLY,1,5044.0,0,1,0,0,299665.6,295744.6,62,54570.895161290326,11089.025681031058,0,12,0,27,11,0,11,12,0,11,0,0,62,595410.2,0,Hl.m. Praha,Prague,1204953,0,0,0,1,1,100.0,12541,0.29,0.43,167,85677.0,99107,0,0,1.0132580611784627,3921.0,63.24193548387097,5.491308125225087,5.419456637570156,0.0,0.43548387096774194,0.03749527694176347,0.03700466680536925,0.0,0.0,0.1774193548387097,0,1,0.0,0.20320402749957123
1292,3298,F,57,50,3,MONTHLY,1,1564.9,0,0,1,0,567057.2,536396.2,73,65063.08767123288,31544.276221443204,0,21,0,40,0,0,12,12,0,0,0,0,73,1103453.4,0,Kolin,central Bohemia,95616,65,30,4,1,6,51.4,9307,3.85,4.43,118,2616.0,3040,0,0,1.0571611059138748,30661.0,420.013698630137,8.715497839041532,8.244247532647657,0.0,0.547945205479452,0.05880779211605751,0.055628032271600125,0.0,0.0,0.0,0,1,0.0,0.4848259950532635
1293,3299,F,38,30,3,MONTHLY,2,2325.0,0,1,0,0,43323.6,37255.2,74,29086.037837837834,2741.2986380422426,0,0,12,26,24,0,12,12,0,12,0,0,74,80578.8,0,Sumperk,north Moravia,127369,31,32,13,2,7,51.2,8369,4.73,5.88,107,3736.0,2807,0,0,1.1628873284803196,6068.4000000000015,82.00540540540543,1.489498165461389,1.2808619794730156,0.0,0.5135135135135135,0.07358163794697768,0.06327495032827933,0.0,0.0,0.16216216216216217,0,1,0.0,0.09424792243363259
1294,3302,F,35,30,3,MONTHLY,1,4604.0,0,1,0,0,123078.7,123943.2,60,18058.219999999998,4670.515439736128,0,12,0,24,12,0,12,12,0,12,0,0,60,247021.9,0,Olomouc,north Moravia,226122,32,50,7,4,4,62.6,8994,3.8,4.79,110,9672.0,9208,0,0,0.9930250308205695,-864.5,-14.408333333333333,6.81566067973477,6.863533615162514,0.0,0.4,0.03768270820614708,0.03794739008241173,0.0,0.0,0.2,0,0,0.0,0.2586365344832508
1295,3305,F,28,20,3,MONTHLY,2,8914.0,0,1,0,0,187681.6,193043.2,86,28768.931395348838,5975.1782649707775,0,12,0,38,24,0,12,12,0,12,0,0,86,380724.8,0,Usti nad Labem,north Bohemia,118650,8,8,5,1,3,85.6,9832,3.32,4.48,114,6445.0,5471,0,0,0.9722259059112157,-5361.600000000006,-62.344186046511695,6.523759865141987,6.710127579893701,0.0,0.4418604651162791,0.030952544637525576,0.031836782428169716,0.0,0.0,0.13953488372093023,0,0,0.0,0.20769552344015124
1296,3306,M,51,50,3,MONTHLY,2,4587.0,0,1,0,0,90177.3,91359.2,69,16444.34927536232,3783.4084373369874,0,12,0,21,24,0,12,12,0,12,0,0,69,181536.5,0,Kromeriz,south Moravia,108871,41,29,7,2,6,62.1,8444,3.24,3.47,106,2595.0,2305,0,0,0.9870631529172761,-1181.8999999999942,-17.12898550724629,5.483786466096762,5.555659179343663,0.0,0.30434782608695654,0.04141245148093446,0.041955219743072675,0.0,0.0,0.17391304347826086,0,0,0.0,0.23007346620917762
1297,3307,F,20,20,2,MONTHLY,0,0.0,0,0,0,0,288994.3,311175.2,59,32506.87627118644,14843.834068292914,0,12,0,35,0,0,12,12,0,0,0,0,59,600169.5,0,Ceske Budejovice,south Bohemia,177686,69,27,10,1,9,74.8,10045,1.42,1.71,135,6604.0,6295,0,0,0.9287189338996166,-22180.900000000023,-375.94745762711904,8.890251329875081,9.572596191773142,0.0,0.5932203389830508,0.04770249707654374,0.05136376069802385,0.0,0.0,0.0,0,0,0.0,0.456636741852992
1298,3308,M,51,50,3,MONTHLY,0,0.0,0,0,0,0,541001.9,507134.2,66,67808.11666666667,25344.8114714422,0,18,0,36,0,0,12,12,0,0,0,0,66,1048136.1,0,Cesky Krumlov,south Bohemia,58796,22,16,7,1,5,51.9,9045,3.13,3.6,124,1845.0,1879,0,0,1.0667825202875294,33867.70000000001,513.1469696969699,7.97842392024357,7.478960114656874,0.0,0.5454545454545454,0.049976537712191765,0.04684791582329415,0.0,0.0,0.0,0,1,0.0,0.3737725322181273
1299,3310,M,45,40,2,MONTHLY,2,5006.0,0,1,0,0,204063.6,176367.2,86,40001.42441860465,10029.180388070377,0,13,0,37,24,0,12,12,0,12,0,0,86,380430.8,0,Cheb,west Bohemia,87419,21,11,4,3,9,85.5,8624,1.79,2.66,102,2879.0,3198,0,1,1.1570382701545412,27696.399999999994,322.0511627906976,5.10140833647639,4.409022992640525,0.0,0.43023255813953487,0.056865337704915524,0.04914732655931963,0.0,0.0,0.13953488372093023,0,1,0.0,0.2507205814252407
1300,3316,F,52,50,2,MONTHLY,1,3826.0,0,1,0,0,75662.1,94307.2,62,20767.67258064516,5631.994712214863,0,12,0,26,12,0,12,12,0,12,0,0,62,169969.3,0,Hl.m. Praha,Prague,1204953,0,0,0,1,1,100.0,12541,0.29,0.43,167,85677.0,99107,0,0,0.8022939923993079,-18645.09999999999,-300.72741935483856,3.6432633318051626,4.541057724874353,0.0,0.41935483870967744,0.05971966840511502,0.07443614058048696,0.0,0.0,0.1935483870967742,0,0,0.0,0.2711904615379824
1301,3319,F,20,20,2,MONTHLY,1,14520.0,0,1,0,0,164638.7,174415.2,48,15279.866666666667,6388.036113399744,0,12,0,12,12,0,12,12,0,12,0,0,48,339053.9,0,Hl.m. Praha,Prague,1204953,0,0,0,1,1,100.0,12541,0.29,0.43,167,85677.0,99107,0,0,0.9439469725115701,-9776.5,-203.67708333333334,10.774878053037114,11.414706934615486,0.0,0.25,0.03662545531237956,0.038800331352226075,0.0,0.0,0.25,0,0,0.0,0.41806883873766854
1302,3321,F,30,30,1,MONTHLY,2,3979.0,0,1,0,0,95676.8,87923.2,85,27842.13529411765,4712.660814224801,0,18,0,31,24,0,12,12,0,12,0,0,85,183600.0,0,Rakovnik,central Bohemia,53921,61,22,1,1,2,41.3,8598,2.77,3.26,123,1597.0,1875,0,0,1.088186053282865,7753.600000000006,91.21882352941184,3.436403098731229,3.1579187110184033,0.0,0.36470588235294116,0.05359974175444934,0.04925604550136293,0.0,0.0,0.1411764705882353,0,1,0.0,0.16926362739212997
1303,3322,M,51,50,1,MONTHLY,2,3783.0,0,1,0,0,99720.7,96651.2,84,37761.00357142857,5933.713613058377,0,16,0,32,24,0,12,12,0,12,0,0,84,196371.9,0,Tachov,west Bohemia,51313,34,12,3,1,4,59.2,8930,3.52,4.2,108,1328.0,1452,0,0,1.0317585296406047,3069.5,36.541666666666664,2.640838181415616,2.559550617270406,0.0,0.38095238095238093,0.061393067163763894,0.059503328928280454,0.0,0.0,0.14285714285714285,0,1,0.0,0.15713866295513537
1304,3327,F,62,60,1,MONTHLY,2,3767.0,0,1,0,0,69023.3,63179.2,74,25322.558108108107,3962.387322040194,0,0,12,26,24,0,12,12,0,12,12,0,74,132202.5,0,Strakonice,south Bohemia,70646,94,14,3,1,4,58.4,8547,2.65,3.64,120,1563.0,1542,0,0,1.0925003798718567,5844.100000000006,78.9743243243244,2.7257633176444056,2.4949769975952965,0.0,0.5135135135135135,0.06271664285144785,0.057406518118377325,0.0,0.0,0.16216216216216217,0,1,0.0,0.15647658128076186
1305,3331,F,29,20,3,MONTHLY,1,4692.0,0,1,0,0,116246.3,104959.2,74,38687.00810810811,5896.884477899048,0,20,0,30,12,0,12,12,0,12,0,0,74,221205.5,0,Karvina,north Moravia,285387,0,2,8,5,7,89.9,10177,6.63,7.75,81,9878.0,10108,0,0,1.1075379766614075,11287.100000000006,152.52837837837845,3.004789092895422,2.7130348179600485,0.0,0.40540540540540543,0.056182635518363784,0.050727502534696135,0.0,0.0,0.16216216216216217,0,1,0.0,0.15242544632607985
1306,3335,M,32,30,3,MONTHLY,3,12266.0,0,1,0,1,720734.7,663027.2,111,61632.22342342342,22507.929265475046,0,27,0,42,30,0,12,12,0,12,0,6,111,1383761.9,0,Prachatice,south Bohemia,51428,50,11,3,1,4,52.7,8402,3.13,3.98,120,999.0,1099,0,0,1.0870363991100214,57707.5,519.8873873873874,11.694121353507484,10.757801084749044,8.324838529350675e-06,0.3783783783783784,0.03394721855374116,0.031229146127521052,0.0,0.05405405405405406,0.10810810810810811,1,1,0.0,0.3651974245816495
1307,3336,F,48,40,3,MONTHLY,2,13671.2,0,1,1,0,436299.1,455580.2,77,44793.725974025976,24946.9512644194,0,16,0,38,11,0,12,12,0,11,0,0,77,891879.3,0,Zlin,south Moravia,197099,29,41,10,2,10,74.7,9624,1.6,2.31,145,4484.0,4265,0,0,0.9576779236674464,-19281.100000000035,-250.40389610389656,9.740183262562077,10.170625240333257,0.0,0.4935064935064935,0.05475863802777074,0.05717855311738988,0.0,0.0,0.14285714285714285,0,0,0.0,0.5569295860515177
1308,3342,M,26,20,3,MONTHLY,1,2155.0,0,1,0,0,55693.7,56005.2,68,29521.938235294117,2536.944156606554,0,4,12,28,12,0,12,12,0,12,0,0,68,111698.9,0,Opava,north Moravia,182027,17,49,12,2,7,56.4,8746,3.33,3.74,90,4355.0,4433,0,0,0.9944380164698993,-311.5,-4.580882352941177,1.8865190881477074,1.8970705633766474,0.0,0.5882352941176471,0.045298367948093284,0.04555172589730174,0.0,0.0,0.17647058823529413,0,0,0.0,0.085934200403332
1309,3344,M,38,30,3,MONTHLY,3,2570.0,1,1,0,0,61135.5,59055.2,97,26481.41443298969,3092.0555254551696,0,5,12,32,36,12,12,12,0,12,0,0,97,120190.7,0,Havlickuv Brod,east Bohemia,95907,87,25,5,2,7,59.1,8388,2.41,2.94,87,1658.0,1668,0,0,1.035226364486108,2080.300000000003,21.446391752577348,2.30861913190858,2.230062149793288,0.0,0.4536082474226804,0.052358734293595985,0.05057708737893973,0.12371134020618557,0.0,0.12371134020618557,0,1,0.0,0.11676323155923223
1310,3345,F,58,50,3,MONTHLY,2,8767.0,0,1,1,0,256444.6,268291.2,74,41846.41486486487,7909.322007981492,0,12,0,38,12,0,12,12,0,12,0,0,74,524735.8,0,Litomerice,north Bohemia,114006,71,26,6,2,9,62.3,9065,4.46,5.39,123,4147.0,4166,0,0,0.9558442468482008,-11846.600000000006,-160.08918918918926,6.128233465833086,6.41133059705105,0.0,0.5135135135135135,0.029480363157574647,0.030842224823534953,0.0,0.0,0.16216216216216217,0,0,0.0,0.18900835432433485
1311,3355,M,46,40,3,MONTHLY,2,6013.0,0,1,0,0,170478.1,173231.2,75,21804.768,5986.868620463613,0,12,0,27,24,0,12,12,0,12,0,0,75,343709.3,0,Louny,north Bohemia,85852,41,23,4,2,4,59.8,8965,7.08,8.23,104,2653.0,2822,0,0,0.9841073663404745,-2753.100000000006,-36.70800000000008,7.8183863272473255,7.944647702740979,0.0,0.36,0.0345599904662879,0.035118109718864844,0.0,0.0,0.16,0,0,0.0,0.2745669488647443
1312,3356,M,25,20,3,MONTHLY,4,8311.0,1,1,0,0,227973.5,228227.2,100,54062.393,7224.623678700465,1,12,0,27,48,12,12,12,0,12,0,0,100,456200.7,0,Opava,north Moravia,182027,17,49,12,2,7,56.4,8746,3.33,3.74,90,4355.0,4433,0,0,0.9988883884129498,-253.70000000001164,-2.5370000000001163,4.216859213020778,4.221551939071584,0.0,0.27,0.03165540162916806,0.031690629299898736,0.12,0.0,0.12,0,0,0.0,0.13363492212970418
1313,3357,F,45,40,1,MONTHLY,0,0.0,0,0,0,0,187419.5,154916.8,50,36693.778,8994.9456166134,0,13,0,25,0,0,8,12,0,0,0,0,50,342336.3,0,Vyskov,south Moravia,86513,38,36,5,1,5,50.5,8288,3.79,4.52,110,1562.0,1460,0,0,1.209807457938713,32502.70000000001,650.0540000000002,5.107664302105932,4.221881976829968,0.0,0.5,0.05806307396365921,0.047993648561720635,0.0,0.0,0.0,0,1,0.0,0.2451354454865182
1314,3358,M,24,20,1,MONTHLY,0,0.0,0,0,0,0,73245.2,57225.2,79,30642.469620253167,11170.762917881964,0,34,0,33,0,0,12,12,0,0,0,0,79,130470.4,0,Jindrichuv Hradec,south Bohemia,93931,74,21,10,1,8,56.9,8427,1.12,1.54,107,1874.0,1913,0,0,1.2799465969537895,16020.0,202.78481012658227,2.3903164760450157,1.867512661648425,0.0,0.4177215189873418,0.19520705769279906,0.15251187679031478,0.0,0.0,0.0,0,1,0.0,0.36455165188443683
1315,3360,F,23,20,1,MONTHLY,0,0.0,0,0,0,0,85438.0,65025.2,67,28897.432835820895,10437.313654259427,0,32,0,23,0,0,12,12,0,0,0,0,67,150463.2,0,Hradec Kralove,east Bohemia,161854,73,21,6,1,6,76.3,9425,1.72,2.5,125,4085.0,3891,0,0,1.3139213720219238,20412.800000000003,304.66865671641796,2.956594811913262,2.250206804508793,0.0,0.34328358208955223,0.160511827018747,0.12216242953088119,0.0,0.0,0.0,0,1,0.0,0.3611848053617228
1316,3366,F,40,40,2,MONTHLY,1,3803.0,0,1,0,0,180931.5,200951.2,73,33859.08630136986,7404.206652533469,0,12,0,37,12,0,12,12,0,12,0,0,73,381882.7,0,Brno - mesto,south Moravia,387570,0,0,0,1,1,100.0,9897,1.6,1.96,140,18721.0,18696,0,0,0.9003753150018512,-20019.70000000001,-274.2424657534248,5.343661621272985,5.93492683799533,0.0,0.5068493150684932,0.036845794663248936,0.04092270639735739,0.0,0.0,0.1643835616438356,0,0,0.0,0.21867709561418117
1317,3368,F,47,40,2,MONTHLY,3,3956.0,1,1,0,0,170468.0,157147.2,94,45270.69574468085,8204.15946120795,0,14,0,32,36,12,12,12,0,12,0,0,94,327615.2,0,Ceske Budejovice,south Bohemia,177686,69,27,10,1,9,74.8,10045,1.42,1.71,135,6604.0,6295,0,0,1.0847663846380973,13320.799999999988,141.7106382978722,3.7655264005972207,3.4712786586334774,0.0,0.3404255319148936,0.05220684467307053,0.048127269993241836,0.1276595744680851,0.0,0.1276595744680851,0,1,0.0,0.18122450574822258
1318,3369,M,47,40,2,MONTHLY,1,8862.0,0,1,0,0,224695.1,200219.2,75,49613.354666666666,10664.841080990473,0,16,0,35,12,0,12,12,0,12,0,0,75,424914.3,0,Hl.m. Praha,Prague,1204953,0,0,0,1,1,100.0,12541,0.29,0.43,167,85677.0,99107,0,0,1.1222455189112732,24475.899999999994,326.34533333333326,4.528923744617578,4.035590847367548,0.0,0.4666666666666667,0.05326582605959105,0.04746361216150451,0.0,0.0,0.16,0,1,0.0,0.21495908012355744
1319,3373,M,47,40,3,MONTHLY,1,2301.0,0,1,0,0,42360.5,41857.2,61,19288.80819672131,2329.0732716608613,0,0,12,25,12,0,12,12,0,12,0,0,61,84217.7,0,Pardubice,east Bohemia,162580,83,26,5,1,6,72.8,9538,1.51,1.81,111,6079.0,5410,0,0,1.0120242156666,503.3000000000029,8.250819672131195,2.1961180580975648,2.17002520700656,0.0,0.6065573770491803,0.05564331277918402,0.05498219500857784,0.0,0.0,0.19672131147540983,0,1,0.0,0.12074739133217958
1320,3381,F,34,30,2,MONTHLY,1,6094.0,0,1,0,0,265721.0,249937.2,75,37698.39866666667,11129.923567468955,0,2,12,37,12,0,12,12,0,12,0,0,75,515658.2,0,Karvina,north Moravia,285387,0,2,8,5,7,89.9,10177,6.63,7.75,81,9878.0,10108,0,0,1.063151063547163,15783.799999999988,210.4506666666665,7.048601781458515,6.629915562461203,0.0,0.6533333333333333,0.04453088042703909,0.041885750721504716,0.0,0.0,0.16,0,1,0.0,0.29523597715332545
1321,3382,M,45,40,2,WEEKLY,3,8406.0,1,1,0,0,35545.6,69725.0,54,13003.02962962963,8156.617086865549,0,5,0,16,21,8,12,12,0,7,0,0,54,105270.59999999999,0,Brno - mesto,south Moravia,387570,0,0,0,1,1,100.0,9897,1.6,1.96,140,18721.0,18696,0,1,0.5097970598780925,-34179.4,-632.9518518518519,2.7336398525927574,5.362211883384442,0.0,0.2962962962962963,0.11698267603966367,0.22946910691803063,0.14814814814814814,0.0,0.12962962962962962,0,0,0.0,0.6272858956099969
1322,3386,F,59,50,3,MONTHLY,1,2412.0,0,1,0,0,55030.8,49599.2,73,27817.899999999998,2953.3646270445147,0,6,12,31,12,0,12,12,0,12,0,0,73,104630.0,0,Hl.m. Praha,Prague,1204953,0,0,0,1,1,100.0,12541,0.29,0.43,167,85677.0,99107,0,0,1.1095098308037228,5431.600000000006,74.40547945205488,1.9782514136581124,1.7829958408075377,0.0,0.589041095890411,0.05954460207109217,0.05366748488200271,0.0,0.0,0.1643835616438356,0,1,0.0,0.10616777783529724
1323,3387,M,56,50,1,MONTHLY,1,1904.0,0,0,1,0,556153.4,530738.6,70,67592.88142857143,19874.872348234985,0,22,0,36,0,0,11,12,0,0,0,0,70,1086892.0,0,Jihlava,south Moravia,109164,98,16,6,1,4,63.6,8757,3.38,3.95,96,2212.0,2471,0,1,1.0478857200135812,25414.800000000047,363.0685714285721,8.227987744356088,7.851989570245742,0.0,0.5142857142857142,0.03744757277543971,0.035736313664961834,0.0,0.0,0.0,0,1,0.0,0.294037950863771
1324,3392,F,24,20,2,MONTHLY,0,0.0,0,0,0,0,64212.3,58000.0,26,44865.265384615384,11308.378255044083,0,5,0,9,0,0,0,12,0,0,0,0,26,122212.3,0,Hl.m. Praha,Prague,1204953,0,0,0,1,1,100.0,12541,0.29,0.43,167,85677.0,99107,0,0,1.1071086206896552,6212.300000000003,238.93461538461548,1.4312252351463601,1.292759543553009,0.0,0.34615384615384615,0.1949720388800704,0.1761092229221517,0.0,0.0,0.0,0,1,0.0,0.25205196398819935
1325,3393,F,45,40,2,MONTHLY,2,8103.0,0,1,0,0,192144.1,188811.2,81,29658.45925925926,6772.453027887639,0,12,0,33,24,0,12,12,0,12,0,0,81,380955.3,0,Opava,north Moravia,182027,17,49,12,2,7,56.4,8746,3.33,3.74,90,4355.0,4433,0,0,1.01765202487988,3332.899999999994,41.14691358024684,6.478559736376505,6.366183703256731,0.0,0.4074074074074074,0.03586891576287656,0.035246739441323664,0.0,0.0,0.14814814814814814,0,1,0.0,0.22834810698311325
1326,3394,F,19,10,1,MONTHLY,4,7608.0,1,1,0,0,158011.1,154871.2,107,25850.070093457944,5709.654908007236,0,15,0,32,48,12,12,12,0,12,0,0,107,312882.3,0,Zdar nad Sazavou,south Moravia,125832,151,41,2,3,5,48.3,8512,3.51,4.12,102,2247.0,2103,0,0,1.0202742666163882,3139.899999999994,29.344859813084057,6.112598512450029,5.991132690939756,0.0,0.29906542056074764,0.03686711866381377,0.03613451781556635,0.11214953271028037,0.0,0.11214953271028037,1,1,0.0,0.22087579984752995
1327,3397,F,25,20,3,MONTHLY,4,6771.0,1,1,0,0,189048.2,194407.2,110,26363.038181818185,6135.0566275693745,0,12,0,38,48,12,12,12,0,12,0,0,110,383455.4,0,Karlovy Vary,west Bohemia,122603,25,21,6,2,8,80.0,8991,1.39,2.01,128,5198.0,5273,0,0,0.9724341485294783,-5359.0,-48.71818181818182,7.1709564996336805,7.374233525712411,0.0,0.34545454545454546,0.031557764463298554,0.032452340871636835,0.10909090909090909,0.0,0.10909090909090909,1,0,0.0,0.2327143247017919
1328,3399,M,67,60,3,MONTHLY,1,2627.0,0,1,0,0,55452.4,54359.2,59,18110.54915254237,3264.7768894236538,0,0,12,23,12,0,12,12,0,12,12,0,59,109811.6,0,Olomouc,north Moravia,226122,32,50,7,4,4,62.6,8994,3.8,4.79,110,9672.0,9208,0,0,1.0201106712387233,1093.2000000000044,18.528813559322106,3.0618839623764558,3.0015213532257254,0.0,0.5932203389830508,0.060059325549744184,0.058875303673486694,0.0,0.0,0.2033898305084746,0,1,0.0,0.18026934809789255
1329,3404,F,59,50,3,MONTHLY,0,0.0,0,0,0,0,180170.0,189675.2,64,52739.0484375,7908.09672307976,0,12,0,40,0,0,12,12,0,0,0,0,64,369845.2,0,Breclav,south Moravia,124605,11,42,14,1,8,46.0,8772,4.69,4.98,126,2854.0,3158,0,1,0.9498869646638042,-9505.200000000012,-148.51875000000018,3.4162542809909793,3.596485064094024,0.0,0.625,0.041692834503824217,0.04389241673463817,0.0,0.0,0.0,0,0,0.0,0.14994765657274775
1330,3405,M,50,50,3,MONTHLY,2,10141.0,0,1,1,0,540106.5,493001.2,78,64446.083333333336,21892.77746233157,0,1,12,41,12,0,12,12,0,12,0,0,78,1033107.7,0,Teplice,north Bohemia,128118,9,16,6,3,8,85.3,9317,6.49,7.07,97,6949.0,6872,0,1,1.0955480432907667,47105.29999999999,603.9141025641024,8.38074979989733,7.649824077749747,0.0,0.6794871794871795,0.04440714842546341,0.040534186243512293,0.0,0.0,0.15384615384615385,0,1,0.0,0.33970687324931675
1331,3407,F,26,20,2,MONTHLY,2,9461.0,0,1,0,0,251512.4,245947.2,89,46005.93820224719,11004.569501859274,0,14,0,39,24,0,12,12,0,12,0,0,89,497459.6,0,Jablonec n. Nisou,north Bohemia,88768,10,18,5,1,7,80.5,8867,1.02,1.21,130,3384.0,3620,0,0,1.0226276208877352,5565.1999999999825,62.53033707865149,5.4669551329292245,5.345988140026379,0.0,0.43820224719101125,0.044743625875225554,0.043753586311685924,0.0,0.0,0.1348314606741573,0,1,0.0,0.23919889327073324
1332,3412,M,24,20,3,MONTHLY,1,2210.0,0,1,0,0,40673.7,37885.2,61,18275.37868852459,1872.1288508108244,0,0,12,25,12,0,12,12,0,0,0,0,61,78558.9,0,Hodonin,south Moravia,161954,21,37,20,3,8,48.0,8720,3.73,4.5,116,3729.0,3651,0,0,1.0736039403249817,2788.5,45.71311475409836,2.225600940654635,2.073018603099521,0.0,0.6065573770491803,0.04941583654859482,0.0460279947683841,0.0,0.0,0.0,0,1,0.0,0.10243994845296228
1333,3414,F,52,50,3,MONTHLY,2,8130.0,0,1,0,1,202473.1,170935.2,82,51868.667073170735,12472.296735269178,0,13,0,33,24,0,12,12,0,12,0,12,82,373408.3,0,Praha - zapad,central Bohemia,75637,35,36,9,0,7,36.5,9622,0.45,0.59,154,3475.0,3529,0,0,1.1845020803204958,31537.899999999994,384.60853658536575,3.903572453758504,3.295538706611894,5.9267132275843064e-05,0.4024390243902439,0.07296505772520333,0.06159977169939699,0.0,0.14634146341463414,0.14634146341463414,0,1,0.0,0.24045917196357877
1334,3421,M,52,50,1,MONTHLY,2,9131.0,0,1,0,0,179454.7,199547.2,85,24732.770588235293,6128.331660252504,0,12,0,37,24,0,12,12,0,12,0,0,85,379001.9,0,Strakonice,south Bohemia,70646,94,14,3,1,4,58.4,8547,2.65,3.64,120,1563.0,1542,0,0,0.8993095367912955,-20092.5,-236.38235294117646,7.255745948873263,8.068129661741947,0.0,0.43529411764705883,0.030711188431872274,0.034149741746816904,0.0,0.0,0.1411764705882353,0,0,0.0,0.2477818503345349
1335,3424,M,81,80,1,MONTHLY,1,2970.0,0,1,0,0,54419.2,50095.2,56,20086.45357142857,2389.8841140382665,0,0,12,21,11,0,12,12,0,11,12,0,56,104514.4,0,Zlin,south Moravia,197099,29,41,10,2,10,74.7,9624,1.6,2.31,145,4484.0,4265,0,0,1.0863156549928936,4324.0,77.21428571428571,2.7092487883180687,2.493979328996959,0.0,0.5892857142857143,0.047706848441333036,0.04391619343978351,0.0,0.0,0.19642857142857142,0,1,0.0,0.11897989386427538
1336,3425,M,29,20,1,MONTHLY,4,7579.0,1,1,0,0,252131.5,216672.0,87,50332.88275862069,10713.529342890619,0,13,0,25,37,9,10,12,0,10,0,0,87,468803.5,0,Karvina,north Moravia,285387,0,2,8,5,7,89.9,10177,6.63,7.75,81,9878.0,10108,0,1,1.163655202333481,35459.5,407.58045977011494,5.009279941487487,4.304780257452864,0.0,0.28735632183908044,0.04944584137724588,0.042491832011829614,0.10344827586206896,0.0,0.11494252873563218,0,1,0.0,0.212853481773914
1337,3426,M,21,20,1,MONTHLY,0,0.0,0,0,0,0,94838.4,78675.2,63,32745.106349206348,13289.857597381118,0,23,0,28,0,0,12,12,0,0,0,0,63,173513.6,0,Opava,north Moravia,182027,17,49,12,2,7,56.4,8746,3.33,3.74,90,4355.0,4433,0,0,1.2054421215325795,16163.199999999997,256.5587301587301,2.8962617799620802,2.402655198641823,0.0,0.4444444444444444,0.168920544178866,0.14013160910961298,0.0,0.0,0.0,0,1,0.0,0.40585782362875816
1338,3427,M,19,10,1,MONTHLY,1,9472.0,0,1,0,0,246136.5,234299.4,60,46608.80333333334,9425.243787180534,1,12,0,26,9,0,9,12,0,9,0,0,60,480435.9,0,Havlickuv Brod,east Bohemia,95907,87,25,5,2,7,59.1,8388,2.41,2.94,87,1658.0,1668,0,0,1.0505212561363795,11837.100000000006,197.2850000000001,5.280901512096319,5.0269344682453045,0.0,0.43333333333333335,0.040227349225736536,0.03829275132774105,0.0,0.0,0.15,0,1,0.0,0.20222024838899605
1339,3430,M,48,40,3,WEEKLY,3,6120.0,0,1,1,0,559990.3,564135.0,98,71568.01326530612,19802.120181355138,0,20,0,42,24,0,12,12,0,12,0,0,98,1124125.3,0,Beroun,central Bohemia,75232,55,26,4,1,5,41.7,8980,1.95,2.21,111,2824.0,2813,0,0,0.9926529997252431,-4144.699999999953,-42.29285714285667,7.824589148843474,7.882501892412803,0.0,0.42857142857142855,0.03510174015325257,0.0353615414076907,0.0,0.0,0.12244897959183673,0,0,0.0,0.27668953318499584
1340,3431,F,20,20,1,MONTHLY,4,8577.0,1,1,0,0,262586.0,256899.2,110,43864.185454545455,10339.664230993903,0,12,0,38,48,12,12,12,0,12,0,0,110,519485.2,0,Karvina,north Moravia,285387,0,2,8,5,7,89.9,10177,6.63,7.75,81,9878.0,10108,0,0,1.0221363087156363,5686.799999999988,51.69818181818171,5.98634164247975,5.856696011515213,0.0,0.34545454545454546,0.04024794250427367,0.03937629664564715,0.10909090909090909,0.0,0.10909090909090909,1,1,0.0,0.23571996433647324
1341,3432,M,26,20,2,MONTHLY,2,14839.0,0,1,1,0,306955.6,302843.2,71,40723.88309859155,24961.68998763612,0,18,0,29,12,0,12,12,0,12,0,0,71,609798.8,0,Cesky Krumlov,south Bohemia,58796,22,16,7,1,5,51.9,9045,3.13,3.6,124,1845.0,1879,0,0,1.0135793044057122,4112.399999999965,57.92112676056289,7.537483575838478,7.436501064174648,0.0,0.4084507042253521,0.08242446912341475,0.0813201974084725,0.0,0.0,0.16901408450704225,0,1,0.0,0.6129496523503043
1342,3433,M,37,30,3,MONTHLY,1,3536.0,0,1,0,0,122055.9,118687.2,65,20444.667692307692,4252.914229939412,0,14,0,27,12,0,12,12,0,12,0,0,65,240743.1,0,Novy Jicin,north Moravia,161227,5,35,11,4,10,69.7,8678,5.93,5.57,102,4980.0,4595,0,0,1.0283830101308313,3368.699999999997,51.8261538461538,5.970060352016557,5.805288781712802,0.0,0.4153846153846154,0.03583296454832039,0.03484398730368144,0.0,0.0,0.18461538461538463,0,1,0.0,0.20802070710787687
1343,3435,F,54,50,3,MONTHLY,3,2150.0,1,1,0,0,39529.3,45185.2,90,16732.763333333332,2324.7011720707183,0,0,12,30,36,12,12,12,0,12,0,0,90,84714.5,0,Ceske Budejovice,south Bohemia,177686,69,27,10,1,9,74.8,10045,1.42,1.71,135,6604.0,6295,0,0,0.8748284836627923,-5655.899999999994,-62.84333333333327,2.3623892367648383,2.7004027428025936,0.0,0.4666666666666667,0.05144828775950352,0.058809570927659184,0.13333333333333333,0.0,0.13333333333333333,0,0,0.0,0.1389310973782604
1344,3441,M,41,40,2,MONTHLY,1,5185.0,0,1,0,0,128735.4,108795.2,75,31226.44266666667,8280.151817304706,0,21,0,30,12,0,12,12,0,12,0,0,75,237530.6,0,Prerov,north Moravia,138032,67,30,4,2,5,64.6,8819,5.38,5.66,99,4063.0,4505,0,0,1.183281983028663,19940.199999999997,265.8693333333333,4.122640589394492,3.4840728148690387,0.0,0.4,0.07610769424850275,0.06431915244217758,0.0,0.0,0.16,0,1,0.0,0.26516474853357314
1345,3443,F,65,60,3,MONTHLY,1,2704.0,0,1,0,0,81106.7,84623.2,68,19528.902941176468,2949.540345721008,0,0,12,32,12,0,12,12,0,12,12,0,68,165729.9,0,Hl.m. Praha,Prague,1204953,0,0,0,1,1,100.0,12541,0.29,0.43,167,85677.0,99107,0,0,0.9584452017886348,-3516.5,-51.713235294117645,4.153162123049291,4.333228561527282,0.0,0.6470588235294118,0.03485498475265658,0.03636617376518843,0.0,0.0,0.17647058823529413,0,0,0.0,0.1510346154418094
1346,3445,F,20,20,1,MONTHLY,0,0.0,0,0,0,0,120620.2,147125.2,73,42990.33424657534,22012.962212840637,0,30,0,31,0,0,12,12,0,0,0,0,73,267745.4,0,Pelhrimov,south Bohemia,74062,99,15,4,2,7,61.4,8114,2.38,2.62,119,1003.0,1181,0,0,0.8198473137164809,-26505.000000000015,-363.08219178082214,2.8057516210078957,3.4222855574034106,0.0,0.4246575342465753,0.14962061028865645,0.182498140550593,0.0,0.0,0.0,0,0,0.0,0.512044453680753
1347,3447,F,50,50,1,MONTHLY,1,2472.0,0,1,0,0,54925.1,54477.2,65,30143.907692307694,3839.035969294066,0,6,12,24,11,0,12,12,0,11,0,0,65,109402.3,0,Brno - mesto,south Moravia,387570,0,0,0,1,1,100.0,9897,1.6,1.96,140,18721.0,18696,0,0,1.0082217881976314,447.90000000000146,6.890769230769253,1.8220962113022965,1.8072374874576007,0.0,0.5538461538461539,0.07047050819965171,0.0698958394121097,0.0,0.0,0.16923076923076924,0,1,0.0,0.1273569441785988
1348,3449,M,71,70,1,MONTHLY,1,1589.0,0,1,0,0,51336.9,36274.2,55,21634.62181818182,4906.215086846888,0,0,12,20,11,0,12,12,0,11,12,0,55,87611.1,0,Plzen - jih,west Bohemia,67298,71,19,10,0,7,43.8,8561,0.65,1.29,110,1029.0,1127,0,0,1.4152455464214238,15062.700000000004,273.8672727272728,2.372904894360403,1.676673634734628,0.0,0.5818181818181818,0.13525357104627775,0.09556897839267443,0.0,0.0,0.2,0,1,0.0,0.22677609657700076
1349,3450,M,23,20,1,MONTHLY,1,6599.0,0,1,0,0,186707.7,189843.2,73,28827.234246575343,8010.71828899359,0,12,0,37,12,0,12,12,0,12,0,0,73,376550.9,0,Klatovy,west Bohemia,88757,60,33,3,2,10,61.7,8554,2.47,2.68,113,1822.0,2218,0,0,0.9834837381586489,-3135.5,-42.95205479452055,6.47678158795899,6.585550260429623,0.0,0.5068493150684932,0.042196498420768246,0.04290513079532119,0.0,0.0,0.1643835616438356,0,0,0.0,0.2778871611641085
1350,3453,M,49,40,1,MONTHLY,3,6619.0,0,1,1,0,129520.59999999999,135243.2,83,27774.708433734937,5827.783013211313,0,15,0,32,24,0,12,12,0,12,0,0,83,264763.8,0,Breclav,south Moravia,124605,11,42,14,1,8,46.0,8772,4.69,4.98,126,2854.0,3158,0,0,0.9576865971819654,-5722.60000000002,-68.94698795180747,4.663256873029325,4.869293239303089,0.0,0.3855421686746988,0.04309113517878394,0.044995027919970364,0.0,0.0,0.14457831325301204,0,0,0.0,0.20982337319994815
1351,3454,F,50,50,3,MONTHLY,0,0.0,0,0,0,0,129196.5,162844.2,56,19963.95892857143,10209.32990248317,0,13,0,31,0,0,12,12,0,0,0,0,56,292040.7,0,Praha - zapad,central Bohemia,75637,35,36,9,0,7,36.5,9622,0.45,0.59,154,3475.0,3529,0,0,0.7933748945310917,-33647.70000000001,-600.8517857142859,6.471486966199894,8.156909187332852,0.0,0.5535714285714286,0.06269385033352842,0.07902172196989214,0.0,0.0,0.0,0,0,0.0,0.5113880437748288
1352,3457,F,76,70,3,MONTHLY,1,2613.0,0,1,0,0,72273.3,72721.2,68,26722.201470588236,3338.3523186939324,0,0,12,32,12,0,12,12,0,12,12,0,68,144994.5,0,Louny,north Bohemia,85852,41,23,4,2,4,59.8,8965,7.08,8.23,104,2653.0,2822,0,0,0.9938408607118695,-447.8999999999942,-6.586764705882267,2.7046162375337053,2.721377581111366,0.0,0.6470588235294118,0.04590617754786682,0.046190672332575546,0.0,0.0,0.17647058823529413,0,0,0.0,0.1249280424132827
1353,3458,M,46,40,3,MONTHLY,2,7099.0,0,1,0,0,314774.0,319663.2,85,48984.19411764706,11591.694615186801,9,12,0,28,24,0,12,12,0,12,0,0,85,634437.2,0,Decin,north Bohemia,133777,24,17,7,3,11,84.7,8705,5.75,7.61,116,4650.0,4859,0,0,0.9847051521726616,-4889.200000000012,-57.52000000000014,6.426032022574389,6.525843810602532,0.0,0.32941176470588235,0.03626221165022061,0.03682545132440037,0.0,0.0,0.1411764705882353,0,0,0.0,0.2366415294563512
1354,3463,F,20,20,1,MONTHLY,4,3493.0,1,1,0,0,158565.1,167131.2,109,34631.84036697248,6900.780881861596,0,12,0,37,48,12,12,12,0,12,0,0,109,325696.3,0,Hl.m. Praha,Prague,1204953,0,0,0,1,1,100.0,12541,0.29,0.43,167,85677.0,99107,0,0,0.9487462544396258,-8566.100000000006,-78.58807339449547,4.578592945676071,4.825940470648186,0.0,0.3394495412844037,0.04128960290993899,0.0435201748799805,0.11009174311926606,0.0,0.11009174311926606,1,0,0.0,0.1992611657000677
1355,3464,M,46,40,1,MONTHLY,1,5711.0,0,1,0,0,227442.5,218421.6,64,37682.4875,9006.077331050248,0,12,0,29,11,0,11,12,0,11,0,0,64,445864.1,0,Hradec Kralove,east Bohemia,161854,73,21,6,1,6,76.3,9425,1.72,2.5,125,4085.0,3891,0,0,1.0413004025242925,9020.899999999994,140.9515624999999,6.035761306893553,5.796368936631373,0.0,0.453125,0.04123253987266025,0.03959716117722171,0.0,0.0,0.171875,0,1,0.0,0.23899901329630235
1356,3465,M,57,50,3,MONTHLY,1,7523.0,0,1,0,0,280188.9,258751.2,73,60048.64794520548,10731.721550619473,0,12,0,37,12,0,12,12,0,12,0,0,73,538940.1,0,Sokolov,west Bohemia,94812,15,13,8,2,10,81.8,9650,3.38,3.67,100,2985.0,2804,0,1,1.0828506302579466,21437.70000000001,293.6671232876714,4.66603178568938,4.309026245455369,0.0,0.5068493150684932,0.04147506002143941,0.03830173697323296,0.0,0.0,0.1643835616438356,0,1,0.0,0.17871712216421914
1357,3466,F,63,60,2,MONTHLY,1,3306.0,0,1,0,0,60470.3,54107.2,55,19989.087272727273,4093.759291945555,0,0,12,19,12,0,12,12,0,12,12,0,55,114577.5,0,Hl.m. Praha,Prague,1204953,0,0,0,1,1,100.0,12541,0.29,0.43,167,85677.0,99107,0,0,1.117601723984978,6363.100000000006,115.69272727272738,3.0251656403794143,2.7068369486696287,0.0,0.5636363636363636,0.07566015783381057,0.06769867673792845,0.0,0.0,0.21818181818181817,0,1,0.0,0.20479971076673428
1358,3470,F,62,60,1,MONTHLY,1,3829.0,0,1,0,0,81305.4,65947.0,53,27783.424528301886,3691.915996257939,0,0,12,22,9,0,10,10,0,9,12,0,53,147252.4,0,Usti nad Orlici,east Bohemia,139012,59,41,8,3,10,61.9,8363,2.52,3.49,108,2564.0,2799,0,0,1.2328900480689038,15358.399999999994,289.7811320754716,2.92639951267265,2.3736094854981746,0.0,0.6415094339622641,0.05598307726292233,0.0454080048343399,0.0,0.0,0.16981132075471697,0,1,0.0,0.13288196321864962
1359,3476,F,31,30,3,MONTHLY,1,5231.0,0,1,0,0,227058.4,216147.2,70,22913.024285714284,7630.122770270584,0,12,0,34,12,0,12,12,0,12,0,0,70,443205.6,0,Usti nad Orlici,east Bohemia,139012,59,41,8,3,10,61.9,8363,2.52,3.49,108,2564.0,2799,0,0,1.0504804133479406,10911.199999999983,155.87428571428546,9.909577939982606,9.433377161598111,0.0,0.4857142857142857,0.03530058575947587,0.03360423032255395,0.0,0.0,0.17142857142857143,0,1,0.0,0.3330037394944752
1360,3477,M,34,30,1,MONTHLY,1,5305.0,0,1,0,0,580687.4,582512.2,77,64920.18831168831,23063.149387171587,0,0,12,41,12,0,12,12,0,12,0,0,77,1163199.6,0,Litomerice,north Bohemia,114006,71,26,6,2,9,62.3,9065,4.46,5.39,123,4147.0,4166,0,0,0.9968673617479601,-1824.7999999999302,-23.698701298700392,8.944635175918803,8.972743535543993,0.0,0.6883116883116883,0.039592560271135245,0.03971697919943085,0.0,0.0,0.15584415584415584,0,0,0.0,0.3552538892284647
1361,3482,F,58,50,3,MONTHLY,1,7501.0,0,1,0,0,229246.4,240087.2,73,35607.82465753425,8643.484442595101,0,13,0,36,12,0,12,12,0,12,0,0,73,469333.6,0,Novy Jicin,north Moravia,161227,5,35,11,4,10,69.7,8678,5.93,5.57,102,4980.0,4595,0,0,0.9548464058058904,-10840.800000000017,-148.50410958904135,6.438090565903015,6.742540503641804,0.0,0.4931506849315068,0.03600143798834382,0.03770390480546304,0.0,0.0,0.1643835616438356,0,0,0.0,0.24274115382575692
1362,3483,M,59,50,3,MONTHLY,1,4639.0,0,1,0,0,128650.1,123483.2,72,36537.98888888889,7886.487070854047,0,19,0,29,12,0,12,12,0,12,0,0,72,252133.3,0,Karvina,north Moravia,285387,0,2,8,5,7,89.9,10177,6.63,7.75,81,9878.0,10108,0,0,1.041842938958498,5166.900000000009,71.76250000000012,3.5209956517098338,3.37958392771724,0.0,0.4027777777777778,0.06386688287033415,0.06130183397334356,0.0,0.0,0.16666666666666666,0,1,0.0,0.21584349086198085
1363,3486,M,37,30,3,MONTHLY,1,3854.0,0,1,0,0,108328.9,99523.2,69,46765.79420289855,7784.51511646648,0,21,0,24,12,0,12,12,0,12,0,0,69,207852.1,0,Hl.m. Praha,Prague,1204953,0,0,0,1,1,100.0,12541,0.29,0.43,167,85677.0,99107,0,0,1.0884788672389956,8805.699999999997,127.61884057971011,2.3164131358488884,2.128119530445856,0.0,0.34782608695652173,0.07821809504182423,0.07186000334598136,0.0,0.0,0.17391304347826086,0,1,0.0,0.1664574556927763
1364,3488,M,44,40,2,MONTHLY,1,3472.0,0,1,0,0,90869.4,87939.2,76,29464.392105263156,3957.4114479631985,0,21,0,31,12,0,12,12,0,12,0,0,76,178808.6,0,Hl.m. Praha,Prague,1204953,0,0,0,1,1,100.0,12541,0.29,0.43,167,85677.0,99107,0,0,1.033320748881045,2930.199999999997,38.5552631578947,3.0840412276406073,2.984592374613818,0.0,0.40789473684210525,0.04500167670348603,0.04355054009339997,0.0,0.0,0.15789473684210525,0,1,0.0,0.1343116611340607
1365,3498,M,61,60,3,MONTHLY,1,3735.8,0,0,1,0,874139.7,883775.2,87,85525.99195402299,24842.648986113778,0,30,0,45,0,0,12,12,0,0,0,0,87,1757914.9,0,Pelhrimov,south Bohemia,74062,99,15,4,2,7,61.4,8114,2.38,2.62,119,1003.0,1181,0,0,0.9890973405906841,-9635.5,-110.75287356321839,10.220749038139417,10.333410695488913,0.0,0.5172413793103449,0.02810969235854749,0.02841954093391912,0.0,0.0,0.0,0,0,0.0,0.2904689956647176
1366,3499,M,30,30,3,MONTHLY,1,5598.0,0,1,0,0,237346.1,244931.2,72,28360.591666666667,7363.3151369943525,0,12,0,36,12,0,12,12,0,12,0,0,72,482277.3,0,Prachatice,south Bohemia,51428,50,11,3,1,4,52.7,8402,3.13,3.98,120,999.0,1099,0,0,0.9690317117623234,-7585.100000000006,-105.3486111111112,8.368869831406315,8.636321938511509,0.0,0.5,0.030062789620082506,0.03102353540670924,0.0,0.0,0.16666666666666666,0,0,0.0,0.2596319295287746
1367,3500,M,39,30,3,MONTHLY,2,2147.0,0,1,0,0,39696.2,41329.2,75,20542.66933333333,1989.5667536652502,0,0,12,27,24,0,12,12,0,12,0,0,75,81025.4,0,Rokycany,west Bohemia,45714,52,10,5,1,6,55.6,8843,2.82,3.6,113,818.0,888,0,0,0.9604879842822992,-1633.0,-21.773333333333333,1.9323778889624341,2.011870966200952,0.0,0.52,0.048139493473506635,0.05011982894244916,0.0,0.0,0.16,0,0,0.0,0.09685044924696821
1368,3507,F,53,50,3,MONTHLY,2,6290.0,0,1,0,0,264277.0,276655.2,84,34479.99523809524,10907.741708318856,0,12,0,36,24,0,12,12,0,12,0,0,84,540932.2,0,Ceska Lipa,north Bohemia,105058,32,19,7,2,10,81.0,9272,2.8,3.22,118,4340.0,4505,0,0,0.9552576636911216,-12378.200000000012,-147.35952380952395,7.664647230229702,8.023643799530964,0.0,0.42857142857142855,0.03942720653115812,0.04127389711673303,0.0,0.0,0.14285714285714285,0,0,0.0,0.31634986121655356
1369,3508,M,29,20,2,MONTHLY,1,7826.0,0,1,0,0,293038.7,264167.2,69,49290.05942028986,11994.7616386257,0,13,0,32,12,0,12,12,0,12,0,0,69,557205.9,0,Louny,north Bohemia,85852,41,23,4,2,4,59.8,8965,7.08,8.23,104,2653.0,2822,0,0,1.1092925238258193,28871.5,418.42753623188406,5.945188613008103,5.359441702990882,0.0,0.463768115942029,0.04540594607743012,0.04093234661027946,0.0,0.0,0.17391304347826086,0,1,0.0,0.24335052097113424
1370,3511,M,36,30,2,MONTHLY,0,0.0,0,0,0,0,166016.6,163675.2,61,36802.53114754098,7262.797846205484,0,12,0,37,0,0,12,12,0,0,0,0,61,329691.8,0,Ostrava - mesto,north Moravia,323870,0,0,0,1,1,100.0,10673,4.75,5.44,100,18782.0,18347,0,0,1.0143051604641387,2341.399999999994,38.38360655737695,4.511010379542676,4.447389755444476,0.0,0.6065573770491803,0.0443732333683141,0.04374741951229867,0.0,0.0,0.0,0,1,0.0,0.19734506349818712
1371,3513,M,77,70,3,MONTHLY,1,3983.0,0,1,0,0,83844.6,92511.2,66,24012.598484848484,4594.7725315252765,0,0,12,30,12,0,12,12,0,12,12,0,66,176355.8,0,Karvina,north Moravia,285387,0,2,8,5,7,89.9,10177,6.63,7.75,81,9878.0,10108,0,0,0.9063183701000529,-8666.599999999991,-131.31212121212107,3.4916920820920083,3.852610955801926,0.0,0.6363636363636364,0.04966720279842091,0.05480105494599862,0.0,0.0,0.18181818181818182,0,0,0.0,0.19134840964523248
1372,3518,F,44,40,1,MONTHLY,4,8629.0,1,1,1,0,149203.2,154151.2,91,23736.803296703296,5121.855621711304,0,13,0,30,36,12,12,12,0,12,0,0,91,303354.4,0,Decin,north Bohemia,133777,24,17,7,3,11,84.7,8705,5.75,7.61,116,4650.0,4859,0,0,0.9679016446190494,-4948.0,-54.37362637362637,6.285732671539735,6.4941853405091585,0.0,0.32967032967032966,0.03322618067009082,0.03432805477168924,0.13186813186813187,0.0,0.13186813186813187,0,0,0.0,0.21577697542881255
1373,3519,M,50,50,2,MONTHLY,1,6336.0,0,0,0,1,679271.1,652038.2,90,66252.92222222222,29352.49832200525,0,29,0,39,10,0,12,12,0,0,0,10,90,1331309.3,0,Ostrava - mesto,north Moravia,323870,0,0,0,1,1,100.0,10673,4.75,5.44,100,18782.0,18347,0,1,1.041765804518815,27232.900000000023,302.58777777777806,10.252696442907425,9.841651932166346,1.4721662676359999e-05,0.43333333333333335,0.04501653173388499,0.043211757900498415,0.0,0.1111111111111111,0.0,0,1,0.0,0.4430370365182169
1374,3520,F,71,70,3,MONTHLY,2,2980.0,0,1,0,0,54375.0,52705.2,71,14097.488732394366,2045.3423524506518,0,0,12,23,24,0,12,12,0,12,12,0,71,107080.2,0,Mlada Boleslav,central Bohemia,112065,95,19,7,1,8,69.4,11277,1.25,1.44,127,5179.0,4987,0,0,1.031681883381526,1669.800000000003,23.51830985915497,3.857069938637558,3.7386233108943485,0.0,0.49295774647887325,0.03880722115560992,0.03761549153932233,0.0,0.0,0.16901408450704225,0,1,0.0,0.14508558164339555
1375,3522,M,36,30,3,MONTHLY,0,0.0,0,0,0,0,636382.3,594011.2,72,75114.60972222223,24084.557973921794,0,2,12,46,0,0,12,12,0,0,0,0,72,1230393.5,0,Hodonin,south Moravia,161954,21,37,20,3,8,48.0,8720,3.73,4.5,116,3729.0,3651,0,1,1.0713304732301345,42371.10000000009,588.4875000000013,8.47215078868645,7.908064785222003,0.0,0.8055555555555556,0.040545629398775304,0.03784605255979274,0.0,0.0,0.0,0,1,0.0,0.32063746404311694
1376,3527,M,21,20,1,MONTHLY,1,7331.0,0,1,0,0,183999.7,202287.2,75,24740.701333333334,6613.483703716411,0,13,0,38,12,0,12,12,0,12,0,0,75,386286.9,0,Vsetin,north Moravia,148545,8,35,12,3,4,53.5,8909,4.01,5.56,113,3460.0,3590,0,0,0.9095963560719611,-18287.5,-243.83333333333334,7.437125468714819,8.176292065231673,0.0,0.5066666666666667,0.03269353524946912,0.03594290481841226,0.0,0.0,0.16,0,0,0.0,0.2673118928446064
1377,3530,F,28,20,2,MONTHLY,0,0.0,0,0,0,0,573908.1,562178.2,68,62812.91323529411,27661.80708169203,0,20,0,36,0,0,12,12,0,0,0,0,68,1136086.3,0,Jindrichuv Hradec,south Bohemia,93931,74,21,10,1,8,56.9,8427,1.12,1.54,107,1874.0,1913,0,0,1.0208650922429934,11729.900000000023,172.49852941176505,9.136785263408628,8.950041815352646,0.0,0.5294117647058824,0.04920469538251756,0.04819901841722051,0.0,0.0,0.0,0,1,0.0,0.44038408118522143
1378,3531,M,79,70,1,MONTHLY,1,2786.0,0,1,0,0,50874.6,48927.2,57,15476.259649122809,2332.057920199273,0,0,12,21,12,0,12,12,0,12,12,0,57,99801.8,0,Hradec Kralove,east Bohemia,161854,73,21,6,1,6,76.3,9425,1.72,2.5,125,4085.0,3891,0,0,1.0398019915302736,1947.4000000000015,34.16491228070178,3.2872671532674604,3.1614357156881367,0.0,0.5789473684210527,0.04766383361809532,0.04583933672597472,0.0,0.0,0.21052631578947367,0,1,0.0,0.15068614594686344
1379,3532,M,64,60,2,MONTHLY,0,0.0,0,0,0,0,139387.2,141075.2,63,45748.34126984127,5511.368927005309,0,12,0,39,0,0,12,12,0,0,0,0,63,280462.4,0,Breclav,south Moravia,124605,11,42,14,1,8,46.0,8772,4.69,4.98,126,2854.0,3158,0,0,0.9880347502608537,-1688.0,-26.793650793650794,3.046825221002895,3.0837227336371464,0.0,0.6190476190476191,0.039066887213382,0.039539993105574316,0.0,0.0,0.0,0,0,0.0,0.12047144823234443
1380,3533,F,36,30,3,MONTHLY,1,4297.0,0,1,0,0,91769.8,100439.2,69,22752.814492753623,5004.312647203745,0,15,0,30,12,0,12,12,0,12,0,0,69,192209.0,0,Hl.m. Praha,Prague,1204953,0,0,0,1,1,100.0,12541,0.29,0.43,167,85677.0,99107,0,0,0.9136850950624856,-8669.399999999994,-125.64347826086949,4.033338382345054,4.4143637716550685,0.0,0.43478260869565216,0.049824298154542694,0.054531149105737885,0.0,0.0,0.17391304347826086,0,0,0.0,0.2199425767215538
1381,3534,F,28,20,3,MONTHLY,4,4008.0,1,1,0,0,152156.8,141291.2,112,42079.87857142858,6168.999410032241,0,14,0,38,48,12,12,12,0,12,0,0,112,293448.0,0,Svitavy,east Bohemia,102609,75,33,2,3,6,52.0,8187,4.83,5.45,94,2123.0,2134,0,0,1.076902170835834,10865.599999999977,97.0142857142855,3.6159039703910056,3.357690297517493,0.0,0.3392857142857143,0.04366159683003783,0.040543698408695775,0.10714285714285714,0.0,0.10714285714285714,1,1,0.0,0.14660212005033854
1382,3536,M,77,70,3,MONTHLY,1,3566.0,0,1,0,0,67645.3,59667.2,57,25015.50701754386,4249.759207206401,0,0,12,21,12,0,12,12,0,12,12,0,57,127312.5,0,Brno - venkov,south Moravia,157042,49,70,18,0,9,33.9,8743,1.88,2.43,111,3659.0,3894,0,0,1.1337099780113697,7978.100000000006,139.96666666666678,2.704134677444636,2.385208501197047,0.0,0.5789473684210527,0.07122437800343238,0.06282416083905905,0.0,0.0,0.21052631578947367,0,1,0.0,0.1698849919062589
1383,3539,M,79,70,1,MONTHLY,1,2884.0,0,1,0,0,52883.5,57943.2,62,18724.16290322581,2166.5555450033767,0,0,12,26,12,0,12,12,0,12,12,0,62,110826.7,0,Liberec,north Bohemia,159617,29,19,8,1,9,85.2,9198,3.33,4.28,131,5796.0,6132,0,0,0.9126782780378025,-5059.699999999997,-81.60806451612899,2.824345220308311,3.094568248496573,0.0,0.6129032258064516,0.03739102336431845,0.040968459822125554,0.0,0.0,0.1935483870967742,0,0,0.0,0.11570907368201337
1384,3540,M,63,60,3,MONTHLY,5,8615.3,1,1,1,0,868841.0,788882.2,135,73746.95259259258,24943.683997631673,0,27,0,48,48,12,12,12,0,12,0,0,135,1657723.2,0,Olomouc,north Moravia,226122,32,50,7,4,4,62.6,8994,3.8,4.79,110,9672.0,9208,0,0,1.1013570847459861,79958.80000000005,592.2874074074077,11.781381731118062,10.697149811167089,0.0,0.35555555555555557,0.03161902245687845,0.028709147010364006,0.08888888888888889,0.0,0.08888888888888889,1,1,0.0,0.3382334201038852
1385,3542,M,60,60,3,MONTHLY,2,10449.0,0,1,0,1,585982.2,536408.2,83,63594.71927710844,36813.67025548226,0,20,0,27,24,0,12,12,0,12,0,12,83,1122390.4,0,Praha - vychod,central Bohemia,92084,55,29,4,3,5,46.7,10124,0.56,0.54,141,3810.0,4316,0,0,1.0924184231337255,49574.0,597.277108433735,9.21432167105941,8.434791537684884,2.047843774094162e-05,0.3253012048192771,0.06862995430622101,0.062823871195204,0.0,0.14457831325301204,0.14457831325301204,0,1,0.0,0.5788793578138133
1386,3545,M,33,30,1,MONTHLY,1,2100.0,0,1,0,0,38575.0,34525.2,61,15759.077049180327,2001.5323007130844,0,0,12,25,12,0,12,12,0,12,0,0,61,73100.2,0,Frydek - Mistek,north Moravia,228848,15,40,18,2,6,57.2,9893,4.09,4.72,96,5623.0,5887,0,0,1.1172998273724701,4049.800000000003,66.39016393442628,2.4477956341996814,2.1908135795170662,0.0,0.6065573770491803,0.05797308344956972,0.051886773835724806,0.0,0.0,0.19672131147540983,0,1,0.0,0.12700821846779342
1387,3548,M,24,20,3,MONTHLY,4,14700.3,1,1,1,0,254416.3,255406.2,88,30397.975,14513.263932227452,0,15,0,25,36,12,12,12,0,12,0,0,88,509822.5,0,Hl.m. Praha,Prague,1204953,0,0,0,1,1,100.0,12541,0.29,0.43,167,85677.0,99107,0,0,0.9961242131162046,-989.9000000000233,-11.2488636363639,8.36951474563684,8.402079414829442,0.0,0.2840909090909091,0.05682424284229377,0.05704533841671093,0.13636363636363635,0.0,0.13636363636363635,0,0,0.0,0.47744180104850575
1388,3550,F,30,30,3,MONTHLY,1,7156.0,0,1,0,0,648951.3,613454.2,88,60750.56931818181,28432.891662421156,0,23,0,41,12,0,12,12,0,12,0,0,88,1262405.5,0,Brno - mesto,south Moravia,387570,0,0,0,1,1,100.0,9897,1.6,1.96,140,18721.0,18696,0,0,1.0578643034801947,35497.10000000009,403.37613636363744,10.682225817524607,10.097916890079276,0.0,0.4659090909090909,0.04634884179197266,0.04381359843553924,0.0,0.0,0.13636363636363635,0,1,0.0,0.468026752366773
1389,3562,M,68,60,2,MONTHLY,2,2051.0,0,1,0,0,78002.8,65867.2,80,21683.7775,5054.8195183941,0,0,12,32,24,0,12,12,0,12,12,0,80,143870.0,0,Hl.m. Praha,Prague,1204953,0,0,0,1,1,100.0,12541,0.29,0.43,167,85677.0,99107,0,0,1.1842434474214785,12135.600000000006,151.69500000000008,3.597288341480169,3.037625708896893,0.0,0.55,0.07674258991416213,0.0648030521775385,0.0,0.0,0.15,0,1,0.0,0.2331152640905903
1390,3565,M,37,30,3,MONTHLY,3,3015.0,1,1,0,0,154492.3,142075.2,97,46979.19381443299,8354.640453013411,0,12,0,37,36,12,12,12,0,12,0,0,97,296567.5,0,Chrudim,east Bohemia,105606,77,26,7,2,7,53.0,8254,2.79,3.76,97,2166.0,2325,0,0,1.0873980821424145,12417.099999999977,128.01134020618534,3.288525993235259,3.0242153699187475,0.0,0.38144329896907214,0.05880435468690814,0.05407803788935379,0.12371134020618557,0.0,0.12371134020618557,0,1,0.0,0.17783703326230113
1391,3571,M,29,20,1,MONTHLY,1,4640.0,0,1,0,0,282236.7,279015.2,76,40034.538157894734,13552.772214509881,0,13,0,39,12,0,12,12,0,12,0,0,76,561251.9,0,Klatovy,west Bohemia,88757,60,33,3,2,10,61.7,8554,2.47,2.68,113,1822.0,2218,0,0,1.011545965954543,3221.5,42.38815789473684,7.049830296202467,6.969362276631602,0.0,0.5131578947368421,0.048573598192893724,0.048019170485305,0.0,0.0,0.15789473684210525,0,1,0.0,0.3385270028858145
1392,3572,F,71,70,3,MONTHLY,1,3261.0,0,1,0,0,64213.0,70997.2,66,20094.989393939395,3166.3906372606557,0,0,12,30,12,0,12,12,0,12,12,0,66,135210.2,0,Rychnov nad Kneznou,east Bohemia,78955,50,24,8,1,9,59.0,9060,1.78,2.44,124,1655.0,1717,0,0,0.9044441189229998,-6784.199999999997,-102.79090909090905,3.195473196883921,3.5330797448150233,0.0,0.6363636363636364,0.044598810055335364,0.04931074139598922,0.0,0.0,0.18181818181818182,0,0,0.0,0.15757115244935796
1393,3573,F,27,20,2,MONTHLY,0,0.0,0,0,0,0,656873.5,669813.2,87,53889.255172413796,24410.537897681203,2,23,0,50,0,0,12,12,0,0,0,0,87,1326686.7,0,Mlada Boleslav,central Bohemia,112065,95,19,7,1,8,69.4,11277,1.25,1.44,127,5179.0,4987,0,0,0.9806816288481625,-12939.699999999953,-148.73218390804544,12.189322303646481,12.429438815901115,0.0,0.5747126436781609,0.03644379940210376,0.03716170297276599,0.0,0.0,0.0,0,0,0.0,0.45297597488742225
1394,3574,F,53,50,2,MONTHLY,1,8884.0,0,1,0,0,187901.5,184983.2,71,38150.86478873239,7429.931315181446,0,15,0,32,12,0,12,12,0,12,0,0,71,372884.7,0,Prachatice,south Bohemia,51428,50,11,3,1,4,52.7,8402,3.13,3.98,120,999.0,1099,0,0,1.0157760272284184,2918.2999999999884,41.10281690140829,4.925222561547163,4.848728882670927,0.0,0.4507042253521127,0.040165438348895716,0.039541628540386564,0.0,0.0,0.16901408450704225,0,1,0.0,0.19475132100742912
1395,3576,F,60,60,3,MONTHLY,1,2604.5,0,0,0,1,69910.7,144722.2,61,35649.82131147541,16091.668727192491,0,8,0,41,0,0,12,12,0,0,0,0,61,214632.9,0,Hl.m. Praha,Prague,1204953,0,0,0,1,1,100.0,12541,0.29,0.43,167,85677.0,99107,0,0,0.48306825075904036,-74811.50000000001,-1226.4180327868855,1.9610392823342502,4.059549099434476,0.0,0.6721311475409836,0.11119005050498465,0.23017461886653248,0.0,0.0,0.0,0,0,0.0,0.4513814693935844
1396,3580,F,70,70,1,MONTHLY,1,2648.0,0,1,0,0,68595.3,53606.0,54,29019.814814814814,3104.5010032852333,0,0,12,22,10,0,10,10,0,10,12,0,54,122201.3,0,Kutna Hora,central Bohemia,77963,60,23,4,2,4,51.5,8546,2.95,4.02,126,2640.0,3120,0,0,1.2796198186770138,14989.300000000003,277.57962962962966,2.3637401009527337,1.847220609162322,0.0,0.6296296296296297,0.057913312003977785,0.04525821744762736,0.0,0.0,0.18518518518518517,0,1,0.0,0.10697866347859547
1397,3583,F,57,50,1,MONTHLY,2,3678.0,0,1,0,0,464965.0,459471.2,84,56825.83571428571,17456.19498893505,1,0,12,35,24,0,12,12,0,12,0,0,84,924436.2,0,Cesky Krumlov,south Bohemia,58796,22,16,7,1,5,51.9,9045,3.13,3.6,124,1845.0,1879,0,0,1.0119567885865317,5493.799999999988,65.40238095238081,8.18228177651086,8.08560391984682,0.0,0.5595238095238095,0.037991924170513953,0.03754303009674933,0.0,0.0,0.14285714285714285,0,1,0.0,0.3071876509956308
1398,3585,F,31,30,1,MONTHLY,0,0.0,0,0,0,0,14700.0,6000.0,12,26916.666666666668,3461.9577575631274,0,7,0,5,0,0,0,0,0,0,0,0,12,20700.0,15,Rokycany,west Bohemia,45714,52,10,5,1,6,55.6,8843,2.82,3.6,113,818.0,888,0,0,2.45,8700.0,725.0,0.5461300309597523,0.22291021671826625,0.0,0.4166666666666667,0.5769929595938545,0.23550733044647126,0.0,0.0,0.0,0,1,0.0,0.12861762566797996
1399,3586,M,56,50,3,MONTHLY,0,0.0,0,0,0,0,127142.3,131975.2,54,30658.766666666666,5697.8921934939435,0,12,0,30,0,0,12,12,0,0,0,0,54,259117.5,0,Prostejov,south Moravia,110643,49,41,4,1,4,51.9,8441,3.45,4.48,115,1879.0,2252,0,0,0.9633802411362135,-4832.900000000009,-89.4981481481483,4.147012871794147,4.304648045202949,0.0,0.5555555555555556,0.043173961422251626,0.04481507880142127,0.0,0.0,0.0,0,0,0.0,0.18584870863996303
1400,3588,F,46,40,3,WEEKLY,1,3554.8,0,0,1,0,2619.5,5260.0,28,16356.317857142858,1347.3467389111436,0,2,0,14,0,0,12,12,0,0,0,0,28,7879.5,0,Sumperk,north Moravia,127369,31,32,13,2,7,51.2,8369,4.73,5.88,107,3736.0,2807,0,0,0.4980038022813688,-2640.5,-94.30357142857143,0.16015218234806164,0.321588272246919,0.0,0.5,0.2561495701351984,0.5143526394010856,0.0,0.0,0.0,0,0,0.0,0.08237469769656945
1401,3589,F,38,30,3,MONTHLY,1,3554.8,0,0,1,0,381750.0,342951.2,63,46600.21428571428,32687.069818970875,3,14,0,34,0,0,12,12,0,0,0,0,63,724701.2,0,Pribram,central Bohemia,107870,84,29,6,1,6,58.0,8754,3.83,4.31,137,3804.0,3868,0,0,1.1131321307521302,38798.79999999999,615.8539682539681,8.192022415592817,7.359433969494316,0.0,0.5396825396825397,0.0953111399492723,0.0856242824334535,0.0,0.0,0.0,0,1,0.0,0.7014360410139013
1402,3591,M,69,60,3,MONTHLY,1,1546.0,0,1,0,0,69091.9,64387.2,64,41773.0671875,3972.9617410554556,0,0,12,28,12,0,12,12,0,12,12,0,64,133479.1,0,Nymburk,central Bohemia,81344,61,23,4,2,6,55.3,8899,3.39,3.97,149,2987.0,2487,0,0,1.0730688708314695,4704.699999999997,73.51093749999995,1.6539819709641712,1.5413567720798573,0.0,0.625,0.06170421669299885,0.05750256891264325,0.0,0.0,0.1875,0,1,0.0,0.09510821226563676
1403,3596,M,24,20,1,MONTHLY,1,3212.0,0,1,0,0,73191.0,78119.2,70,17450.204285714288,3037.111136935445,0,19,0,27,12,0,12,12,0,12,0,0,70,151310.2,0,Ostrava - mesto,north Moravia,323870,0,0,0,1,1,100.0,10673,4.75,5.44,100,18782.0,18347,0,0,0.9369143565218282,-4928.199999999997,-70.4028571428571,4.194277545502332,4.476692577401672,0.0,0.38571428571428573,0.038877908848726626,0.04149569123164658,0.0,0.0,0.17142857142857143,0,0,0.0,0.17404444596799326
1404,3598,M,76,70,3,MONTHLY,1,3316.0,0,1,0,0,60667.7,60947.2,63,20686.606349206348,3318.1053878863345,0,0,12,27,12,0,12,12,0,12,12,0,63,121614.90000000001,0,Zdar nad Sazavou,south Moravia,125832,151,41,2,3,5,48.3,8512,3.51,4.12,102,2247.0,2103,0,0,0.9954140633203822,-279.5,-4.436507936507937,2.9327043293559623,2.9462154870239634,0.0,0.6190476190476191,0.054442294115009955,0.05469311326927401,0.0,0.0,0.19047619047619047,0,0,0.0,0.16039873007075592
1405,3605,M,65,60,3,MONTHLY,1,2113.0,0,1,0,0,55918.0,53831.2,67,33830.35820895522,2462.1337840684614,0,0,12,31,12,0,12,12,0,12,12,0,67,109749.2,0,Novy Jicin,north Moravia,161227,5,35,11,4,10,69.7,8678,5.93,5.57,102,4980.0,4595,0,0,1.0387656229101339,2086.800000000003,31.14626865671646,1.6528941152387198,1.5912098733187625,0.0,0.6417910447761194,0.04573804381229587,0.044031148897822905,0.0,0.0,0.1791044776119403,0,1,0.0,0.07277882690041132
1406,3607,F,53,50,3,MONTHLY,1,5569.0,0,1,0,0,308799.4,329043.2,76,51022.721052631576,11233.326236187462,0,12,0,40,12,0,12,12,0,12,0,0,76,637842.6,0,Pisek,south Bohemia,70699,60,13,2,1,4,65.3,8968,2.83,3.35,131,1740.0,1910,0,0,0.9384767714391302,-20243.79999999999,-266.36578947368406,6.05219387812468,6.448954371927389,0.0,0.5263157894736842,0.03413936600479044,0.03637742248264557,0.0,0.0,0.15789473684210525,0,0,0.0,0.22016321365142258
1407,3610,M,80,80,3,MONTHLY,1,3395.0,0,1,0,0,62152.0,53825.2,54,19932.977777777778,4544.4675780336165,0,0,12,18,12,0,12,12,0,12,12,0,54,115977.2,0,Kladno,central Bohemia,149893,63,29,6,2,6,67.4,9753,4.64,5.05,109,5244.0,5892,0,0,1.15470077212904,8326.800000000003,154.20000000000005,3.1180489284089794,2.7003090356126753,0.0,0.5555555555555556,0.08443011039501232,0.07311860564476794,0.0,0.0,0.2222222222222222,0,1,0.0,0.2279873899774274
1408,3612,F,37,30,3,MONTHLY,4,9455.0,1,1,0,0,291804.9,271255.2,96,27588.443750000002,11846.85740983714,0,12,0,24,48,12,12,12,0,12,0,0,96,563060.1,0,Prachatice,south Bohemia,51428,50,11,3,1,4,52.7,8402,3.13,3.98,120,999.0,1099,0,0,1.0757578103571839,20549.70000000001,214.05937500000013,10.577069973365207,9.83220374654152,0.0,0.25,0.043674213102042427,0.040598555438367,0.125,0.0,0.125,0,1,0.0,0.4294137616891543
1409,3618,M,46,40,2,MONTHLY,4,7798.0,1,1,0,0,180097.30000000002,171151.2,107,44560.97289719626,7803.701919016534,0,13,0,34,48,12,12,12,0,12,0,0,107,351248.5,0,Brno - mesto,south Moravia,387570,0,0,0,1,1,100.0,9897,1.6,1.96,140,18721.0,18696,0,0,1.0522701564464638,8946.100000000006,83.60841121495332,4.041592637923118,3.840831760896511,0.0,0.3177570093457944,0.04559536783274983,0.04333047702001381,0.11214953271028037,0.0,0.11214953271028037,1,1,0.0,0.17512413692178466
1410,3623,F,34,30,3,MONTHLY,0,0.0,0,0,0,0,96617.1,75435.2,62,39599.48225806451,9245.444296384521,0,15,0,35,0,0,12,12,0,0,0,0,62,172052.3,0,Plzen - sever,west Bohemia,72541,66,26,10,0,8,36.9,8594,1.62,2.01,112,1580.0,1525,0,0,1.280795967930091,21181.90000000001,341.6435483870969,2.439857656985496,1.9049541988554022,0.0,0.5645161290322581,0.1225614076238218,0.09569159389367432,0.0,0.0,0.0,0,1,0.0,0.23347386807062784
1411,3624,F,17,10,3,MONTHLY,0,0.0,0,0,0,0,75646.6,101725.2,80,39216.38875,9889.720639576184,0,30,0,38,0,0,12,12,0,0,0,0,80,177371.8,0,Hl.m. Praha,Prague,1204953,0,0,0,1,1,100.0,12541,0.29,0.43,167,85677.0,99107,0,0,0.7436367783007555,-26078.59999999999,-325.9824999999999,1.9289537464104216,2.5939461343186525,0.0,0.475,0.09721996751617283,0.13073582473734688,0.0,0.0,0.0,0,0,0.0,0.2521833589171615
1412,3627,F,18,10,3,MONTHLY,0,0.0,0,0,0,0,52455.0,48475.200000000004,43,36315.07209302326,8044.544614869832,0,8,0,23,0,0,12,12,0,0,0,0,43,100930.2,0,Pisek,south Bohemia,70699,60,13,2,1,4,65.3,8968,2.83,3.35,131,1740.0,1910,0,0,1.0820997128428556,3979.7999999999956,92.55348837209293,1.4444415769197247,1.334850716414051,0.0,0.5348837209302325,0.16595175708134946,0.15336087341282684,0.0,0.0,0.0,0,1,0.0,0.22152082183020988
1413,3630,F,76,70,1,MONTHLY,1,3783.0,0,1,0,0,78170.4,70111.2,61,22511.118032786886,6498.287423506497,0,0,12,25,12,0,12,12,0,12,12,0,61,148281.6,0,Zlin,south Moravia,197099,29,41,10,2,10,74.7,9624,1.6,2.31,145,4484.0,4265,0,0,1.1149488241536303,8059.199999999997,132.1180327868852,3.472524105028757,3.1145143434406397,0.0,0.6065573770491803,0.09268544003677726,0.08312977064856387,0.0,0.0,0.19672131147540983,0,1,0.0,0.2886701324226501
1414,3632,F,56,50,3,MONTHLY,4,8981.0,1,1,0,0,293536.7,304147.2,109,38497.7633027523,10344.737158911972,0,12,0,37,48,12,12,12,0,12,0,0,109,597683.9,0,Jindrichuv Hradec,south Bohemia,93931,74,21,10,1,8,56.9,8427,1.12,1.54,107,1874.0,1913,0,0,0.9651139316751889,-10610.5,-97.3440366972477,7.624772839179838,7.90038625382311,0.0,0.3394495412844037,0.034012271554405143,0.03524171648353331,0.11009174311926606,0.0,0.11009174311926606,1,0,0.0,0.2687100826497212
1415,3633,M,66,60,3,MONTHLY,1,2120.0,0,1,0,0,84788.4,70365.2,68,32189.601470588233,5605.737152918406,0,0,12,32,12,0,12,12,0,12,12,0,68,155153.6,0,Olomouc,north Moravia,226122,32,50,7,4,4,62.6,8994,3.8,4.79,110,9672.0,9208,0,0,1.20497632352356,14423.199999999997,212.10588235294114,2.634030746776144,2.1859605830874593,0.0,0.6470588235294118,0.07966632870962359,0.0661144349099453,0.0,0.0,0.17647058823529413,0,1,0.0,0.174147454358526
1416,3636,M,21,20,1,MONTHLY,0,0.0,0,0,0,0,23439.1,11800.0,26,36768.74615384616,5650.533279061781,0,7,0,7,0,0,0,12,0,0,0,0,26,35239.1,0,Nachod,east Bohemia,112709,48,20,7,3,10,73.5,8369,1.79,2.31,117,2854.0,2618,0,1,1.9863644067796609,11639.099999999999,447.65769230769223,0.6374734646084247,0.3209247318531604,0.0,0.2692307692307692,0.4788587524628628,0.24107296265905181,0.0,0.0,0.0,0,1,0.0,0.15367761672968316
1417,3637,M,40,40,3,MONTHLY,2,2180.0,0,1,0,0,39960.0,39005.2,72,15252.176388888889,1690.372262816523,0,0,12,24,24,0,12,12,0,12,0,0,72,78965.2,0,Zlin,south Moravia,197099,29,41,10,2,10,74.7,9624,1.6,2.31,145,4484.0,4265,0,0,1.0244787874437256,954.8000000000029,13.261111111111152,2.619953964675533,2.557353062636689,0.0,0.5,0.04333710025372318,0.04230160817859167,0.0,0.0,0.16666666666666666,0,1,0.0,0.1108282660596522
1418,3640,M,21,20,1,WEEKLY,1,4187.0,0,0,1,0,58245.0,74196.0,49,31423.255102040817,5396.77297686085,0,12,0,25,0,0,12,12,0,0,0,0,49,132441.0,0,Prerov,north Moravia,138032,67,30,4,2,5,64.6,8819,5.38,5.66,99,4063.0,4505,0,0,0.7850153647096878,-15951.0,-325.53061224489795,1.853563541105492,2.3611812257852707,0.0,0.5102040816326531,0.07273671056203636,0.09265641646254356,0.0,0.0,0.0,0,0,0.0,0.17174455540445746
1419,3644,M,48,40,2,MONTHLY,4,6948.0,1,1,0,0,250863.0,274471.2,107,26137.22429906542,8653.734088338291,0,12,0,35,48,12,12,12,0,12,0,0,107,525334.2,0,Prerov,north Moravia,138032,67,30,4,2,5,64.6,8819,5.38,5.66,99,4063.0,4505,0,0,0.9139866040590051,-23608.20000000001,-220.6373831775702,9.597920465065222,10.501160982492475,0.0,0.32710280373831774,0.03152875087928457,0.03449585665617604,0.11214953271028037,0.0,0.11214953271028037,1,0,0.0,0.33108848856026846
1420,3655,M,31,30,3,MONTHLY,1,8024.0,0,1,0,0,271183.0,299703.2,73,30773.07397260274,8993.022871340427,0,12,0,37,12,0,12,12,0,12,0,0,73,570886.2,0,Karlovy Vary,west Bohemia,122603,25,21,6,2,8,80.0,8991,1.39,2.01,128,5198.0,5273,0,0,0.9048385202426934,-28520.20000000001,-390.6876712328769,8.812346801669348,9.73913754169719,0.0,0.5068493150684932,0.030006429265154413,0.03316219258338623,0.0,0.0,0.1643835616438356,0,0,0.0,0.2922367417485466
1421,3658,M,75,70,3,MONTHLY,1,2200.0,0,1,0,0,51569.8,46775.2,64,19558.503125,3547.214504098296,0,0,12,28,12,0,12,12,0,12,12,0,64,98345.0,0,Plzen - jih,west Bohemia,67298,71,19,10,0,7,43.8,8561,0.65,1.29,110,1029.0,1127,0,0,1.1025030357967471,4794.600000000006,74.91562500000009,2.636694621792536,2.3915531623793425,0.0,0.625,0.07583536797487335,0.0687847248602534,0.0,0.0,0.1875,0,1,0.0,0.18136431410050946
1422,3660,M,25,20,2,MONTHLY,2,2088.0,0,1,0,0,38620.3,38791.2,76,21366.561842105264,2268.998160067837,0,0,12,28,24,0,12,12,0,12,0,0,76,77411.5,0,Znojmo,south Moravia,114200,101,41,4,1,4,43.7,8403,5.74,5.72,105,2157.0,2718,0,0,0.9955943616077875,-170.89999999999418,-2.248684210526239,1.807511207717765,1.815509686895787,0.0,0.5263157894736842,0.05849260038534093,0.05875143797608607,0.0,0.0,0.15789473684210525,0,0,0.0,0.1061938826113107
1423,3662,M,68,60,3,MONTHLY,1,2858.0,0,1,0,0,80209.9,85781.2,69,20468.67536231884,3950.660942633366,0,0,12,33,12,0,12,12,0,12,12,0,69,165991.1,0,Kolin,central Bohemia,95616,65,30,4,1,6,51.4,9307,3.85,4.43,118,2616.0,3040,0,0,0.9350522025805188,-5571.300000000003,-80.74347826086961,3.9186658921592876,4.190852533521352,0.0,0.6521739130434783,0.04605509065661668,0.04925403151772246,0.0,0.0,0.17391304347826086,0,0,0.0,0.19301009335983754
1424,3667,M,28,20,3,WEEKLY,2,12443.0,0,1,0,0,605322.0,642512.0,91,60170.034065934065,19467.55832651519,0,0,12,43,24,0,12,12,0,12,0,0,91,1247834.0,0,Cesky Krumlov,south Bohemia,58796,22,16,7,1,5,51.9,9045,3.13,3.6,124,1845.0,1879,0,1,0.9421178125856016,-37190.0,-408.68131868131866,10.06019041532685,10.678272166107437,0.0,0.6043956043956044,0.030299135777254262,0.03216066544172389,0.0,0.0,0.13186813186813187,0,0,0.0,0.3235424182273642
1425,3669,M,37,30,2,MONTHLY,0,0.0,0,0,0,0,118686.1,148275.2,44,26594.86590909091,12505.911772325233,0,4,0,28,0,0,12,12,0,0,0,0,44,266961.3,0,Praha - vychod,central Bohemia,92084,55,29,4,3,5,46.7,10124,0.56,0.54,141,3810.0,4316,0,0,0.8004447136136049,-29589.100000000006,-672.4795454545456,4.462744817202842,5.575331739097627,0.0,0.6363636363636364,0.0843425722732138,0.10536964119913986,0.0,0.0,0.0,0,0,0.0,0.47023782015198445
1426,3670,F,19,10,2,MONTHLY,1,7718.7,0,0,0,1,57045.0,65544.6,41,7595.958536585365,5916.729724263886,0,6,0,22,2,0,12,11,3,6,0,2,41,122589.6,0,Chrudim,east Bohemia,105606,77,26,7,2,7,53.0,8254,2.79,3.76,97,2166.0,2325,0,0,0.8703234133704377,-8499.600000000006,-207.30731707317088,7.509914611203712,8.62887806513284,3.5060040319046367e-05,0.5365853658536586,0.09027028503132044,0.10372039134479596,0.0,0.04878048780487805,0.14634146341463414,0,0,0.07317073170731707,0.7789312824400503
1427,3673,F,48,40,3,MONTHLY,2,6268.0,0,1,0,0,135528.1,135131.2,84,31588.125,6155.921841880661,0,16,0,32,24,0,12,12,0,12,0,0,84,270659.3,0,Hl.m. Praha,Prague,1204953,0,0,0,1,1,100.0,12541,0.29,0.43,167,85677.0,99107,0,0,1.0029371455296778,396.8999999999942,4.72499999999993,4.290476247007381,4.277911398666429,0.0,0.38095238095238093,0.045555148195832354,0.045421737941287905,0.0,0.0,0.14285714285714285,0,1,0.0,0.19488088773488965
1428,3676,F,34,30,3,MONTHLY,2,6343.0,0,1,0,0,200630.5,220611.2,87,26496.289655172415,7828.585066177673,0,13,0,38,24,0,12,12,0,12,0,0,87,421241.7,0,Praha - vychod,central Bohemia,92084,55,29,4,3,5,46.7,10124,0.56,0.54,141,3810.0,4316,0,0,0.909430255580859,-19980.70000000001,-229.66321839080473,7.5720224458232535,8.3261167080778,0.0,0.4367816091954023,0.03548589131548023,0.03901991504869735,0.0,0.0,0.13793103448275862,0,0,0.0,0.2954596725828529
1429,3681,M,78,70,1,MONTHLY,1,2366.0,0,1,0,0,74391.9,74657.2,69,27822.715942028983,4650.008895931501,0,0,12,33,12,0,12,12,0,12,12,0,69,149049.1,0,Hl.m. Praha,Prague,1204953,0,0,0,1,1,100.0,12541,0.29,0.43,167,85677.0,99107,0,0,0.9964464244573865,-265.3000000000029,-3.844927536231926,2.6737828238983536,2.6833181978191734,0.0,0.6521739130434783,0.06228480167929551,0.06250692475836081,0.0,0.0,0.17391304347826086,0,0,0.0,0.16712994179361187
1430,3684,F,38,30,3,MONTHLY,1,2316.0,0,1,0,0,42835.7,39947.2,62,23516.043548387097,2751.0566040872586,0,0,12,26,12,0,12,12,0,0,0,0,62,82782.9,0,Jindrichuv Hradec,south Bohemia,93931,74,21,10,1,8,56.9,8427,1.12,1.54,107,1874.0,1913,0,0,1.072307946489366,2888.5,46.58870967741935,1.8215521633926377,1.6987211270383904,0.0,0.6129032258064516,0.06886731996453466,0.06422345389680241,0.0,0.0,0.0,0,1,0.0,0.11698637138626775
1431,3686,F,37,30,2,MONTHLY,1,1961.0,0,1,0,0,47024.2,49857.2,74,28157.12162162162,2954.4625567060693,0,7,12,31,12,0,12,12,0,12,0,0,74,96881.4,0,Trebic,south Moravia,117897,139,28,5,1,6,53.8,8814,4.76,5.74,107,2112.0,2059,0,0,0.9431777155556269,-2833.0,-38.28378378378378,1.6700641717543494,1.7706781492080876,0.0,0.581081081081081,0.059258493391246794,0.06282855543966871,0.0,0.0,0.16216216216216217,0,0,0.0,0.10492771940287256
1432,3687,M,27,20,3,MONTHLY,4,16783.5,1,1,0,1,545340.3,547727.2,112,59836.31696428572,21077.841466515194,7,1,12,44,36,12,12,12,0,12,0,0,112,1093067.5,0,Prostejov,south Moravia,110643,49,41,4,1,4,51.9,8441,3.45,4.48,115,1879.0,2252,0,0,0.9956421736952266,-2386.899999999907,-21.31160714285631,9.113868093276785,9.15375858321828,0.0,0.5,0.03848237127262476,0.03865080476633616,0.10714285714285714,0.0,0.10714285714285714,1,0,0.0,0.3522583363393815
1433,3691,M,34,30,3,MONTHLY,2,7465.0,0,1,0,0,170368.5,160355.2,85,41955.44,6972.569973631709,0,13,0,36,24,0,12,12,0,12,0,0,85,330723.7,0,Praha - zapad,central Bohemia,75637,35,36,9,0,7,36.5,9622,0.45,0.59,154,3475.0,3529,0,0,1.062444498213965,10013.299999999988,117.80352941176457,4.060701067608872,3.822035950522745,0.0,0.4235294117647059,0.04348203222366165,0.04092640349378969,0.0,0.0,0.1411764705882353,0,1,0.0,0.1661898903606233
1434,3695,M,65,60,3,MONTHLY,2,2901.0,0,1,0,0,53282.5,49207.2,66,20946.78181818182,2859.928387156634,0,0,12,18,24,0,12,12,0,12,12,0,66,102489.7,0,Brno - venkov,south Moravia,157042,49,70,18,0,9,33.9,8743,1.88,2.43,111,3659.0,3894,0,0,1.0828191809328718,4075.300000000003,61.74696969696974,2.543708167798395,2.349153222061449,0.0,0.45454545454545453,0.0581201203717471,0.05367481606825194,0.0,0.0,0.18181818181818182,0,1,0.0,0.13653306803788898
1435,3698,M,28,20,2,MONTHLY,0,0.0,0,0,0,0,255677.1,234395.2,61,41723.48032786885,12299.110573124375,0,12,0,37,0,0,12,12,0,0,0,0,61,490072.3,0,Chrudim,east Bohemia,105606,77,26,7,2,7,53.0,8254,2.79,3.76,97,2166.0,2325,0,0,1.0907949480194132,21281.899999999994,348.88360655737694,6.127894844601989,5.617824739405493,0.0,0.6065573770491803,0.052471682752566494,0.04810407569987447,0.0,0.0,0.0,0,1,0.0,0.2947767174856046
1436,3702,M,47,40,1,MONTHLY,1,1978.0,0,1,0,0,36307.2,23826.0,48,16571.133333333335,2967.8260887951865,0,0,12,14,10,0,10,12,0,0,0,0,48,60133.2,0,Sumperk,north Moravia,127369,31,32,13,2,7,51.2,8369,4.73,5.88,107,3736.0,2807,0,0,1.5238478972550993,12481.199999999997,260.0249999999999,2.190990759030764,1.4378014780723103,0.0,0.5416666666666666,0.12456249848044935,0.08174208115181525,0.0,0.0,0.0,0,1,0.0,0.17909614442757
1437,3704,M,37,30,3,MONTHLY,1,2330.0,0,1,0,0,43544.7,42585.2,65,32773.99230769231,2224.9497104785673,0,0,12,29,12,0,12,12,0,0,0,0,65,86129.9,0,Olomouc,north Moravia,226122,32,50,7,4,4,62.6,8994,3.8,4.79,110,9672.0,9208,0,0,1.0225313019546698,959.5,14.761538461538462,1.3286358155939313,1.2993595531541309,0.0,0.6307692307692307,0.052247017989314776,0.05109576390418507,0.0,0.0,0.0,0,1,0.0,0.06788766194823188
1438,3705,F,34,30,3,MONTHLY,3,7454.0,0,1,0,1,138727.3,133898.2,98,31332.37551020408,5174.920600677036,0,19,0,40,27,0,12,12,0,12,0,3,98,272625.5,0,Teplice,north Bohemia,128118,9,16,6,3,8,85.3,9317,6.49,7.07,97,6949.0,6872,0,0,1.036065458684284,4829.099999999977,49.27653061224466,4.427602367870906,4.27347744368738,2.1625159575656705e-05,0.40816326530612246,0.03864817152640615,0.03730282792699805,0.0,0.030612244897959183,0.12244897959183673,0,1,0.0,0.16516208925785755
1439,3710,M,71,70,3,MONTHLY,1,3878.0,0,1,0,0,75361.7,77271.2,63,20536.571428571428,3094.093224737105,0,0,12,27,12,0,12,12,0,12,12,0,63,152632.9,0,Kromeriz,south Moravia,108871,41,29,7,2,6,62.1,8444,3.24,3.47,106,2595.0,2305,0,0,0.9752883351106234,-1909.5,-30.30952380952381,3.6696339631041486,3.7626144300064,0.0,0.6190476190476191,0.04004199785608487,0.04105657415818785,0.0,0.0,0.19047619047619047,0,0,0.0,0.15066259893959025
1440,3711,M,31,30,3,MONTHLY,1,6704.0,0,1,0,0,304266.9,316523.2,75,62885.028,10756.215188709597,0,12,0,39,12,0,12,12,0,12,0,0,75,620790.1,0,Zdar nad Sazavou,south Moravia,125832,151,41,2,3,5,48.3,8512,3.51,4.12,102,2247.0,2103,0,0,0.9612783517922225,-12256.299999999988,-163.41733333333318,4.838463298449991,5.033363426346888,0.0,0.52,0.03398239114450251,0.03535124980308274,0.0,0.0,0.16,0,0,0.0,0.1710457247265533
1441,3714,F,46,40,3,MONTHLY,1,5268.0,0,1,0,0,290369.4,296391.2,70,30308.465714285714,11614.446140717131,0,12,0,34,12,0,12,12,0,12,0,0,70,586760.6,0,Mlada Boleslav,central Bohemia,112065,95,19,7,1,8,69.4,11277,1.25,1.44,127,5179.0,4987,0,0,0.9796829325567021,-6021.799999999988,-86.02571428571412,9.580471764465997,9.779155526843372,0.0,0.4857142857142857,0.039186204383656234,0.039998864001224405,0.0,0.0,0.17142857142857143,0,0,0.0,0.3832079871744458
1442,3716,M,46,40,2,WEEKLY,0,0.0,0,0,0,0,440327.9,485020.0,70,50418.00571428571,26285.268990382778,0,16,0,42,0,0,12,12,0,0,0,0,70,925347.9,0,Ostrava - mesto,north Moravia,323870,0,0,0,1,1,100.0,10673,4.75,5.44,100,18782.0,18347,0,0,0.9078551399942271,-44692.09999999998,-638.4585714285711,8.73354456928143,9.619975902033186,0.0,0.6,0.054194196095795594,0.05969476154107604,0.0,0.0,0.0,0,0,0.0,0.5213468604716145
1443,3719,M,69,60,3,MONTHLY,1,2715.0,0,1,0,0,50957.6,46785.2,57,19378.69649122807,3507.189664051591,0,0,12,21,12,0,12,12,0,12,12,0,57,97742.8,0,Brno - mesto,south Moravia,387570,0,0,0,1,1,100.0,9897,1.6,1.96,140,18721.0,18696,0,0,1.0891820490240505,4172.4000000000015,73.20000000000003,2.629567990967111,2.4142593915528687,0.0,0.5789473684210527,0.07496365654206012,0.06882564453686185,0.0,0.0,0.21052631578947367,0,1,0.0,0.1809817118318123
1444,3722,F,43,40,3,MONTHLY,1,2232.0,0,1,0,0,41065.0,40819.2,64,17118.546875,2468.894021394795,0,0,12,28,12,0,12,12,0,0,0,0,64,81884.2,0,Hl.m. Praha,Prague,1204953,0,0,0,1,1,100.0,12541,0.29,0.43,167,85677.0,99107,0,0,1.0060216760740044,245.8000000000029,3.8406250000000455,2.398860154419503,2.384501459035202,0.0,0.625,0.060483645475531,0.06012161259941057,0.0,0.0,0.0,0,1,0.0,0.14422334088417157
1445,3724,F,74,70,1,MONTHLY,1,3359.0,0,1,0,0,67775.6,66457.0,54,16972.707407407408,3853.219774782421,0,0,12,22,9,0,10,11,0,9,12,0,54,134232.6,0,Hodonin,south Moravia,161954,21,37,20,3,8,48.0,8720,3.73,4.5,116,3729.0,3651,0,0,1.0198414012067956,1318.6000000000058,24.418518518518628,3.993210886933729,3.91552145481493,0.0,0.6296296296296297,0.05798064575262833,0.05685261030197329,0.0,0.0,0.16666666666666666,0,1,0.0,0.2270244624084404
1446,3733,F,53,50,3,MONTHLY,1,5022.0,0,1,0,0,277072.3,270339.2,67,57608.40298507463,10145.9752742229,0,12,0,31,12,0,12,12,0,12,0,0,67,547411.5,0,Hl.m. Praha,Prague,1204953,0,0,0,1,1,100.0,12541,0.29,0.43,167,85677.0,99107,0,1,1.0249061179436796,6733.099999999977,100.49402985074592,4.809581339579657,4.692704292983792,0.0,0.4626865671641791,0.03753053672653799,0.03661851175387399,0.0,0.0,0.1791044776119403,0,1,0.0,0.1761197108146107
1447,3734,M,56,50,3,MONTHLY,3,1933.0,1,1,0,0,35752.1,36631.2,85,19197.317647058822,1277.162840437506,0,0,12,25,36,0,12,12,0,0,0,0,85,72383.3,0,Cesky Krumlov,south Bohemia,58796,22,16,7,1,5,51.9,9045,3.13,3.6,124,1845.0,1879,0,0,0.9760013321976895,-879.0999999999985,-10.342352941176454,1.8623487227382258,1.908141578602893,0.0,0.43529411764705883,0.034865438217626124,0.03572273629905673,0.0,0.0,0.0,0,0,0.0,0.06652819231926276
1448,3739,F,43,40,3,MONTHLY,2,8309.0,0,1,0,0,212858.5,210983.2,88,51289.20113636364,7155.48200467265,0,14,0,38,24,0,12,12,0,12,0,0,88,423841.7,0,Beroun,central Bohemia,75232,55,26,4,1,5,41.7,8980,1.95,2.21,111,2824.0,2813,0,0,1.0088883854259485,1875.2999999999884,21.31022727272714,4.1501621254358945,4.113598873163469,0.0,0.4318181818181818,0.03391493732521191,0.03361614408009382,0.0,0.0,0.13636363636363635,0,1,0.0,0.1395124479644014
1449,3740,M,70,70,1,MONTHLY,1,2311.0,0,1,0,0,68442.4,47424.8,49,20741.897959183672,3945.8892841416728,0,0,12,21,8,0,8,8,0,8,12,0,49,115867.2,0,Nachod,east Bohemia,112709,48,20,7,3,10,73.5,8369,1.79,2.31,117,2854.0,2618,0,0,1.4431774092879672,21017.59999999999,428.93061224489776,3.2997173226231435,2.286425287277157,0.0,0.673469387755102,0.08320307695850425,0.05765270189446415,0.0,0.0,0.16326530612244897,0,1,0.0,0.19023761913719148
1450,3742,F,38,30,3,MONTHLY,4,5469.0,1,1,0,0,202882.4,203783.2,101,57249.68217821782,7052.456220770124,0,12,0,29,48,12,12,12,0,12,0,0,101,406665.6,0,Breclav,south Moravia,124605,11,42,14,1,8,46.0,8772,4.69,4.98,126,2854.0,3158,0,0,0.9955796159840457,-900.8000000000175,-8.918811881188292,3.5438170533144384,3.5595516384811443,0.0,0.2871287128712871,0.03460764293018327,0.03476130123051642,0.1188118811881188,0.0,0.1188118811881188,1,0,0.0,0.12318769209610425
1451,3745,F,28,20,3,MONTHLY,4,8138.0,1,1,0,0,270466.0,266931.2,107,37309.02710280374,10101.318239925848,0,12,0,35,48,12,12,12,0,12,0,0,107,537397.2,0,Frydek - Mistek,north Moravia,228848,15,40,18,2,6,57.2,9893,4.09,4.72,96,5623.0,5887,0,0,1.0132423635753331,3534.7999999999884,33.03551401869148,7.249344756558252,7.1546009298093,0.0,0.32710280373831774,0.03784240373521659,0.03734783018910269,0.11214953271028037,0.0,0.11214953271028037,1,1,0.0,0.27074729695019956
1452,3748,F,69,60,3,MONTHLY,1,3205.0,0,1,0,0,73408.5,78125.2,68,24358.013235294115,3219.2926101586672,0,0,12,32,12,0,12,12,0,12,12,0,68,151533.7,0,Karvina,north Moravia,285387,0,2,8,5,7,89.9,10177,6.63,7.75,81,9878.0,10108,0,0,0.9396263945564299,-4716.699999999997,-69.3632352941176,3.0137310170122182,3.2073716047907657,0.0,0.6470588235294118,0.041206839920520745,0.04385449382780832,0.0,0.0,0.17647058823529413,0,0,0.0,0.13216564828423683
1453,3750,M,61,60,2,MONTHLY,1,1938.0,0,1,0,0,35682.2,39061.2,62,15640.28870967742,1780.7141924285163,0,0,12,26,12,0,12,12,0,0,0,0,62,74743.4,0,Hl.m. Praha,Prague,1204953,0,0,0,1,1,100.0,12541,0.29,0.43,167,85677.0,99107,0,0,0.9134947211043184,-3379.0,-54.5,2.281428473754558,2.4974730789867645,0.0,0.6129032258064516,0.045587800488170266,0.04990483188896751,0.0,0.0,0.0,0,0,0.0,0.11385430444942493
1454,3757,M,77,70,3,MONTHLY,1,2642.0,0,1,0,0,77926.2,60519.2,63,47176.74285714285,7171.527319056404,0,0,12,27,12,0,12,12,0,12,12,0,63,138445.4,0,Kolin,central Bohemia,95616,65,30,4,1,6,51.4,9307,3.85,4.43,118,2616.0,3040,0,0,1.2876277280598554,17407.0,276.3015873015873,1.6517927114207607,1.282818531649372,0.0,0.6190476190476191,0.11850003501461362,0.09202973222172266,0.0,0.0,0.19047619047619047,0,1,0.0,0.15201404091784582
1455,3758,F,36,30,3,MONTHLY,2,2042.0,0,1,0,0,37463.1,38869.2,69,13953.866666666667,1383.3944162039659,0,0,12,21,24,0,12,12,0,0,0,0,69,76332.3,0,Blansko,south Moravia,107911,88,33,6,2,7,50.9,8240,2.53,3.56,99,1850.0,1903,0,0,0.9638248278842889,-1406.0999999999985,-20.378260869565196,2.6847827125575705,2.785550480631414,0.0,0.4782608695652174,0.0355910184980387,0.036926853789568025,0.0,0.0,0.0,0,0,0.0,0.09914057868337325
1456,3760,M,44,40,1,MONTHLY,0,0.0,0,0,0,0,257628.1,260458.9,74,27820.824324324323,12662.826266781356,0,8,12,42,0,0,12,12,1,0,0,0,74,518087.0,0,Pisek,south Bohemia,70699,60,13,2,1,4,65.3,8968,2.83,3.35,131,1740.0,1910,0,0,0.9891314906113786,-2830.7999999999884,-38.254054054053896,9.260261198470328,9.362012317236603,0.0,0.7297297297297297,0.04861736829411994,0.049151572622634546,0.0,0.0,0.0,0,0,0.013513513513513514,0.45515640080117914
1457,3762,F,40,40,1,MONTHLY,1,3641.0,0,1,0,0,247643.5,233895.0,59,47896.057627118644,9879.445673340377,0,12,0,26,9,0,10,12,0,9,0,0,59,481538.5,0,Prostejov,south Moravia,110643,49,41,4,1,4,51.9,8441,3.45,4.48,115,1879.0,2252,0,0,1.0587806494367131,13748.5,233.02542372881356,5.170435987194587,4.88338730968056,0.0,0.4406779661016949,0.042238806615534225,0.03989382185819687,0.0,0.0,0.15254237288135594,0,1,0.0,0.20626845220235113
1458,3763,F,22,20,2,MONTHLY,3,5619.3,0,1,0,1,840854.2,857248.2,123,76692.25691056911,23336.851998643062,1,27,0,49,34,0,12,12,0,12,0,10,123,1698102.4,0,Louny,north Bohemia,85852,41,23,4,2,4,59.8,8965,7.08,8.23,104,2653.0,2822,0,0,0.9808760170041768,-16394.0,-133.28455284552845,10.964003849574027,11.177767280986888,1.1892668193843832e-05,0.3983739837398374,0.027222981627308244,0.02775374375087032,0.0,0.08130081300813008,0.0975609756097561,1,0,0.0,0.3042921533246333
1459,3765,F,43,40,3,MONTHLY,4,12766.0,1,1,0,0,704102.8,645100.7,114,54433.63947368421,32480.477143735305,0,22,0,34,46,12,12,12,1,11,0,0,114,1349203.5,0,Bruntal,north Moravia,106054,38,25,6,2,6,63.1,8110,5.77,6.55,109,3244.0,3079,0,1,1.0914618446391395,59002.10000000009,517.5622807017552,12.935067484150064,11.851140328617417,0.0,0.2982456140350877,0.05034946814309038,0.0461303053243579,0.10526315789473684,0.0,0.09649122807017543,1,1,0.008771929824561403,0.5966986124350164
1460,3770,F,74,70,3,MONTHLY,1,3570.0,0,1,0,0,65225.8,59275.2,57,20406.56140350877,2771.4893924408752,0,0,12,21,12,0,12,12,0,12,12,0,57,124501.0,0,Decin,north Bohemia,133777,24,17,7,3,11,84.7,8705,5.75,7.61,116,4650.0,4859,0,0,1.1003893702594003,5950.600000000006,104.39649122807027,3.1963150826961404,2.9047127944744293,0.0,0.5789473684210527,0.04675630605111202,0.04249069221751017,0.0,0.0,0.21052631578947367,0,1,0.0,0.13581364040902727
1461,3779,M,50,50,1,MONTHLY,3,5336.0,1,1,0,0,197086.0,178007.2,100,33238.163,8947.13542677101,0,12,0,40,36,12,12,12,0,12,0,0,100,375093.2,0,Kutna Hora,central Bohemia,77963,60,23,4,2,4,51.5,8546,2.95,4.02,126,2640.0,3120,0,1,1.1071799342947926,19078.79999999999,190.7879999999999,5.929509401587566,5.3555065603354794,0.0,0.4,0.05026277266745957,0.04539711307130395,0.12,0.0,0.12,0,1,0.0,0.26918260876123057
1462,3782,M,19,10,3,MONTHLY,1,7334.0,0,1,0,0,277818.9,282483.2,66,46129.13333333333,20173.43149993486,6,13,0,23,12,0,12,12,0,12,0,0,66,560302.1,0,Zdar nad Sazavou,south Moravia,125832,151,41,2,3,5,48.3,8512,3.51,4.12,102,2247.0,2103,0,0,0.983488221600435,-4664.299999999988,-70.67121212121195,6.0226342860693975,6.123748260318497,0.0,0.3484848484848485,0.07141462394908744,0.07261360368187643,0.0,0.0,0.18181818181818182,0,0,0.0,0.437325179169524
1463,3783,F,31,30,1,MONTHLY,0,0.0,0,0,0,0,92668.09999999999,82595.2,59,32877.95254237288,7988.06781834428,0,13,0,34,0,0,12,12,0,0,0,0,59,175263.3,0,Hl.m. Praha,Prague,1204953,0,0,0,1,1,100.0,12541,0.29,0.43,167,85677.0,99107,0,0,1.1219550288636626,10072.899999999994,170.7271186440677,2.8185483837708563,2.5121758994436125,0.0,0.576271186440678,0.09671346298991079,0.0862008373792522,0.0,0.0,0.0,0,1,0.0,0.2429612308749857
1464,3785,F,79,70,3,MONTHLY,1,2707.0,0,1,0,0,81806.5,76259.2,71,20901.54647887324,3828.825849333336,0,0,12,35,12,0,12,12,0,12,12,0,71,158065.7,0,Kolin,central Bohemia,95616,65,30,4,1,6,51.4,9307,3.85,4.43,118,2616.0,3040,0,0,1.0727426985858757,5547.300000000003,78.130985915493,3.913896997176164,3.6484955827111114,0.0,0.6619718309859155,0.05020805160994787,0.04680344287230643,0.0,0.0,0.16901408450704225,0,1,0.0,0.1831838545154263
1465,3787,F,21,20,1,MONTHLY,1,9131.0,0,1,0,0,277877.6,285522.0,64,33812.6640625,11671.597034102308,0,0,12,30,10,0,10,12,0,10,0,0,64,563399.6,0,Tabor,south Bohemia,103347,87,16,7,1,7,67.0,9104,1.51,2.07,123,2299.0,2354,0,0,0.9732265814893423,-7644.400000000023,-119.44375000000036,8.218151621722722,8.44423259498972,0.0,0.65625,0.040878100581049126,0.04200265524857818,0.0,0.0,0.15625,0,0,0.0,0.3451841893477632
1466,3788,F,44,40,1,MONTHLY,3,4388.0,1,1,0,0,88712.3,101460.6,86,24889.068604651162,3249.021776410704,0,14,0,29,31,10,11,12,0,11,0,0,86,190172.9,0,Breclav,south Moravia,124605,11,42,14,1,8,46.0,8772,4.69,4.98,126,2854.0,3158,0,0,0.8743522115974083,-12748.300000000003,-148.23604651162793,3.5643077452653986,4.076512528919603,0.0,0.3372093023255814,0.032022497170435656,0.036624253642512976,0.11627906976744186,0.0,0.12790697674418605,0,0,0.0,0.1305401109225735
1467,3789,M,35,30,3,MONTHLY,2,9518.0,0,1,0,0,257560.7,265951.2,83,26806.52530120482,8551.009171933942,0,13,0,34,24,0,12,12,0,12,0,0,83,523511.9,0,Zdar nad Sazavou,south Moravia,125832,151,41,2,3,5,48.3,8512,3.51,4.12,102,2247.0,2103,0,0,0.9684509789765942,-8390.5,-101.09036144578313,9.608134478675755,9.92113662668719,0.0,0.40963855421686746,0.03215254968555863,0.033199976440248614,0.0,0.0,0.14457831325301204,0,0,0.0,0.31898983832677547
1468,3790,M,63,60,2,MONTHLY,1,3268.0,0,1,0,0,261410.0,264471.2,70,44877.218571428566,11266.975101716236,0,12,0,34,12,0,12,12,0,12,0,0,70,525881.2,0,Rychnov nad Kneznou,east Bohemia,78955,50,24,8,1,9,59.0,9060,1.78,2.44,124,1655.0,1717,0,0,0.9884252047103805,-3061.2000000000116,-43.73142857142874,5.825004497191115,5.893217280813782,0.0,0.4857142857142857,0.042601898058148624,0.043100780772412056,0.0,0.0,0.17142857142857143,0,0,0.0,0.2510622418317486
1469,3791,M,60,60,3,MONTHLY,1,6814.0,0,1,0,0,263054.6,259963.2,66,43527.53787878788,9708.182020111699,0,12,0,30,12,0,12,12,0,12,0,0,66,523017.8,0,Olomouc,north Moravia,226122,32,50,7,4,4,62.6,8994,3.8,4.79,110,9672.0,9208,0,0,1.0118916831305353,3091.399999999965,46.83939393939341,6.043406377188943,5.972384671146009,0.0,0.45454545454545453,0.03734444729143086,0.03690557785384365,0.0,0.0,0.18181818181818182,0,1,0.0,0.22303540455576176
1470,3792,M,27,20,3,MONTHLY,2,6144.0,0,1,0,0,161152.0,150703.2,83,44904.00722891567,8348.094309069456,0,15,0,32,24,0,12,12,0,12,0,0,83,311855.2,0,Jesenik,north Moravia,42821,4,13,5,1,3,48.4,8173,0.0,7.01,124,0.0,1358,0,0,1.0693336306063839,10448.799999999988,125.88915662650588,3.588811109406448,3.3561191817855307,0.0,0.3855421686746988,0.05539427370533244,0.0518026106351113,0.0,0.0,0.14457831325301204,0,1,0.0,0.18590978454354407
1471,3795,M,17,10,1,MONTHLY,0,0.0,0,0,0,0,57841.8,62100.0,18,23943.083333333332,15335.779519467076,0,4,0,8,0,0,0,6,0,0,0,0,18,119941.8,61,Pribram,central Bohemia,107870,84,29,6,1,6,58.0,8754,3.83,4.31,137,3804.0,3868,0,0,0.9314299516908213,-4258.199999999997,-236.5666666666665,2.4158041466394264,2.593650915191235,0.0,0.4444444444444444,0.24695297132797225,0.26513316527955694,0.0,0.0,0.0,0,0,0.0,0.64050980009399
1472,3798,F,45,40,1,WEEKLY,2,10992.0,0,1,1,0,185856.1,188920.0,72,33179.71666666667,5849.828275823122,0,12,12,24,12,0,12,12,0,12,0,0,72,374776.1,0,Hl.m. Praha,Prague,1204953,0,0,0,1,1,100.0,12541,0.29,0.43,167,85677.0,99107,0,0,0.983782024137201,-3063.899999999994,-42.55416666666659,5.601497501234439,5.693840061925383,0.0,0.5,0.030964579058983283,0.03147504050619335,0.0,0.0,0.16666666666666666,0,0,0.0,0.17630736074669479
1473,3799,M,70,70,2,MONTHLY,2,3228.0,0,1,0,0,73245.2,76501.2,79,18348.32025316456,2555.3421487692913,0,0,12,31,24,0,12,12,0,12,12,0,79,149746.4,0,Benesov,central Bohemia,88884,80,26,6,2,5,46.7,8507,1.67,1.85,132,2159.0,2674,0,0,0.9574385761269104,-3256.0,-41.21518987341772,3.9919294512731924,4.169384387478507,0.0,0.5443037974683544,0.033402641380387385,0.034887503191598786,0.0,0.0,0.1518987341772152,0,0,0.0,0.13926845147193068
1474,3803,M,69,60,3,MONTHLY,1,2527.0,0,1,0,0,68447.09999999999,70059.2,66,21542.13787878788,3330.777442938701,0,0,12,30,12,0,12,12,0,12,12,0,66,138506.3,0,Kladno,central Bohemia,149893,63,29,6,2,6,67.4,9753,4.64,5.05,109,5244.0,5892,0,0,0.9769894603421105,-1612.1000000000058,-24.425757575757665,3.1773587368688467,3.2521934635366865,0.0,0.6363636363636364,0.04754232767343477,0.04866206812178604,0.0,0.0,0.18181818181818182,0,0,0.0,0.15461684730086386
1475,3805,M,57,50,3,MONTHLY,1,2122.0,0,1,0,0,51092.5,49999.2,68,23642.66176470588,2550.9084664463917,0,5,12,27,12,0,12,12,0,12,0,0,68,101091.7,0,Frydek - Mistek,north Moravia,228848,15,40,18,2,6,57.2,9893,4.09,4.72,96,5623.0,5887,0,0,1.0218663498615979,1093.300000000003,16.07794117647063,2.1610299427567687,2.1147872645473256,0.0,0.5735294117647058,0.05101898563269796,0.049927258725769766,0.0,0.0,0.17647058823529413,0,1,0.0,0.10789430106615262
1476,3806,F,32,30,1,MONTHLY,4,7827.0,1,1,0,0,169727.80000000002,168699.2,111,36205.53963963964,6967.018487889655,0,14,0,37,48,12,12,12,0,12,0,0,111,338427.0,0,Brno - mesto,south Moravia,387570,0,0,0,1,1,100.0,9897,1.6,1.96,140,18721.0,18696,0,0,1.0060972429033452,1028.6000000000058,9.266666666666719,4.6878958769661185,4.659485859873766,0.0,0.3333333333333333,0.04129846785218694,0.04104818708478902,0.10810810810810811,0.0,0.10810810810810811,1,1,0.0,0.1924296269917163
1477,3807,F,52,50,1,MONTHLY,1,2478.0,0,1,0,0,56925.2,46833.4,60,27461.97333333333,3184.8844968475537,0,5,12,22,9,0,9,12,0,9,0,0,60,103758.6,0,Decin,north Bohemia,133777,24,17,7,3,11,84.7,8705,5.75,7.61,116,4650.0,4859,0,0,1.2154829672840322,10091.799999999996,168.1966666666666,2.0728736172394506,1.705390921167112,0.0,0.5666666666666667,0.06800455437460345,0.05594858686219027,0.0,0.0,0.15,0,1,0.0,0.11597434962846397
1478,3812,M,32,30,3,MONTHLY,1,6339.0,0,1,0,0,156089.2,167943.2,65,22327.85692307692,6161.212493900075,0,12,0,29,12,0,12,12,0,12,0,0,65,324032.4,0,Hl.m. Praha,Prague,1204953,0,0,0,1,1,100.0,12541,0.29,0.43,167,85677.0,99107,0,0,0.9294166122832005,-11854.0,-182.36923076923077,6.990782883361917,7.521689187573689,0.0,0.4461538461538462,0.03668628735131922,0.039472381778496365,0.0,0.0,0.18461538461538463,0,0,0.0,0.2759428509026392
1479,3817,F,62,60,3,MONTHLY,2,2434.0,0,1,0,0,77086.1,77343.2,84,35966.05238095238,3202.9977510712947,0,0,12,36,24,0,12,12,0,12,12,0,84,154429.3,0,Vsetin,north Moravia,148545,8,35,12,3,4,53.5,8909,4.01,5.56,113,3460.0,3590,0,0,0.9966758551495155,-257.09999999999127,-3.0607142857141816,2.1433016663464795,2.150450073885811,0.0,0.5714285714285714,0.041412790666423095,0.041550911916302606,0.0,0.0,0.14285714285714285,0,0,0.0,0.08905613874842717
1480,3821,M,60,60,2,MONTHLY,1,8364.0,0,1,0,0,300754.4,290443.2,73,37319.01232876712,11098.167855813774,0,12,0,37,12,0,12,12,0,12,0,0,73,591197.6,0,Domazlice,west Bohemia,58400,65,16,4,1,6,52.4,8620,1.1,1.25,100,1089.0,1117,0,1,1.0355016058217235,10311.200000000012,141.2493150684933,8.059012852496243,7.782714007576072,0.0,0.5068493150684932,0.03821114715653103,0.036901098889372104,0.0,0.0,0.1643835616438356,0,1,0.0,0.2973864302206846
1481,3826,M,78,70,3,MONTHLY,2,3404.0,0,1,0,0,74579.1,69623.2,74,14265.554054054053,2662.3072486246265,0,0,12,26,24,0,12,12,0,12,12,0,74,144202.3,0,Decin,north Bohemia,133777,24,17,7,3,11,84.7,8705,5.75,7.61,116,4650.0,4859,0,0,1.0711817325259398,4955.900000000009,66.97162162162174,5.227914718027076,4.880511456911423,0.0,0.5135135135135135,0.038238794663626875,0.035697765843575834,0.0,0.0,0.16216216216216217,0,1,0.0,0.18662487545431433
1482,3829,M,27,20,3,MONTHLY,1,3702.8,0,0,0,1,510460.2,460906.0,79,68601.50632911392,25503.6046549952,3,18,0,35,11,0,12,12,0,0,0,11,79,971366.2,0,Novy Jicin,north Moravia,161227,5,35,11,4,10,69.7,8678,5.93,5.57,102,4980.0,4595,0,0,1.1075147643988146,49554.20000000001,627.2683544303799,7.440947397730316,6.71859882768194,2.15491824827871e-05,0.4430379746835443,0.055333635611155424,0.04996198460721365,0.0,0.13924050632911392,0.0,0,1,0.0,0.3717644993484885
1483,3830,F,31,30,2,MONTHLY,0,0.0,0,0,0,0,278748.6,282375.2,63,53765.90476190476,10956.39199531383,2,12,0,37,0,0,12,12,0,0,0,0,63,561123.8,0,Pisek,south Bohemia,70699,60,13,2,1,4,65.3,8968,2.83,3.35,131,1740.0,1910,0,0,0.987156804138607,-3626.600000000035,-57.56507936507992,5.18448636239642,5.2519380311827994,0.0,0.5873015873015873,0.03880082951800948,0.03930563954514509,0.0,0.0,0.0,0,0,0.0,0.20377955218707414
1484,3831,M,81,80,3,MONTHLY,1,3292.0,0,1,0,0,76909.7,78009.2,65,26542.38,4127.621132959033,0,0,12,29,12,0,12,12,0,12,12,0,65,154918.9,0,Most,north Bohemia,119895,17,4,3,2,4,89.9,10446,7.34,9.4,90,4947.0,4743,0,0,0.9859055085810392,-1099.5,-16.915384615384614,2.897618826947696,2.9390431453396415,0.0,0.6307692307692307,0.05291197875326287,0.053668407664560304,0.0,0.0,0.18461538461538463,0,0,0.0,0.15551058846113397
1485,3835,F,68,60,3,MONTHLY,1,3102.0,0,1,0,0,59141.6,53449.2,59,18652.51016949153,3409.4262466900404,0,0,12,23,12,0,12,12,0,12,12,0,59,112590.8,0,Trebic,south Moravia,117897,139,28,5,1,6,53.8,8814,4.76,5.74,107,2112.0,2059,0,0,1.1065011263031066,5692.4000000000015,96.48135593220341,3.170704610939355,2.8655231662826126,0.0,0.5932203389830508,0.06378816234274864,0.05764852906735767,0.0,0.0,0.2033898305084746,0,1,0.0,0.1827864569277424
1486,3837,F,78,70,3,MONTHLY,2,2823.0,0,1,0,0,51590.5,50751.2,67,15436.719402985074,2810.642478112315,0,0,12,19,24,0,12,12,0,12,12,0,67,102341.7,0,Most,north Bohemia,119895,17,4,3,2,4,89.9,10446,7.34,9.4,90,4947.0,4743,0,0,1.0165375399990542,839.3000000000029,12.526865671641835,3.342063728257164,3.2876933676844566,0.0,0.4626865671641791,0.05538080829837157,0.05447984567143786,0.0,0.0,0.1791044776119403,0,1,0.0,0.18207511613956054
1487,3846,F,19,10,3,MONTHLY,0,0.0,0,0,0,0,59036.6,95575.2,64,31109.08125,13289.865488335667,0,18,0,34,0,0,12,12,0,0,0,0,64,154611.8,0,Havlickuv Brod,east Bohemia,95907,87,25,5,2,7,59.1,8388,2.41,2.94,87,1658.0,1668,0,0,0.6176978965254585,-36538.6,-570.915625,1.8977288183333927,3.0722604512789973,0.0,0.53125,0.13905140128752716,0.225112311487038,0.0,0.0,0.0,0,0,0.0,0.4272021208705952
1488,3848,F,61,60,2,MONTHLY,1,3024.0,0,1,0,0,84036.2,86573.2,71,29512.02394366197,4489.508614901594,0,0,12,35,12,0,12,12,0,12,12,0,71,170609.4,0,Jicin,east Bohemia,77917,85,19,6,1,5,53.5,8390,2.28,2.89,132,2080.0,2122,0,0,0.9706953191056816,-2537.0,-35.732394366197184,2.847524119674879,2.9334890811035863,0.0,0.6619718309859155,0.051857949283399415,0.05342350814174837,0.0,0.0,0.16901408450704225,0,0,0.0,0.15212472799127574
1489,3849,F,67,60,2,MONTHLY,1,3410.0,0,1,0,0,62497.1,54255.2,56,21497.26607142857,5755.347809607615,0,0,12,20,12,0,12,12,0,12,12,0,56,116752.3,0,Hl.m. Praha,Prague,1204953,0,0,0,1,1,100.0,12541,0.29,0.43,167,85677.0,99107,0,0,1.1519098630177385,8241.900000000001,147.17678571428573,2.9072115399391736,2.523818601850451,0.0,0.5714285714285714,0.10607919258628878,0.09208983792220143,0.0,0.0,0.21428571428571427,0,1,0.0,0.26772463951855213
1490,3852,F,47,40,1,MONTHLY,1,7456.0,0,1,0,0,272893.5,278847.2,76,38535.84210526316,8049.391997913266,0,12,0,40,12,0,12,12,0,12,0,0,76,551740.7,0,Praha - vychod,central Bohemia,92084,55,29,4,3,5,46.7,10124,0.56,0.54,141,3810.0,4316,0,0,0.9786488801035118,-5953.700000000012,-78.338157894737,7.08155019045837,7.236047917113392,0.0,0.5263157894736842,0.028866676796156697,0.02949645923377899,0.0,0.0,0.15789473684210525,0,0,0.0,0.20888065650481513
1491,3855,M,60,60,1,MONTHLY,1,3702.8,0,0,0,1,339952.5,328427.2,57,57455.070175438595,24784.405501515652,0,13,0,32,0,0,7,12,0,0,0,0,57,668379.7,0,Rokycany,west Bohemia,45714,52,10,5,1,6,55.6,8843,2.82,3.6,113,818.0,888,0,0,1.0350924040396166,11525.299999999988,202.19824561403487,5.91684074115579,5.716243997216437,0.0,0.5614035087719298,0.07546392473435712,0.07290549562517014,0.0,0.0,0.0,0,1,0.0,0.4313702067691619
1492,3862,F,52,50,3,MONTHLY,3,3070.0,1,1,0,0,66757.7,59015.2,89,30179.6797752809,3541.9998090504723,0,16,0,25,36,12,12,12,0,12,0,0,89,125772.9,0,Teplice,north Bohemia,128118,9,16,6,3,8,85.3,9317,6.49,7.07,97,6949.0,6872,0,0,1.131195014165842,7742.5,86.99438202247191,2.2120082286187426,1.955461437610655,0.0,0.2808988764044944,0.060018432692771906,0.05305754705525314,0.1348314606741573,0.0,0.1348314606741573,0,1,0.0,0.11736373067654608
1493,3863,F,60,60,3,MONTHLY,1,2389.0,0,1,0,0,66665.7,63403.2,61,37402.74262295082,4771.192746524319,0,0,12,25,12,0,12,12,0,12,12,0,61,130068.9,0,Hl.m. Praha,Prague,1204953,0,0,0,1,1,100.0,12541,0.29,0.43,167,85677.0,99107,0,0,1.051456393368158,3262.5,53.48360655737705,1.7823746422031908,1.6951484183701264,0.0,0.6065573770491803,0.07525160790818633,0.07156892894733452,0.0,0.0,0.19672131147540983,0,1,0.0,0.12756264412537094
1494,3865,M,22,20,3,MONTHLY,1,2008.0,0,1,0,0,37159.6,39901.2,58,20625.546551724135,2060.1364923453925,0,0,12,22,12,0,12,12,0,12,0,0,58,77060.8,0,Hl.m. Praha,Prague,1204953,0,0,0,1,1,100.0,12541,0.29,0.43,167,85677.0,99107,0,0,0.931290287008912,-2741.5999999999985,-47.268965517241355,1.8016298335082783,1.9345523717365234,0.0,0.5862068965517241,0.05163094073224346,0.05544022250899882,0.0,0.0,0.20689655172413793,0,0,0.0,0.09988275884854945
1495,3869,F,53,50,1,TRANSACTION,0,0.0,0,0,0,0,44498.7,6300.0,25,23584.976000000002,10577.412272474778,0,6,0,7,0,0,0,12,0,0,0,0,25,50798.7,0,Pelhrimov,south Bohemia,74062,99,15,4,2,7,61.4,8114,2.38,2.62,119,1003.0,1181,0,0,7.063285714285714,38198.7,1527.9479999999999,1.8867392529888516,0.26711920334368794,0.0,0.28,1.6789543289642503,0.2377016019001629,0.0,0.0,0.0,0,1,0.0,0.4484809428033667
1496,3870,F,28,20,2,MONTHLY,2,6250.0,0,1,0,0,134551.5,125875.2,83,28697.737349397594,5343.399287671701,0,17,0,30,24,0,12,12,0,12,0,0,83,260426.7,0,Kladno,central Bohemia,149893,63,29,6,2,6,67.4,9753,4.64,5.05,109,5244.0,5892,0,0,1.0689277951494813,8676.300000000003,104.53373493975907,4.688575212805913,4.3862412728731135,0.0,0.3614457831325301,0.042449976545591996,0.039712669778275984,0.0,0.0,0.14457831325301204,0,1,0.0,0.18619583915677124
1497,3873,F,39,30,1,MONTHLY,1,2111.0,0,1,0,0,38809.1,36847.2,61,15508.040983606557,2094.406331985038,0,0,12,25,12,0,12,12,0,12,0,0,61,75656.3,0,Cheb,west Bohemia,87419,21,11,4,3,9,85.5,8624,1.79,2.66,102,2879.0,3198,0,0,1.0532442085151654,1961.9000000000015,32.16229508196724,2.502514665844953,2.3760061015411886,0.0,0.6065573770491803,0.05684031166506649,0.05396688745642228,0.0,0.0,0.19672131147540983,0,1,0.0,0.13505292732970078
1498,3875,F,69,60,1,MONTHLY,1,1564.0,0,1,0,0,53006.9,31484.8,47,19569.963829787233,3602.8463683125965,0,0,12,20,7,0,8,8,0,7,12,0,47,84491.7,0,Hl.m. Praha,Prague,1204953,0,0,0,1,1,100.0,12541,0.29,0.43,167,85677.0,99107,0,0,1.6835711200325236,21522.100000000002,457.9170212765958,2.708584464490362,1.608832815116261,0.0,0.6808510638297872,0.11443129282423889,0.06796938451998884,0.0,0.0,0.14893617021276595,0,1,0.0,0.18410081897181346
1499,3883,M,34,30,3,MONTHLY,1,7388.0,0,1,0,0,319534.8,341831.2,67,32691.468656716417,11710.375609821125,4,12,0,27,12,0,12,12,0,12,0,0,67,661366.0,0,Hl.m. Praha,Prague,1204953,0,0,0,1,1,100.0,12541,0.29,0.43,167,85677.0,99107,0,0,0.9347736543650784,-22296.400000000023,-332.78208955223914,9.77425649961896,10.456281532942732,0.0,0.40298507462686567,0.034257772870999265,0.03664820110304457,0.0,0.0,0.1791044776119403,0,0,0.0,0.35820891783077613
1500,3885,F,59,50,3,MONTHLY,4,2322.0,1,1,0,0,65177.5,52229.2,110,36949.90181818182,4810.552787323888,0,8,12,30,48,12,12,12,0,12,0,0,110,117406.7,0,Karvina,north Moravia,285387,0,2,8,5,7,89.9,10177,6.63,7.75,81,9878.0,10108,0,1,1.247913044810183,12948.300000000003,117.7118181818182,1.7639424407869013,1.413513904773077,0.0,0.38181818181818183,0.0921046615173866,0.07380695465956638,0.10909090909090909,0.0,0.10909090909090909,1,1,0.0,0.1301912197492437
1501,3886,F,34,30,3,MONTHLY,2,2045.0,0,1,0,0,37635.1,37735.2,77,16943.902597402597,1391.7824976563813,0,0,12,29,24,0,12,12,0,0,0,0,77,75370.3,0,Trutnov,east Bohemia,121947,37,28,7,3,11,70.5,8541,2.51,2.97,131,3496.0,3839,0,0,0.9973473043736353,-100.09999999999854,-1.2999999999999812,2.2211588967567155,2.227066626656871,0.0,0.5324675324675324,0.036882870573267966,0.036980969830195255,0.0,0.0,0.0,0,0,0.0,0.08214061014902987
1502,3890,M,41,40,1,MONTHLY,3,11297.3,0,1,1,0,660370.0,619107.0,91,66757.1912087912,23562.08673992394,0,22,0,37,20,0,10,12,0,10,0,0,91,1279477.0,0,Beroun,central Bohemia,75232,55,26,4,1,5,41.7,8980,1.95,2.21,111,2824.0,2813,0,1,1.0666492221861488,41263.0,453.43956043956047,9.892117808471193,9.274012114495168,0.0,0.4065934065934066,0.038058181768133685,0.035680128927607156,0.0,0.0,0.10989010989010989,0,1,0.0,0.3529520387733309
1503,3892,M,20,20,3,MONTHLY,2,2116.0,0,1,0,0,39004.4,42777.2,77,17652.219480519478,2017.8749022332586,0,0,12,29,24,0,12,12,0,12,0,0,77,81781.6,0,Usti nad Labem,north Bohemia,118650,8,8,5,1,3,85.6,9832,3.32,4.48,114,6445.0,5471,0,0,0.9118034840990061,-3772.7999999999956,-48.99740259740254,2.2096031631061592,2.42333266064405,0.0,0.5324675324675324,0.04717173873543053,0.051734545390603584,0.0,0.0,0.15584415584415584,0,0,0.0,0.11431281513693685
1504,3894,M,58,50,3,MONTHLY,1,1882.0,0,0,1,0,270587.1,295935.2,64,55400.203125,10584.997392745763,0,12,0,40,0,0,12,12,0,0,0,0,64,566522.3,0,Rokycany,west Bohemia,45714,52,10,5,1,6,55.6,8843,2.82,3.6,113,818.0,888,0,1,0.9143457756968416,-25348.100000000035,-396.06406250000055,4.884225774217321,5.341771028028158,0.0,0.625,0.03576795660923662,0.039118632753541334,0.0,0.0,0.0,0,0,0.0,0.19106423434698847
1505,3896,M,76,70,3,MONTHLY,2,2186.0,0,1,0,0,65558.9,53127.2,75,31477.190666666665,5661.789607396697,0,0,12,27,24,0,12,12,0,12,12,0,75,118686.1,0,Kolin,central Bohemia,95616,65,30,4,1,6,51.4,9307,3.85,4.43,118,2616.0,3040,0,1,1.2339987802858046,12431.699999999997,165.75599999999997,2.082743046997036,1.6877999235255767,0.0,0.52,0.10657044992765848,0.08636187622728107,0.0,0.0,0.16,0,1,0.0,0.1798695972379883
1506,3897,F,48,40,3,MONTHLY,3,2123.0,1,1,0,0,39203.2,36571.2,84,19740.269047619047,2120.2331088580495,0,0,12,24,36,12,12,12,0,12,0,0,84,75774.4,0,Kladno,central Bohemia,149893,63,29,6,2,6,67.4,9753,4.64,5.05,109,5244.0,5892,0,0,1.0719691998074987,2632.0,31.333333333333332,1.985950642589061,1.8526191265063328,0.0,0.42857142857142855,0.0579754864171274,0.05408316435541103,0.14285714285714285,0.0,0.14285714285714285,0,1,0.0,0.10740649500487832
1507,3898,F,51,50,3,MONTHLY,0,0.0,0,0,0,0,226690.69999999998,220675.2,60,36894.35,17254.381920991073,0,11,0,37,0,0,12,12,0,0,0,0,60,447365.9,0,Hl.m. Praha,Prague,1204953,0,0,0,1,1,100.0,12541,0.29,0.43,167,85677.0,99107,0,0,1.0272595198735517,6015.499999999971,100.25833333333284,6.144320200789552,5.981273555435996,0.0,0.6166666666666667,0.07818903946157553,0.07611420283668927,0.0,0.0,0.0,0,1,0.0,0.4676700340564632
1508,3900,M,56,50,3,MONTHLY,1,8030.0,0,1,0,0,265500.2,250015.2,77,43155.12987012987,8347.949422006914,0,12,0,41,12,0,12,12,0,12,0,0,77,515515.4,0,Hl.m. Praha,Prague,1204953,0,0,0,1,1,100.0,12541,0.29,0.43,167,85677.0,99107,0,0,1.061936234276956,15485.0,201.1038961038961,6.152228038682554,5.793406270642457,0.0,0.5324675324675324,0.03338976759015817,0.03144234701897367,0.0,0.0,0.15584415584415584,0,1,0.0,0.19344048893211663
1509,3902,F,50,50,2,MONTHLY,2,2798.0,0,1,0,0,66612.8,78451.2,84,21613.569047619047,3638.1872865539035,0,17,0,31,24,0,12,12,0,12,0,0,84,145064.0,0,Znojmo,south Moravia,114200,101,41,4,1,4,43.7,8403,5.74,5.72,105,2157.0,2718,0,0,0.8490985478870942,-11838.399999999994,-140.93333333333325,3.0819898302422235,3.6297198221707947,0.0,0.36904761904761907,0.046375164262036826,0.054616939785655357,0.0,0.0,0.14285714285714285,0,0,0.0,0.16832885297834171
1510,3906,M,63,60,1,MONTHLY,3,16491.2,0,1,0,1,597262.4,562650.6,99,66814.37575757576,23986.47320568744,0,23,0,42,22,0,11,12,0,11,0,0,99,1159913.0,0,Zlin,south Moravia,197099,29,41,10,2,10,74.7,9624,1.6,2.31,145,4484.0,4265,1,1,1.0615156191071333,34611.80000000005,349.6141414141419,8.939130138206512,8.421100902618306,0.0,0.42424242424242425,0.04263120523765094,0.04016069520814878,0.0,0.0,0.1111111111111111,0,1,0.0,0.3590016809064886
1511,3907,F,45,40,1,MONTHLY,1,2144.0,0,0,0,1,573167.3,564294.2,79,51869.553164556964,29123.274354216835,0,18,0,46,3,0,12,12,0,0,0,3,79,1137461.5,0,Hl.m. Praha,Prague,1204953,0,0,0,1,1,100.0,12541,0.29,0.43,167,85677.0,99107,0,0,1.0157242445518668,8873.100000000093,112.31772151898852,11.05016845203231,10.879102779423755,5.23407389081687e-06,0.5822784810126582,0.051610089832957416,0.05081112330416762,0.0,0.0379746835443038,0.0,0,1,0.0,0.5614714717480367
1512,3908,M,70,70,1,MONTHLY,1,2636.0,0,1,0,0,68066.2,73287.2,63,22496.98253968254,4387.007011161542,0,0,12,27,12,0,12,12,0,12,12,0,63,141353.4,0,Opava,north Moravia,182027,17,49,12,2,7,56.4,8746,3.33,3.74,90,4355.0,4433,0,0,0.9287597288476023,-5221.0,-82.87301587301587,3.0255702016898347,3.257645769637254,0.0,0.6190476190476191,0.05986048056361196,0.06445206300868188,0.0,0.0,0.19047619047619047,0,0,0.0,0.1950042412765036
1513,3911,F,47,40,1,MONTHLY,1,9044.0,0,1,0,0,329523.7,275903.2,68,42693.55147058824,20158.514840103035,0,13,0,31,12,0,12,12,0,12,0,0,68,605426.9,0,Tachov,west Bohemia,51313,34,12,3,1,4,59.2,8930,3.52,4.2,108,1328.0,1452,0,0,1.1943453356104605,53620.5,788.5367647058823,7.718348290303519,6.462409204586104,0.0,0.45588235294117646,0.07306372249434959,0.06117470409595132,0.0,0.0,0.17647058823529413,0,1,0.0,0.47216767276880955
1514,3912,F,54,50,1,MONTHLY,1,2659.0,0,1,0,0,57430.2,55550.6,64,26447.303125,3443.094288801484,0,4,12,26,10,0,11,12,0,10,0,0,64,112980.8,0,Hl.m. Praha,Prague,1204953,0,0,0,1,1,100.0,12541,0.29,0.43,167,85677.0,99107,0,0,1.0338358181549794,1879.5999999999985,29.368749999999977,2.171495510470881,2.1004258822703687,0.0,0.59375,0.06198122592377911,0.05995267801263941,0.0,0.0,0.15625,0,1,0.0,0.1301869711451528
1515,3913,M,48,40,1,MONTHLY,1,6149.0,0,1,0,0,246358.3,245683.2,71,29759.98873239437,7639.515140234438,0,12,0,35,12,0,12,12,0,12,0,0,71,492041.5,0,Mlada Boleslav,central Bohemia,112065,95,19,7,1,8,69.4,11277,1.25,1.44,127,5179.0,4987,0,0,1.0027478476346774,675.0999999999767,9.508450704225025,8.278171817042184,8.255486996625395,0.0,0.49295774647887325,0.031094983866354873,0.031009773732950902,0.0,0.0,0.16901408450704225,0,1,0.0,0.25670423496896916
1516,3915,M,22,20,3,MONTHLY,1,9095.0,0,1,0,0,229114.6,224035.2,75,34602.30133333334,9923.823128257785,0,12,0,39,12,0,12,12,0,12,0,0,75,453149.8,0,Strakonice,south Bohemia,70646,94,14,3,1,4,58.4,8547,2.65,3.64,120,1563.0,1542,0,0,1.0226723300624188,5079.399999999994,67.72533333333325,6.621368844600163,6.474575140011882,0.0,0.52,0.0442958210507,0.043313796363294986,0.0,0.0,0.16,0,1,0.0,0.28679662178127724
1517,3920,F,74,70,3,MONTHLY,1,3034.0,0,1,0,0,76881.8,66213.2,63,28811.096825396828,7969.749786009762,0,0,12,27,12,0,12,12,0,12,12,0,63,143095.0,0,Chrudim,east Bohemia,105606,77,26,7,2,7,53.0,8254,2.79,3.76,97,2166.0,2325,0,0,1.161124972059952,10668.600000000006,169.34285714285724,2.668478762399254,2.298183939378296,0.0,0.6190476190476191,0.1203649693114026,0.10366237244718206,0.0,0.0,0.19047619047619047,0,1,0.0,0.2766208393352269
1518,3922,F,71,70,3,MONTHLY,1,3886.0,0,1,0,0,83607.7,91127.2,65,21040.96307692308,3776.0963055684742,0,0,12,29,12,0,12,12,0,12,12,0,65,174734.9,0,Hl.m. Praha,Prague,1204953,0,0,0,1,1,100.0,12541,0.29,0.43,167,85677.0,99107,0,0,0.9174834736500189,-7519.5,-115.68461538461538,3.97356811541092,4.330942441505675,0.0,0.6307692307692307,0.04143764217015857,0.045164456211191965,0.0,0.0,0.18461538461538463,0,0,0.0,0.17946404315066508
1519,3924,M,28,20,1,MONTHLY,2,2077.0,0,1,0,0,38404.8,40459.2,73,19868.346575342468,1793.3361748801995,0,0,12,25,24,0,12,12,0,12,0,0,73,78864.0,0,Breclav,south Moravia,124605,11,42,14,1,8,46.0,8772,4.69,4.98,126,2854.0,3158,0,0,0.9492229208684305,-2054.399999999994,-28.142465753424577,1.932964066957747,2.036364719458424,0.0,0.5068493150684932,0.04432455844110115,0.04669562593426341,0.0,0.0,0.1643835616438356,0,0,0.0,0.09026096701503145
1520,3926,M,27,20,3,MONTHLY,1,4621.0,0,1,0,0,111014.90000000001,125127.2,73,24265.78493150685,5846.095167756357,0,17,0,32,12,0,12,12,0,12,0,0,73,236142.1,0,Brno - mesto,south Moravia,387570,0,0,0,1,1,100.0,9897,1.6,1.96,140,18721.0,18696,0,0,0.887216368623289,-14112.299999999988,-193.31917808219163,4.574956067291998,5.15652802302447,0.0,0.4383561643835616,0.04672121783078625,0.05266045519796313,0.0,0.0,0.1643835616438356,0,0,0.0,0.24091926901427987
1521,3930,M,78,70,1,MONTHLY,1,1880.0,0,1,0,0,69442.8,74965.2,73,21649.23287671233,2634.975111049163,0,0,12,37,12,0,12,12,0,12,12,0,73,144408.0,0,Hl.m. Praha,Prague,1204953,0,0,0,1,1,100.0,12541,0.29,0.43,167,85677.0,99107,0,0,0.926333818891966,-5522.399999999994,-75.64931506849307,3.207633286383016,3.4627185372761473,0.0,0.6712328767123288,0.03514931076084854,0.037944540125818126,0.0,0.0,0.1643835616438356,0,0,0.0,0.1217121699440702
1522,3932,M,60,60,1,MONTHLY,1,2021.0,0,1,0,0,37311.3,32737.2,59,19284.77627118644,2045.0321282645245,0,0,12,23,12,0,12,12,0,0,0,0,59,70048.5,0,Kromeriz,south Moravia,108871,41,29,7,2,6,62.1,8444,3.24,3.47,106,2595.0,2305,0,0,1.1397217843920677,4574.100000000002,77.52711864406784,1.9347541021643664,1.6975670103527696,0.0,0.5932203389830508,0.06246814413769426,0.054809993976744964,0.0,0.0,0.0,0,1,0.0,0.10604386068611153
1523,3934,M,31,30,1,MONTHLY,3,2044.0,1,1,0,0,37652.8,33973.2,85,16890.16117647059,2057.8221002921955,0,0,12,25,36,12,12,12,0,12,0,0,85,71626.0,0,Pribram,central Bohemia,107870,84,29,6,1,6,58.0,8754,3.83,4.31,137,3804.0,3868,0,0,1.1083089023112338,3679.600000000006,43.28941176470595,2.229274167759483,2.0114195267317823,0.0,0.43529411764705883,0.06057192434896317,0.054652565022845455,0.1411764705882353,0.0,0.1411764705882353,0,1,0.0,0.12183555140722484
1524,3935,M,60,60,2,TRANSACTION,1,1951.3,0,0,1,0,536202.4,585768.0,80,63054.38875,23906.11481621542,0,21,0,47,0,0,12,12,0,0,0,0,80,1121970.4,0,Novy Jicin,north Moravia,161227,5,35,11,4,10,69.7,8678,5.93,5.57,102,4980.0,4595,0,0,0.9153835648242991,-49565.59999999998,-619.5699999999997,8.503807754380937,9.289884679121563,0.0,0.5875,0.04081157525883186,0.04458412498007361,0.0,0.0,0.0,0,0,0.0,0.3791348277278387
1525,3936,F,37,30,1,MONTHLY,1,5119.0,0,1,0,0,112558.0,109463.2,70,27508.882857142857,6142.9597328732225,0,16,0,30,12,0,12,12,0,12,0,0,70,222021.2,0,Liberec,north Bohemia,159617,29,19,8,1,9,85.2,9198,3.33,4.28,131,5796.0,6132,0,0,1.0282725153293528,3094.800000000003,44.21142857142861,4.091696510706308,3.9791946684442396,0.0,0.42857142857142855,0.05611894895154922,0.054575949580422736,0.0,0.0,0.17142857142857143,0,1,0.0,0.22330822246669912
1526,3938,M,19,10,3,MONTHLY,0,0.0,0,0,0,0,20973.4,2500.0,19,51968.88947368421,4313.011038434843,0,11,0,2,0,0,0,6,0,0,0,0,19,23473.4,0,Hl.m. Praha,Prague,1204953,0,0,0,1,1,100.0,12541,0.29,0.43,167,85677.0,99107,0,0,8.38936,18473.4,972.2842105263159,0.4035760666123224,0.04810570372618679,0.0,0.10526315789473684,1.725204415373937,0.20564195783396313,0.0,0.0,0.0,0,1,0.0,0.0829921724730879
1527,3942,M,47,40,3,MONTHLY,3,10424.0,0,1,1,0,276954.2,277482.2,80,41053.72375,23127.692533713467,0,17,0,27,24,0,12,12,0,12,0,0,80,554436.4,0,Blansko,south Moravia,107911,88,33,6,2,7,50.9,8240,2.53,3.56,99,1850.0,1903,0,0,0.9980971752422317,-528.0,-6.6,6.746140780956564,6.759001977256692,0.0,0.3375,0.08334838246818523,0.08350728219219447,0.0,0.0,0.15,0,0,0.0,0.563351881903611
1528,3943,M,54,50,2,MONTHLY,2,2262.0,0,1,0,0,59472.4,44629.2,84,37003.87619047619,6526.356546253347,0,8,12,28,24,0,12,12,0,12,0,0,84,104101.6,0,Hl.m. Praha,Prague,1204953,0,0,0,1,1,100.0,12541,0.29,0.43,167,85677.0,99107,0,1,1.3325894257571278,14843.200000000004,176.70476190476197,1.6071937894794548,1.2060682445880186,0.0,0.47619047619047616,0.14623512288486792,0.10973756811989001,0.0,0.0,0.14285714285714285,0,1,0.0,0.17636953795486585
1529,3944,M,63,60,3,MONTHLY,2,8502.0,0,1,0,0,731787.1,756621.2,112,69607.62589285715,25877.110993063765,0,31,0,45,24,0,12,12,0,12,0,0,112,1488408.3,0,Frydek - Mistek,north Moravia,228848,15,40,18,2,6,57.2,9893,4.09,4.72,96,5623.0,5887,0,1,0.9671776312902679,-24834.099999999977,-221.7330357142855,10.513030585562507,10.86980327650625,0.0,0.4017857142857143,0.034200880167068765,0.03536152932056846,0.0,0.0,0.10714285714285714,1,0,0.0,0.3717568392994017
1530,3946,M,24,20,3,MONTHLY,2,5844.0,0,1,0,0,137700.2,119223.2,85,34032.187058823525,9870.078532335669,0,19,0,30,24,0,12,12,0,12,0,0,85,256923.4,0,Hl.m. Praha,Prague,1204953,0,0,0,1,1,100.0,12541,0.29,0.43,167,85677.0,99107,0,0,1.1549782257144583,18477.000000000015,217.37647058823546,4.046175456252333,3.50324825712572,0.0,0.35294117647058826,0.08278655943084626,0.0716780261200468,0.0,0.0,0.1411764705882353,0,1,0.0,0.290021870039547
1531,3950,M,75,70,3,MONTHLY,1,1886.0,0,1,0,0,62356.9,57247.2,69,24377.853623188403,4513.0424042461045,0,0,12,33,12,0,12,12,0,12,12,0,69,119604.1,0,Karvina,north Moravia,285387,0,2,8,5,7,89.9,10177,6.63,7.75,81,9878.0,10108,0,0,1.0892567671431965,5109.700000000004,74.05362318840587,2.5579323333324817,2.34832815410566,0.0,0.6521739130434783,0.07883429065956248,0.07237438686410172,0.0,0.0,0.17391304347826086,0,1,0.0,0.18512878426479942
1532,3954,M,42,40,3,MONTHLY,1,6403.0,0,1,0,0,165914.8,155031.2,73,28359.330136986304,6553.591152877873,0,13,0,36,12,0,12,12,0,12,0,0,73,320946.0,0,Zlin,south Moravia,197099,29,41,10,2,10,74.7,9624,1.6,2.31,145,4484.0,4265,0,0,1.0702026430808764,10883.599999999977,149.0904109589038,5.850448483746572,5.466673551566296,0.0,0.4931506849315068,0.042272724154092035,0.03949973813594612,0.0,0.0,0.1643835616438356,0,1,0.0,0.23109118308583265
1533,3956,F,24,20,3,MONTHLY,3,2280.0,1,1,0,0,41765.8,37055.2,84,15113.152380952382,1692.1817489383486,0,0,12,24,36,0,12,12,0,0,0,0,84,78821.0,0,Tabor,south Bohemia,103347,87,16,7,1,7,67.0,9104,1.51,2.07,123,2299.0,2354,0,0,1.1271238584598116,4710.600000000006,56.0785714285715,2.763539925173973,2.4518511469984197,0.0,0.42857142857142855,0.04566651236367227,0.04051596638729172,0.0,0.0,0.0,0,1,0.0,0.11196749071828738
1534,3958,F,53,50,1,MONTHLY,1,1951.3,0,0,1,0,385480.9,337186.8,60,59100.425,21995.040509451566,0,16,0,32,0,0,8,12,0,0,0,0,60,722667.7,0,Litomerice,north Bohemia,114006,71,26,6,2,9,62.3,9065,4.46,5.39,123,4147.0,4166,0,0,1.143226543862334,48294.100000000035,804.9016666666672,6.522472554131379,5.705319377990936,0.0,0.5333333333333333,0.06523102478937956,0.05705870384097257,0.0,0.0,0.0,0,1,0.0,0.3721638297770543
1535,3959,F,29,20,1,MONTHLY,1,7806.0,0,1,0,0,251342.8,265467.2,67,51284.52537313433,8401.720814779437,0,12,0,31,12,0,12,12,0,12,0,0,67,516810.0,0,Sokolov,west Bohemia,94812,15,13,8,2,10,81.8,9650,3.38,3.67,100,2985.0,2804,0,0,0.9467941802226414,-14124.400000000023,-210.8119402985078,4.900948154853496,5.176360667638476,0.0,0.4626865671641791,0.03164880940010456,0.03342733833942901,0.0,0.0,0.1791044776119403,0,0,0.0,0.1638256521562881
1536,3962,M,47,40,1,MONTHLY,1,7876.0,0,0,0,1,655807.8,611209.8,72,55389.71666666667,25383.680545190484,0,1,12,35,0,0,8,24,0,0,0,0,72,1267017.6,0,Ostrava - mesto,north Moravia,323870,0,0,0,1,1,100.0,10673,4.75,5.44,100,18782.0,18347,1,0,1.072966761985819,44598.0,619.4166666666666,11.839883636643746,11.034716131123016,0.0,0.6527777777777778,0.04153022504742313,0.038705975356179784,0.0,0.0,0.0,0,1,0.0,0.45827424425996915
1537,3964,M,57,50,2,MONTHLY,2,3176.0,0,1,0,0,91499.3,85887.2,79,22178.22911392405,4484.843966417992,0,13,0,30,24,0,12,12,0,12,0,0,79,177386.5,0,Ostrava - mesto,north Moravia,323870,0,0,0,1,1,100.0,10673,4.75,5.44,100,18782.0,18347,0,0,1.0653426820294527,5612.100000000006,71.0392405063292,4.12563597977056,3.872590528252675,0.0,0.379746835443038,0.052217838821360954,0.04901506313619877,0.0,0.0,0.1518987341772152,0,1,0.0,0.20221830802542726
1538,3967,F,39,30,3,MONTHLY,0,0.0,0,0,0,0,218061.6,222035.2,61,34909.26885245901,9005.1757456021,0,12,0,37,0,0,12,12,0,0,0,0,61,440096.8,0,Liberec,north Bohemia,159617,29,19,8,1,9,85.2,9198,3.33,4.28,131,5796.0,6132,0,0,0.9821037385063269,-3973.600000000006,-65.14098360655747,6.246524409365844,6.360350912487238,0.0,0.6065573770491803,0.04055742398323374,0.04129647652590873,0.0,0.0,0.0,0,0,0.0,0.2579594486398925
1539,3970,F,19,10,2,WEEKLY,1,11462.0,0,1,0,0,745537.7,774757.0,93,73058.2064516129,26609.36279686077,0,23,0,46,12,0,12,12,0,12,0,0,93,1520294.7,0,Nachod,east Bohemia,112709,48,20,7,3,10,73.5,8369,1.79,2.31,117,2854.0,2618,0,0,0.9622858522091442,-29219.300000000047,-314.18602150537686,10.204708494914616,10.604653982480784,0.0,0.4946236559139785,0.034345430627746205,0.035691505334821794,0.0,0.0,0.12903225806451613,0,0,0.0,0.36422140768654626
1540,3974,M,61,60,3,MONTHLY,1,8720.0,0,1,0,0,241864.2,245915.2,66,32288.28181818182,8284.147929127312,0,12,0,30,12,0,12,12,0,12,0,0,66,487779.4,0,Frydek - Mistek,north Moravia,228848,15,40,18,2,6,57.2,9893,4.09,4.72,96,5623.0,5887,0,0,0.983526841773099,-4051.0,-61.378787878787875,7.4907733202391755,7.616236794040957,0.0,0.45454545454545453,0.033687010518777656,0.03425123655806569,0.0,0.0,0.18181818181818182,0,0,0.0,0.25656824899435915
1541,3975,F,45,40,3,MONTHLY,1,4872.0,0,1,0,0,98421.9,98239.2,65,22491.88,4025.5644520442734,0,13,0,28,12,0,12,12,0,12,0,0,65,196661.1,0,Zlin,south Moravia,197099,29,41,10,2,10,74.7,9624,1.6,2.31,145,4484.0,4265,0,0,1.001859746414873,182.6999999999971,2.810769230769186,4.375885875258093,4.367762943782378,0.0,0.4307692307692308,0.0409771705392987,0.04090110485617808,0.0,0.0,0.18461538461538463,0,1,0.0,0.17897856702259984
1542,3978,M,29,20,3,MONTHLY,1,6968.0,0,1,0,0,287268.8,300871.2,74,37773.77162162162,10080.591737177407,0,12,0,38,12,0,12,12,0,12,0,0,74,588140.0,0,Pisek,south Bohemia,70699,60,13,2,1,4,65.3,8968,2.83,3.35,131,1740.0,1910,0,0,0.9547899566326055,-13602.400000000023,-183.81621621621653,7.604980590171408,7.965082306681338,0.0,0.5135135135135135,0.03350467488140243,0.03509114716661679,0.0,0.0,0.16216216216216217,0,0,0.0,0.2668674930889691
1543,3979,F,71,70,2,MONTHLY,1,2471.0,0,1,0,0,67074.2,63647.2,65,25844.46153846154,4733.765004653148,0,0,12,29,12,0,12,12,0,12,12,0,65,130721.4,0,Brno - mesto,south Moravia,387570,0,0,0,1,1,100.0,9897,1.6,1.96,140,18721.0,18696,0,0,1.0538436883319298,3427.0,52.723076923076924,2.595302668627112,2.4627017245176765,0.0,0.6307692307692307,0.07437507077535459,0.07057504979042833,0.0,0.0,0.18461538461538463,0,1,0.0,0.18316361505958997
1544,3980,M,46,40,2,MONTHLY,2,7260.0,0,1,0,0,169944.2,169375.2,85,31829.80235294118,6951.719736733467,0,14,0,35,24,0,12,12,0,12,0,0,85,339319.4,0,Hl.m. Praha,Prague,1204953,0,0,0,1,1,100.0,12541,0.29,0.43,167,85677.0,99107,0,0,1.00335940562727,569.0,6.694117647058824,5.339153479986865,5.321277151579585,0.0,0.4117647058823529,0.04104331529488063,0.04090589579834714,0.0,0.0,0.1411764705882353,0,1,0.0,0.2184028559037252
1545,3983,F,73,70,3,MONTHLY,1,3170.0,0,1,0,0,58691.0,63645.2,59,19528.818644067796,2831.397786732795,0,0,12,23,12,0,12,12,0,12,12,0,59,122336.2,0,Hl.m. Praha,Prague,1204953,0,0,0,1,1,100.0,12541,0.29,0.43,167,85677.0,99107,0,0,0.9221590944800236,-4954.199999999997,-83.96949152542368,3.0053533226818288,3.2590399429682493,0.0,0.5932203389830508,0.04448721642374908,0.048242452620210846,0.0,0.0,0.2033898305084746,0,0,0.0,0.14498561527647139
1546,3988,F,25,20,1,MONTHLY,0,0.0,0,0,0,0,206728.1,198175.2,58,34403.15689655173,7972.341208820902,0,12,0,34,0,0,12,12,0,0,0,0,58,404903.3,0,Blansko,south Moravia,107911,88,33,6,2,7,50.9,8240,2.53,3.56,99,1850.0,1903,0,0,1.043158276111239,8552.899999999994,147.46379310344818,6.008986344527023,5.760378345391418,0.0,0.5862068965517241,0.040228753188193585,0.03856438098555978,0.0,0.0,0.0,0,1,0.0,0.2317328387273663
1547,3990,M,26,20,3,MONTHLY,0,0.0,0,0,0,0,97507.5,88575.2,62,50299.12096774193,5437.393463305653,0,13,0,37,0,0,12,12,0,0,0,0,62,186082.7,0,Rokycany,west Bohemia,45714,52,10,5,1,6,55.6,8843,2.82,3.6,113,818.0,888,0,0,1.1008442543736847,8932.300000000003,144.06935483870973,1.9385527644217473,1.7609691441090085,0.0,0.5967741935483871,0.061387312287250306,0.055763848558374005,0.0,0.0,0.0,0,1,0.0,0.1081011627776316
1548,3994,F,34,30,3,MONTHLY,3,2005.0,1,1,0,0,47064.1,59205.2,98,26096.14387755102,5213.62901883065,0,5,12,33,36,12,12,12,0,12,0,0,98,106269.3,0,Tabor,south Bohemia,103347,87,16,7,1,7,67.0,9104,1.51,2.07,123,2299.0,2354,0,0,0.7949318640930189,-12141.099999999999,-123.88877551020407,1.8034886771331176,2.2687336595707057,0.0,0.45918367346938777,0.08806032272217053,0.11077719575707706,0.12244897959183673,0.0,0.12244897959183673,0,0,0.0,0.1997854182324473
1549,3995,F,51,50,1,MONTHLY,0,0.0,0,0,0,0,267550.8,222491.4,51,48141.96666666666,12755.218807526066,0,12,0,27,0,0,9,12,0,0,0,0,51,490042.2,0,Hl.m. Praha,Prague,1204953,0,0,0,1,1,100.0,12541,0.29,0.43,167,85677.0,99107,0,0,1.2025219851194249,45059.399999999994,883.5176470588234,5.5575378100465365,4.621568569072445,0.0,0.5294117647058824,0.057329041965334684,0.04767400735683117,0.0,0.0,0.0,0,1,0.0,0.264950098442026
1550,3997,F,72,70,1,MONTHLY,2,2880.0,0,1,0,0,81087.1,71551.4,63,19639.347619047618,5263.264632025272,0,0,12,23,16,0,9,12,0,8,12,0,63,152638.5,0,Rakovnik,central Bohemia,53921,61,22,1,1,2,41.3,8598,2.77,3.26,123,1597.0,1875,0,0,1.1332706278283864,9535.700000000012,151.36031746031765,4.128808225857566,3.643267657760914,0.0,0.5555555555555556,0.07355921242666491,0.06490877873330371,0.0,0.0,0.12698412698412698,0,1,0.0,0.267995899564433
1551,3998,F,49,40,3,MONTHLY,2,5513.0,0,1,0,0,158888.1,162831.2,77,31601.85844155844,10787.580268510907,0,13,0,28,24,0,12,12,0,12,0,0,77,321719.3,0,Prerov,north Moravia,138032,67,30,4,2,5,64.6,8819,5.38,5.66,99,4063.0,4505,0,0,0.9757841249097224,-3943.100000000006,-51.20909090909098,5.027808737699177,5.1525830451118875,0.0,0.36363636363636365,0.0662500814862932,0.06789419892686051,0.0,0.0,0.15584415584415584,0,0,0.0,0.3413590466035553
1552,3999,F,23,20,2,MONTHLY,0,0.0,0,0,0,0,107681.2,120425.2,77,53900.73896103896,12805.157871744655,0,30,0,35,0,0,12,12,0,0,0,0,77,228106.4,0,Sokolov,west Bohemia,94812,15,13,8,2,10,81.8,9650,3.38,3.67,100,2985.0,2804,0,0,0.8941749733444495,-12744.0,-165.5064935064935,1.9977685292558816,2.234203135638769,0.0,0.45454545454545453,0.1063328761068668,0.11891730285086585,0.0,0.0,0.0,0,0,0.0,0.23756924521945053
1553,4001,M,43,40,3,MONTHLY,3,6152.0,1,1,0,0,200122.7,188099.2,98,25335.161224489795,7919.846290157284,0,12,0,38,36,12,12,12,0,12,0,0,98,388221.9,0,Zdar nad Sazavou,south Moravia,125832,151,41,2,3,5,48.3,8512,3.51,4.12,102,2247.0,2103,0,0,1.0639210586754224,12023.5,122.68877551020408,7.899010321140363,7.424432721516577,0.0,0.3877551020408163,0.04210462506037922,0.03957495221760092,0.12244897959183673,0.0,0.12244897959183673,0,1,0.0,0.31260295602546634
1554,4002,F,79,70,3,MONTHLY,1,3277.0,0,1,0,0,59889.3,67319.2,59,18563.166101694915,4769.2606586928405,0,0,12,23,12,0,12,12,0,12,12,0,59,127208.5,0,Klatovy,west Bohemia,88757,60,33,3,2,10,61.7,8554,2.47,2.68,113,1822.0,2218,0,0,0.8896317840972562,-7429.899999999994,-125.93050847457617,3.2262438245667475,3.626493434967077,0.0,0.5932203389830508,0.07084547437718869,0.07963460348831662,0.0,0.0,0.2033898305084746,0,0,0.0,0.25692064772600304
1555,4007,M,51,50,1,MONTHLY,0,0.0,0,0,0,0,156670.0,141995.2,56,47626.45892857143,8961.519172566808,0,12,0,32,0,0,12,12,0,0,0,0,56,298665.2,0,Cheb,west Bohemia,87419,21,11,4,3,9,85.5,8624,1.79,2.66,102,2879.0,3198,0,1,1.103347155396802,14674.799999999988,262.0499999999998,3.289558021413442,2.981435176882658,0.0,0.5714285714285714,0.06311142329153949,0.05719996918725224,0.0,0.0,0.0,0,1,0.0,0.18816261746452734
1556,4009,M,33,30,3,MONTHLY,1,9655.0,0,1,0,0,201187.6,197875.2,69,41183.566666666666,7133.307304442159,0,12,0,33,12,0,12,12,0,12,0,0,69,399062.8,0,Plzen - sever,west Bohemia,72541,66,26,10,0,8,36.9,8594,1.62,2.01,112,1580.0,1525,0,0,1.0167398441037583,3312.399999999994,48.00579710144919,4.88514269850353,4.80471255929752,0.0,0.4782608695652174,0.03604952669380578,0.035455998801328506,0.0,0.0,0.17391304347826086,0,1,0.0,0.17320761366245985
1557,4010,F,51,50,1,MONTHLY,1,2166.0,0,1,0,0,39836.2,27676.6,51,18745.5568627451,2898.6824965321666,0,0,12,16,11,0,11,12,0,0,0,0,51,67512.8,0,Kladno,central Bohemia,149893,63,29,6,2,6,67.4,9753,4.64,5.05,109,5244.0,5892,0,0,1.439345873409306,12159.599999999999,238.4235294117647,2.125100912801925,1.4764352002262704,0.0,0.5490196078431373,0.10473405319049908,0.0727650352325816,0.0,0.0,0.0,0,1,0.0,0.15463304279282336
1558,4012,F,43,40,3,MONTHLY,2,2220.0,0,1,0,0,53293.6,42215.2,80,31275.355,3121.6344000490567,0,6,12,26,24,0,12,12,0,12,0,0,80,95508.8,0,Breclav,south Moravia,124605,11,42,14,1,8,46.0,8772,4.69,4.98,126,2854.0,3158,0,0,1.2624268036157593,11078.400000000001,138.48000000000002,1.7040126323106484,1.3497912333848807,0.0,0.475,0.073945744661853,0.058574282841636835,0.0,0.0,0.15,0,1,0.0,0.09981131789068604
1559,4013,F,48,40,1,MONTHLY,1,2075.0,0,1,0,0,38058.8,21526.399999999998,48,17029.766666666666,3535.5692586477567,0,0,12,15,9,0,9,12,0,9,0,0,48,59585.2,0,Hl.m. Praha,Prague,1204953,0,0,0,1,1,100.0,12541,0.29,0.43,167,85677.0,99107,0,0,1.7680057975323327,16532.400000000005,344.4250000000001,2.2348397805411313,1.264045504636,0.0,0.5625,0.16424340617324573,0.09289754954564401,0.0,0.0,0.1875,0,1,0.0,0.20761113923939592
1560,4014,M,19,10,1,MONTHLY,0,0.0,0,0,0,0,108431.4,103575.2,75,37124.25866666667,11668.502114182174,0,31,0,32,0,0,12,12,0,0,0,0,75,212006.6,0,Pelhrimov,south Bohemia,74062,99,15,4,2,7,61.4,8114,2.38,2.62,119,1003.0,1181,0,0,1.0468857409881902,4856.199999999997,64.7493333333333,2.92076943471356,2.789960088630636,0.0,0.4266666666666667,0.11265729744361754,0.10761183673900895,0.0,0.0,0.0,0,1,0.0,0.3143093635606831
1561,4016,F,28,20,3,MONTHLY,1,3498.0,0,1,0,0,285657.1,279771.2,73,50853.531506849315,9907.784325831282,0,12,0,37,12,0,12,12,0,12,0,0,73,565428.3,0,Rakovnik,central Bohemia,53921,61,22,1,1,2,41.3,8598,2.77,3.26,123,1597.0,1875,0,0,1.021038262694659,5885.899999999965,80.62876712328719,5.61725196924673,5.501509761663621,0.0,0.5068493150684932,0.03541388222172719,0.03468418718047366,0.0,0.0,0.1643835616438356,0,1,0.0,0.1948298187412379
1562,4020,F,46,40,3,MONTHLY,0,0.0,0,0,0,0,442474.7,424631.2,62,36337.577419354835,25514.16903852381,0,14,0,36,0,0,11,12,2,0,0,0,62,867105.9,0,Kolin,central Bohemia,95616,65,30,4,1,6,51.4,9307,3.85,4.43,118,2616.0,3040,0,0,1.0420211703709006,17843.5,287.7983870967742,12.176780386144301,11.68573224074714,0.0,0.5806451612903226,0.06008547897216175,0.0576624359280289,0.0,0.0,0.0,0,1,0.03225806451612903,0.7021428188257248
1563,4021,M,51,50,3,MONTHLY,2,6193.0,0,1,0,0,146975.6,153671.2,81,31137.109876543207,5748.11960245707,0,13,0,32,24,0,12,12,0,12,0,0,81,300646.8,0,Jicin,east Bohemia,77917,85,19,6,1,5,53.5,8390,2.28,2.89,132,2080.0,2122,0,0,0.9564290511169301,-6695.600000000006,-82.6617283950618,4.720271103604333,4.935307117754255,0.0,0.3950617283950617,0.037405314739893156,0.03910934605782912,0.0,0.0,0.14814814814814814,0,0,0.0,0.18460671607763288
1564,4026,F,54,50,1,MONTHLY,2,9364.7,0,1,1,0,625631.8,598950.4,78,68194.66153846153,28744.722821032417,0,23,0,35,8,0,9,12,0,8,0,0,78,1224582.2,0,Sumperk,north Moravia,127369,31,32,13,2,7,51.2,8369,4.73,5.88,107,3736.0,2807,0,0,1.0445469274250423,26681.400000000023,342.06923076923107,9.174204928741322,8.78295142886213,0.0,0.44871794871794873,0.0479918250677058,0.045945111519319216,0.0,0.0,0.10256410256410256,0,1,0.0,0.42150986855210804
1565,4033,M,74,70,2,MONTHLY,1,2974.0,0,1,0,0,69078.4,73503.2,62,16747.39677419355,3341.0566525276495,0,0,12,26,12,0,12,12,0,12,12,0,62,142581.6,0,Trutnov,east Bohemia,121947,37,28,7,3,11,70.5,8541,2.51,2.97,131,3496.0,3839,0,0,0.9398012603532907,-4424.800000000003,-71.36774193548392,4.124724632215348,4.388932858703317,0.0,0.6129032258064516,0.04545457412095867,0.048366155737939065,0.0,0.0,0.1935483870967742,0,0,0.0,0.19949707393784097
1566,4036,F,23,20,1,MONTHLY,1,7531.0,0,1,0,0,186772.0,163833.8,54,25565.855555555554,7728.874670257853,0,13,0,22,7,0,8,12,0,7,0,0,54,350605.8,0,Klatovy,west Bohemia,88757,60,33,3,2,10,61.7,8554,2.47,2.68,113,1822.0,2218,0,0,1.1400089603000114,22938.20000000001,424.7814814814817,7.305525120962117,6.408305000549778,0.0,0.4074074074074074,0.04717509250385362,0.041381334837437375,0.0,0.0,0.12962962962962962,0,1,0.0,0.3023123811938435
1567,4044,F,69,60,3,MONTHLY,0,0.0,0,0,0,0,51532.9,55306.7,67,3085.7492537313433,3621.25560031881,0,0,12,43,0,0,12,12,5,12,12,0,67,106839.6,0,Domazlice,west Bohemia,58400,65,16,4,1,6,52.4,8620,1.1,1.25,100,1089.0,1117,0,0,0.9317659524072129,-3773.7999999999956,-56.325373134328295,16.70028760038927,17.923264482077453,0.0,0.8208955223880597,0.06547589352318635,0.07027075131263348,0.0,0.0,0.1791044776119403,0,0,0.07462686567164178,1.173541756816411
1568,4049,M,54,50,2,MONTHLY,1,5787.0,0,1,0,0,237215.3,239379.2,74,46637.73108108108,8481.765097507401,0,12,0,38,12,0,12,12,0,12,0,0,74,476594.5,0,Kladno,central Bohemia,149893,63,29,6,2,6,67.4,9753,4.64,5.05,109,5244.0,5892,0,0,0.9909603674838916,-2163.9000000000233,-29.241891891892205,5.086338775520493,5.132736830268011,0.0,0.5135135135135135,0.03543233955793737,0.03575555665046648,0.0,0.0,0.16216216216216217,0,0,0.0,0.18186487423158731
1569,4054,F,40,40,3,MONTHLY,2,2938.0,0,1,0,0,69673.7,64051.2,79,22456.949367088608,4366.53673072113,0,18,0,25,24,0,12,12,0,12,0,0,79,133724.9,0,Havlickuv Brod,east Bohemia,95907,87,25,5,2,7,59.1,8388,2.41,2.94,87,1658.0,1668,0,0,1.087781337430056,5622.5,71.17088607594937,3.1025451792712806,2.85217724602742,0.0,0.31645569620253167,0.06817259833884658,0.06267123363221891,0.0,0.0,0.1518987341772152,0,1,0.0,0.1944403337846249
1570,4056,F,47,40,3,MONTHLY,4,5148.0,1,1,0,1,137062.0,146471.2,111,20915.84864864865,5088.749577644339,0,13,0,50,36,12,12,12,0,12,0,0,111,283533.2,0,Vyskov,south Moravia,86513,38,36,5,1,5,50.5,8288,3.79,4.52,110,1562.0,1460,0,0,0.9357607502362238,-9409.200000000012,-84.76756756756767,6.553021218618133,7.002881043005795,0.0,0.45045045045045046,0.034742321887472345,0.03712735534024266,0.10810810810810811,0.0,0.10810810810810811,1,0,0.0,0.24329634733578537
1571,4057,F,77,70,2,MONTHLY,1,2575.0,0,1,0,0,71100.4,63835.2,68,38271.17352941176,5116.222297447678,0,0,12,32,12,0,12,12,0,12,12,0,68,134935.6,0,Karvina,north Moravia,285387,0,2,8,5,7,89.9,10177,6.63,7.75,81,9878.0,10108,0,0,1.1138118154247185,7265.199999999997,106.8411764705882,1.8578055868958046,1.6679708018606234,0.0,0.6470588235294118,0.08014735283116022,0.07195771468863295,0.0,0.0,0.17647058823529413,0,1,0.0,0.1336834443687966
1572,4059,M,75,70,1,MONTHLY,1,1841.0,0,1,0,0,82234.2,82117.2,65,26176.973846153847,3626.4240459902844,0,0,12,29,12,0,12,12,0,12,12,0,65,164351.4,0,Brno - mesto,south Moravia,387570,0,0,0,1,1,100.0,9897,1.6,1.96,140,18721.0,18696,0,0,1.0014247928570386,117.0,1.8,3.1414708393454185,3.1370012623542953,0.0,0.6307692307692307,0.04416156476341478,0.04409873320334222,0.0,0.0,0.18461538461538463,0,1,0.0,0.13853488441037315
1573,4063,F,33,30,3,MONTHLY,1,6154.0,0,1,0,0,129495.3,126763.2,70,40952.69857142857,7970.8842333396315,0,17,0,29,12,0,12,12,0,12,0,0,70,256258.5,0,Jicin,east Bohemia,77917,85,19,6,1,5,53.5,8390,2.28,2.89,132,2080.0,2122,0,0,1.0215527850354047,2732.100000000006,39.030000000000086,3.162070010457012,3.0953564581074704,0.0,0.4142857142857143,0.0628801121566798,0.0615534635877876,0.0,0.0,0.17142857142857143,0,1,0.0,0.19463636125070086
1574,4065,M,57,50,1,MONTHLY,1,7294.0,0,1,0,0,158555.3,152803.2,75,36493.272,7709.407585656172,0,16,0,35,12,0,12,12,0,12,0,0,75,311358.5,0,Opava,north Moravia,182027,17,49,12,2,7,56.4,8746,3.33,3.74,90,4355.0,4433,0,0,1.0376438451550751,5752.099999999977,76.69466666666635,4.344781690170177,4.187160855294095,0.0,0.4666666666666667,0.050453181514890866,0.04862283118669747,0.0,0.0,0.16,0,1,0.0,0.2112555866641986
1575,4066,F,63,60,1,MONTHLY,1,2463.0,0,1,0,0,53954.2,49771.2,59,20571.810169491528,4383.408896277389,0,0,12,23,12,0,12,12,0,12,12,0,59,103725.4,0,Sokolov,west Bohemia,94812,15,13,8,2,10,81.8,9650,3.38,3.67,100,2985.0,2804,0,0,1.0840445880348475,4183.0,70.89830508474576,2.6227249598100673,2.419388453905327,0.0,0.5932203389830508,0.08807119169876132,0.08124314504296959,0.0,0.0,0.2033898305084746,0,1,0.0,0.21307842431766585
1576,4067,F,40,40,2,WEEKLY,3,9841.7,0,1,1,0,183807.7,209314.0,73,28312.408219178084,13205.347695438826,0,11,0,26,24,0,12,12,0,12,0,0,73,393121.7,0,Tabor,south Bohemia,103347,87,16,7,1,7,67.0,9104,1.51,2.07,123,2299.0,2354,0,0,0.8781433635590549,-25506.29999999999,-349.40136986301354,6.4921252398265965,7.393012928452204,0.0,0.3561643835616438,0.06308869781972934,0.07184327803154507,0.0,0.0,0.1643835616438356,0,0,0.0,0.46641555862047335
1577,4071,F,57,50,3,MONTHLY,2,3023.0,0,1,0,0,297570.6,265431.2,79,76526.10886075949,13148.802383557359,0,12,0,31,24,0,12,12,0,12,0,0,79,563001.8,0,Hl.m. Praha,Prague,1204953,0,0,0,1,1,100.0,12541,0.29,0.43,167,85677.0,99107,0,0,1.1210837309253772,32139.399999999965,406.8278481012654,3.8884846548441994,3.4685051148093318,0.0,0.3924050632911392,0.049537516251131584,0.04418716897286681,0.0,0.0,0.1518987341772152,0,1,0.0,0.1718211284920003
1578,4073,M,44,40,1,MONTHLY,3,7908.0,1,1,0,0,203868.9,212548.6,88,40766.26136363636,10165.672583177908,0,15,0,28,33,11,11,12,0,11,0,0,88,416417.5,0,Karlovy Vary,west Bohemia,122603,25,21,6,2,8,80.0,8991,1.39,2.01,128,5198.0,5273,0,0,0.9591636924449278,-8679.700000000012,-98.63295454545468,5.00092216407786,5.2138359734305695,0.0,0.3181818181818182,0.047827520779614205,0.049863773156071906,0.125,0.0,0.125,0,0,0.0,0.24936484836075062
1579,4075,F,55,50,2,MONTHLY,2,3033.0,0,1,0,0,70469.1,68371.2,80,23950.38625,2737.662025619198,0,18,0,26,24,0,12,12,0,12,0,0,80,138840.3,0,Mlada Boleslav,central Bohemia,112065,95,19,7,1,8,69.4,11277,1.25,1.44,127,5179.0,4987,0,0,1.0306839721988206,2097.9000000000087,26.22375000000011,2.9422949285421236,2.85470135163269,0.0,0.325,0.0400411580551343,0.03884911295332561,0.0,0.0,0.15,0,1,0.0,0.11430554802093007
1580,4076,M,30,30,3,MONTHLY,1,2385.5,0,0,1,0,320609.0,334845.2,68,36671.836764705884,16171.220169471559,0,2,12,42,0,0,12,12,0,0,0,0,68,655454.2,0,Semily,east Bohemia,75685,31,28,5,1,9,60.8,8208,1.89,2.26,155,1660.0,2123,0,0,0.9574842345059746,-14236.200000000012,-209.35588235294134,8.74264908128529,9.130854343305362,0.0,0.7941176470588235,0.04829461545057704,0.050439071172273885,0.0,0.0,0.0,0,0,0.0,0.44097109924516364
1581,4077,F,44,40,3,MONTHLY,1,11549.0,0,1,0,0,613661.2,608172.2,86,52165.3988372093,22800.51718849168,0,23,0,39,12,0,12,12,0,12,0,0,86,1221833.4,0,Frydek - Mistek,north Moravia,228848,15,40,18,2,6,57.2,9893,4.09,4.72,96,5623.0,5887,0,0,1.0090254043180533,5489.0,63.825581395348834,11.763759382249344,11.658536377684014,0.0,0.45348837209302323,0.037490232517191156,0.03715489457129061,0.0,0.0,0.13953488372093023,0,1,0.0,0.4370812396095052
1582,4078,M,48,40,2,MONTHLY,1,9838.0,0,1,0,0,313987.4,317951.2,69,51664.23623188405,11708.423750796981,0,12,0,33,12,0,12,12,0,12,0,0,69,631938.6,0,Cheb,west Bohemia,87419,21,11,4,3,9,85.5,8624,1.79,2.66,102,2879.0,3198,0,1,0.9875333069980551,-3963.7999999999884,-57.446376811594035,6.077461371745314,6.154183690492258,0.0,0.4782608695652174,0.036824593682291434,0.037289470057706074,0.0,0.0,0.17391304347826086,0,0,0.0,0.2266253138485622
1583,4080,F,56,50,3,MONTHLY,0,0.0,0,0,0,0,33662.8,24729.7,32,-525.7312499999999,5944.443831356574,0,2,0,27,0,0,12,3,12,1,0,0,32,58392.5,0,Tabor,south Bohemia,103347,87,16,7,1,7,67.0,9104,1.51,2.07,123,2299.0,2354,0,0,1.3612296145929794,8933.100000000002,279.15937500000007,-64.03043380053974,-47.038672325451465,0.0,0.84375,0.24037670620171592,0.17658791994001016,0.0,0.0,0.03125,0,1,0.375,-11.307001117693831
1584,4084,M,42,40,2,MONTHLY,1,6387.0,0,1,0,0,175481.0,181959.2,73,40033.79452054795,7649.540266757692,0,15,0,34,12,0,12,12,0,12,0,0,73,357440.2,0,Brno - venkov,south Moravia,157042,49,70,18,0,9,33.9,8743,1.88,2.43,111,3659.0,3894,0,0,0.9643975132886933,-6478.200000000012,-88.74246575342482,4.383321693623914,4.545139979339373,0.0,0.4657534246575342,0.0420398653476037,0.04359184337197584,0.0,0.0,0.1643835616438356,0,0,0.0,0.1910770727174375
1585,4087,F,53,50,3,MONTHLY,1,4376.0,0,1,0,0,89313.8,96687.2,65,24546.84,5786.947085219025,0,14,0,27,12,0,12,12,0,12,0,0,65,186001.0,0,Zlin,south Moravia,197099,29,41,10,2,10,74.7,9624,1.6,2.31,145,4484.0,4265,0,0,0.9237396470267006,-7373.399999999994,-113.436923076923,3.6385049969772076,3.938885819926312,0.0,0.4153846153846154,0.059852256402285156,0.06479342593439116,0.0,0.0,0.18461538461538463,0,0,0.0,0.23575120403355485
1586,4092,F,66,60,1,MONTHLY,1,2935.0,0,1,0,0,76025.3,47926.0,52,35454.30961538462,6330.196925080443,0,0,12,18,10,0,10,12,0,10,12,0,52,123951.3,0,Ceske Budejovice,south Bohemia,177686,69,27,10,1,9,74.8,10045,1.42,1.71,135,6604.0,6295,0,0,1.5863059717063808,28099.300000000003,540.3711538461539,2.144317597063306,1.3517679661488475,0.0,0.5769230769230769,0.1320827301481543,0.08326434654095996,0.0,0.0,0.19230769230769232,0,1,0.0,0.17854520349575762
1587,4094,M,20,20,1,MONTHLY,0,0.0,0,0,0,0,603178.4,598012.7,90,54528.91555555556,27753.38955225255,0,29,0,49,0,0,12,12,2,0,0,0,90,1201191.1,0,Benesov,central Bohemia,88884,80,26,6,2,5,46.7,8507,1.67,1.85,132,2159.0,2674,0,1,1.008638110862863,5165.70000000007,57.39666666666744,11.061624715156222,10.966891490639092,0.0,0.5444444444444444,0.046409364804882156,0.04601190883535045,0.0,0.0,0.0,0,1,0.022222222222222223,0.5089664679646275
1588,4100,M,44,40,3,MONTHLY,3,7515.0,0,1,1,0,222783.3,201495.2,83,41124.01686746988,10460.637577334675,0,12,0,35,24,0,12,12,0,12,0,0,83,424278.5,0,Ostrava - mesto,north Moravia,323870,0,0,0,1,1,100.0,10673,4.75,5.44,100,18782.0,18347,0,1,1.1056506556980017,21288.099999999977,256.4831325301202,5.417352607308824,4.899696463245732,0.0,0.42168674698795183,0.05191507081724366,0.046954316492011185,0.0,0.0,0.14457831325301204,0,1,0.0,0.2543680888724005
1589,4101,F,29,20,1,MONTHLY,1,6139.0,0,1,0,0,126255.5,138163.2,68,29197.761764705883,4601.208465987111,0,14,0,30,12,0,12,12,0,12,0,0,68,264418.7,0,Hl.m. Praha,Prague,1204953,0,0,0,1,1,100.0,12541,0.29,0.43,167,85677.0,99107,0,0,0.9138142428664072,-11907.700000000012,-175.11323529411783,4.324149947432514,4.731979153518919,0.0,0.4411764705882353,0.03330270626322429,0.03644362792897823,0.0,0.0,0.17647058823529413,0,0,0.0,0.1575877117933413
1590,4113,F,52,50,1,WEEKLY,3,9177.0,0,1,1,0,786722.3,743489.0,117,70459.44102564102,29823.52320879806,0,32,0,49,24,0,12,12,0,12,0,0,117,1530211.3,0,Sumperk,north Moravia,127369,31,32,13,2,7,51.2,8369,4.73,5.88,107,3736.0,2807,0,0,1.0581492126985066,43233.30000000005,369.515384615385,11.165605184317352,10.55201388454722,0.0,0.4188034188034188,0.040112931339667514,0.037908577408824,0.0,0.0,0.10256410256410256,1,1,0.0,0.4232722084460609
1591,4116,M,63,60,2,MONTHLY,1,7543.0,0,1,0,0,268312.6,270891.2,73,37653.14109589041,7296.824379326399,5,12,0,32,12,0,12,12,0,12,0,0,73,539203.8,0,Liberec,north Bohemia,159617,29,19,8,1,9,85.2,9198,3.33,4.28,131,5796.0,6132,0,0,0.9904810492182838,-2578.600000000035,-35.32328767123335,7.125902174182342,7.194385172544503,0.0,0.4383561643835616,0.02693636551990762,0.027195235629360676,0.0,0.0,0.1643835616438356,0,0,0.0,0.19379058869866236
1592,4118,M,21,20,3,MONTHLY,0,0.0,0,0,0,0,90837.5,118615.7,57,15735.131578947368,10117.154315340533,0,13,0,32,0,0,12,12,1,0,0,0,57,209453.2,0,Plzen - sever,west Bohemia,72541,66,26,10,0,8,36.9,8594,1.62,2.01,112,1580.0,1525,0,0,0.7658134631418944,-27778.199999999997,-487.3368421052631,5.772910098923796,7.538271885740088,0.0,0.5614035087719298,0.08529355148888834,0.11137640638877702,0.0,0.0,0.0,0,0,0.017543859649122806,0.6429659812236117
1593,4119,F,37,30,3,MONTHLY,0,0.0,0,0,0,0,269408.1,268155.2,60,48536.64833333333,11619.05772388683,0,12,0,36,0,0,12,12,0,0,0,0,60,537563.3,0,Uherske Hradiste,south Moravia,145688,22,41,13,2,5,40.7,8544,1.29,1.86,109,2719.0,2906,0,0,1.004672294253477,1252.899999999965,20.881666666666085,5.550611944809127,5.524798460709535,0.0,0.6,0.04332960063383753,0.043128093490458645,0.0,0.0,0.0,0,1,0.0,0.2393873108849845
1594,4122,M,30,30,1,MONTHLY,3,3794.0,1,1,0,0,198407.1,201803.2,99,36807.38585858586,7379.36558091119,0,13,0,38,36,12,12,12,0,12,0,0,99,400210.3,0,Most,north Bohemia,119895,17,4,3,2,4,89.9,10446,7.34,9.4,90,4947.0,4743,0,0,0.9831712282064903,-3396.100000000006,-34.304040404040464,5.390415411794821,5.4826822196862555,0.0,0.3838383838383838,0.0365671385830908,0.037193051966946694,0.12121212121212122,0.0,0.12121212121212122,0,0,0.0,0.20048600053431517
1595,4126,M,24,20,3,MONTHLY,4,4987.0,1,1,0,0,149525.7,119699.2,103,56246.655339805824,10109.466910313873,0,20,0,23,48,12,12,12,0,12,0,0,103,269224.9,0,Karvina,north Moravia,285387,0,2,8,5,7,89.9,10177,6.63,7.75,81,9878.0,10108,0,0,1.2491787747954874,29826.500000000015,289.57766990291276,2.658392736362059,2.128112316667632,0.0,0.22330097087378642,0.08445726379385889,0.06761022961480115,0.11650485436893204,0.0,0.11650485436893204,1,1,0.0,0.17973454331175834
1596,4131,M,23,20,1,MONTHLY,0,0.0,0,0,0,0,85422.0,93875.2,78,27699.73205128205,9804.343973940786,0,30,0,36,0,0,12,12,0,0,0,0,78,179297.2,0,Rychnov nad Kneznou,east Bohemia,78955,50,24,8,1,9,59.0,9060,1.78,2.44,124,1655.0,1717,0,0,0.9099527883828743,-8453.199999999997,-108.37435897435894,3.08385654568259,3.389029172780575,0.0,0.46153846153846156,0.1044401926594115,0.11477539713353452,0.0,0.0,0.0,0,0,0.0,0.35395085973356927
1597,4134,F,45,40,2,MONTHLY,3,7898.0,1,1,0,0,158262.5,155131.2,95,21120.60842105263,4741.540742176066,0,14,0,33,36,12,12,12,0,12,0,0,95,313393.7,0,Hl.m. Praha,Prague,1204953,0,0,0,1,1,100.0,12541,0.29,0.43,167,85677.0,99107,0,0,1.0201848499850448,3131.2999999999884,32.96105263157882,7.493273718490366,7.345015678874483,0.0,0.3473684210526316,0.030564713882030598,0.029959976255752724,0.12631578947368421,0.0,0.12631578947368421,0,1,0.0,0.2244983026838273
1598,4136,M,40,40,1,MONTHLY,1,8640.0,0,1,0,0,238742.9,239375.2,74,39396.56621621621,9061.603830921385,0,13,0,37,12,0,12,12,0,12,0,0,74,478118.1,0,Tachov,west Bohemia,51313,34,12,3,1,4,59.2,8930,3.52,4.2,108,1328.0,1452,0,0,0.9973585400659717,-632.3000000000175,-8.54459459459483,6.059992606709208,6.076042228814084,0.0,0.5,0.03785523241723197,0.03795549032419974,0.0,0.0,0.16216216216216217,0,0,0.0,0.2300099907486733
1599,4139,M,30,30,3,MONTHLY,4,10085.0,1,1,1,0,507483.7,458012.2,105,63222.98095238095,23286.623053660824,0,21,0,36,36,12,12,12,0,12,0,0,105,965495.9,0,Ostrava - mesto,north Moravia,323870,0,0,0,1,1,100.0,10673,4.75,5.44,100,18782.0,18347,0,0,1.1080134983303938,49471.5,471.15714285714284,8.026886621847721,7.244394255072711,0.0,0.34285714285714286,0.050842800811115564,0.04588644532555592,0.11428571428571428,0.0,0.11428571428571428,1,1,0.0,0.36832529410785175
1600,4140,M,36,30,2,MONTHLY,1,2646.0,0,1,0,0,61825.3,55797.2,74,30327.417567567565,4805.305083221853,0,5,12,33,12,0,12,12,0,12,0,0,74,117622.5,0,Karvina,north Moravia,285387,0,2,8,5,7,89.9,10177,6.63,7.75,81,9878.0,10108,0,0,1.1080358871054463,6028.100000000006,81.46081081081088,2.0385942806457935,1.8398269445688005,0.0,0.6081081081081081,0.08612090003121758,0.0777239266646802,0.0,0.0,0.16216216216216217,0,1,0.0,0.15844755236795016
1601,4145,F,77,70,3,MONTHLY,2,1864.0,0,1,0,0,81695.4,81333.2,84,33670.75,4708.699497085732,0,0,12,36,24,0,12,12,0,12,12,0,84,163028.6,0,Opava,north Moravia,182027,17,49,12,2,7,56.4,8746,3.33,3.74,90,4355.0,4433,0,0,1.0044532859889934,362.1999999999971,4.311904761904727,2.4263017604300465,2.4155446492875865,0.0,0.5714285714285714,0.05789394118374455,0.057637265954824046,0.0,0.0,0.14285714285714285,0,1,0.0,0.1398453998525644
1602,4155,M,76,70,3,MONTHLY,1,3090.0,0,1,0,0,56658.8,58545.2,61,21846.59344262295,3461.076173045453,0,0,12,25,12,0,12,12,0,12,12,0,61,115204.0,0,Kromeriz,south Moravia,108871,41,29,7,2,6,62.1,8444,3.24,3.47,106,2595.0,2305,0,0,0.9677787418951512,-1886.3999999999942,-30.92459016393433,2.5934844326556674,2.6798319909124895,0.0,0.6065573770491803,0.059118017754580275,0.061086295033524404,0.0,0.0,0.19672131147540983,0,0,0.0,0.15842635521805676
1603,4156,F,37,30,1,MONTHLY,1,2243.0,0,1,0,0,41322.4,30601.2,51,20000.79411764706,3018.9625548795248,0,0,12,15,12,0,12,12,0,12,0,0,51,71923.6,0,Kolin,central Bohemia,95616,65,30,4,1,6,51.4,9307,3.85,4.43,118,2616.0,3040,0,0,1.350352273767042,10721.2,210.21960784313728,2.0660379661395796,1.5299992500297783,0.0,0.5294117647058824,0.09865503819717934,0.07305874186590142,0.0,0.0,0.23529411764705882,0,1,0.0,0.15094213445334353
1604,4161,F,27,20,1,MONTHLY,4,9714.0,1,1,0,0,226839.7,243923.6,95,37690.725263157896,10581.0000098427,0,12,0,30,41,10,11,12,0,11,0,0,95,470763.3,0,Domazlice,west Bohemia,58400,65,16,4,1,6,52.4,8620,1.1,1.25,100,1089.0,1117,0,0,0.9299620864893762,-17083.899999999994,-179.8305263157894,6.018448793866335,6.471714149752156,0.0,0.3157894736842105,0.04337833653587722,0.04664527421717936,0.10526315789473684,0.0,0.11578947368421053,0,0,0.0,0.2807321943519475
1605,4166,M,52,50,2,MONTHLY,0,0.0,0,0,0,0,147338.6,142195.2,60,29019.625,6859.762585297872,0,13,0,35,0,0,12,12,0,0,0,0,60,289533.8,0,Hl.m. Praha,Prague,1204953,0,0,0,1,1,100.0,12541,0.29,0.43,167,85677.0,99107,0,0,1.0361714038167251,5143.399999999994,85.72333333333323,5.077205511787282,4.89996683278988,0.0,0.5833333333333334,0.04824187163348602,0.04655781027712949,0.0,0.0,0.0,0,1,0.0,0.23638357095578844
1606,4171,M,19,10,1,MONTHLY,0,0.0,0,0,0,0,64043.9,61725.2,65,37588.49538461539,12442.234021512057,0,18,0,35,0,0,12,12,0,0,0,0,65,125769.09999999999,0,Hl.m. Praha,Prague,1204953,0,0,0,1,1,100.0,12541,0.29,0.43,167,85677.0,99107,0,1,1.0375648843584144,2318.7000000000044,35.67230769230776,1.703816536008849,1.6421301083858635,0.0,0.5384615384615384,0.20157462465106726,0.1942766449499805,0.0,0.0,0.0,0,1,0.0,0.33101176022609685
1607,4175,F,34,30,1,MONTHLY,1,7062.0,0,1,0,0,288530.0,317919.2,68,47309.0794117647,11256.55737821835,0,12,0,32,12,0,12,12,0,12,0,0,68,606449.2,0,Rakovnik,central Bohemia,53921,61,22,1,1,2,41.3,8598,2.77,3.26,123,1597.0,1875,0,0,0.9075576435773618,-29389.20000000001,-432.194117647059,6.098829306922617,6.720046214235585,0.0,0.47058823529411764,0.035406975666201816,0.03901347304688715,0.0,0.0,0.17647058823529413,0,0,0.0,0.23793651278319097
1608,4178,M,73,70,3,MONTHLY,1,1500.0,0,1,0,0,78261.5,60595.2,58,18188.556896551723,5632.537214090066,0,0,12,22,12,0,12,12,0,12,12,0,58,138856.7,0,Ceska Lipa,north Bohemia,105058,32,19,7,2,10,81.0,9272,2.8,3.22,118,4340.0,4505,0,0,1.2915461950781582,17666.300000000003,304.5913793103449,4.302787760739677,3.3315012479900443,0.0,0.5862068965517241,0.09295352130350369,0.0719707290824999,0.0,0.0,0.20689655172413793,0,1,0.0,0.30967477222769174
1609,4179,M,79,70,2,MONTHLY,1,2796.0,0,1,0,0,51114.200000000004,54487.2,59,16770.25593220339,2948.9751141517995,0,0,12,23,12,0,12,12,0,12,12,0,59,105601.4,0,Brno - mesto,south Moravia,387570,0,0,0,1,1,100.0,9897,1.6,1.96,140,18721.0,18696,0,0,0.9380955527169685,-3372.9999999999927,-57.1694915254236,3.047908165900261,3.2490380719455785,0.0,0.5932203389830508,0.054122346425432025,0.05769385247449435,0.0,0.0,0.2033898305084746,0,0,0.0,0.17584556407925633
1610,4180,M,67,60,1,MONTHLY,2,2678.0,0,1,0,0,52128.8,52651.2,72,16059.386111111111,2046.3843454004807,0,0,12,24,24,0,12,12,0,12,12,0,72,104780.0,0,Vyskov,south Moravia,86513,38,36,5,1,5,50.5,8288,3.79,4.52,110,1562.0,1460,0,0,0.9900780988847359,-522.3999999999942,-7.255555555555475,3.246002035154589,3.2785312985016204,0.0,0.5,0.03886681301471725,0.03925631024309941,0.0,0.0,0.16666666666666666,0,0,0.0,0.12742606294176062
1611,4187,F,32,30,1,MONTHLY,2,4654.0,0,1,0,0,106396.1,109823.2,84,27729.814285714285,4061.388781292122,0,16,0,32,24,0,12,12,0,12,0,0,84,216219.3,0,Klatovy,west Bohemia,88757,60,33,3,2,10,61.7,8554,2.47,2.68,113,1822.0,2218,0,0,0.9687943895278959,-3427.0999999999913,-40.79880952380942,3.8368846939884715,3.9604736933481086,0.0,0.38095238095238093,0.036981154995411915,0.03817234636694505,0.0,0.0,0.14285714285714285,0,0,0.0,0.1464628915089579
1612,4188,M,23,20,3,MONTHLY,1,4543.0,0,1,0,0,143418.1,132991.2,75,55793.121333333336,7737.4735357586615,0,15,0,36,12,0,12,12,0,12,0,0,75,276409.3,0,Hl.m. Praha,Prague,1204953,0,0,0,1,1,100.0,12541,0.29,0.43,167,85677.0,99107,0,1,1.0784029319233153,10426.899999999994,139.02533333333326,2.5705337248144877,2.3836486796544407,0.0,0.48,0.05818034227647138,0.053950467449775594,0.0,0.0,0.16,0,1,0.0,0.13868149604915445
1613,4189,M,58,50,1,MONTHLY,3,3346.0,1,1,0,0,314961.6,276727.2,100,44820.052,14141.806322286644,0,12,0,40,36,12,12,12,0,12,0,0,100,591688.8,0,Zlin,south Moravia,197099,29,41,10,2,10,74.7,9624,1.6,2.31,145,4484.0,4265,0,0,1.1381663963643616,38234.399999999965,382.34399999999965,7.027247536437485,6.174182930443722,0.0,0.4,0.05110378134959861,0.04490009678096201,0.12,0.0,0.12,0,1,0.0,0.31552409448981994
1614,4192,M,68,60,3,MONTHLY,1,2554.0,0,1,0,0,71437.6,71143.2,69,30539.66376811594,2751.672268018069,0,0,12,33,12,0,12,12,0,12,12,0,69,142580.8,0,Sumperk,north Moravia,127369,31,32,13,2,7,51.2,8369,4.73,5.88,107,3736.0,2807,0,0,1.0041381326676337,294.40000000000873,4.266666666666794,2.3391744107733885,2.329534488008182,0.0,0.6521739130434783,0.03867793784954949,0.0385185430084167,0.0,0.0,0.17391304347826086,0,1,0.0,0.09010159014556256
1615,4198,F,45,40,1,MONTHLY,3,2202.0,1,1,0,0,40603.7,34399.2,85,18541.992941176468,2644.1138613184294,0,0,12,25,36,12,12,12,0,12,0,0,85,75002.9,0,Cheb,west Bohemia,87419,21,11,4,3,9,85.5,8624,1.79,2.66,102,2879.0,3198,0,0,1.1803675666875975,6204.5,72.99411764705883,2.1898239379560316,1.8552051070847515,0.0,0.43529411764705883,0.07686556260954992,0.06512002259199111,0.1411764705882353,0.0,0.1411764705882353,0,1,0.0,0.14260138431217972
1616,4201,M,22,20,1,MONTHLY,2,6307.0,0,1,0,0,171389.1,130732.8,63,38063.33968253968,7592.82139446455,5,13,0,18,15,0,8,12,0,7,0,0,63,302121.9,0,Beroun,central Bohemia,75232,55,26,4,1,5,41.7,8980,1.95,2.21,111,2824.0,2813,0,0,1.3109877551769717,40656.3,645.3380952380953,4.502734164406998,3.43461191504353,0.0,0.2857142857142857,0.058078931947181965,0.04430165859126718,0.0,0.0,0.1111111111111111,0,1,0.0,0.1994785916787935
1617,4203,F,32,30,3,MONTHLY,1,2132.0,0,1,0,0,39054.0,34499.2,55,14183.269090909092,2104.1491582877925,0,0,12,19,12,0,12,12,0,12,0,0,55,73553.2,0,Novy Jicin,north Moravia,161227,5,35,11,4,10,69.7,8678,5.93,5.57,102,4980.0,4595,0,0,1.1320262498840554,4554.800000000003,82.81454545454551,2.7535259854184146,2.4323870455304695,0.0,0.5636363636363636,0.060991244964746796,0.053877942292410316,0.0,0.0,0.21818181818181817,0,1,0.0,0.14835431414302558
1618,4205,M,64,60,2,MONTHLY,1,4906.0,0,1,0,0,111844.7,108647.2,72,21794.595833333333,4839.992517758081,0,18,0,30,12,0,12,12,0,12,0,0,72,220491.9,0,Sokolov,west Bohemia,94812,15,13,8,2,10,81.8,9650,3.38,3.67,100,2985.0,2804,0,0,1.0294301187697428,3197.5,44.40972222222222,5.1317629771753435,4.985052296029807,0.0,0.4166666666666667,0.04454778878570346,0.043274223255622135,0.0,0.0,0.16666666666666666,0,1,0.0,0.22207305676922193
1619,4206,M,57,50,2,MONTHLY,2,9156.0,0,1,0,0,191421.1,171287.2,83,32040.368674698795,8964.9911677201,0,16,0,31,24,0,12,12,0,12,0,0,83,362708.3,0,Domazlice,west Bohemia,58400,65,16,4,1,6,52.4,8620,1.1,1.25,100,1089.0,1117,0,0,1.1175446851837147,20133.899999999994,242.57710843373488,5.974372578027132,5.345980932337391,0.0,0.37349397590361444,0.05233894399418111,0.04683387133247118,0.0,0.0,0.14457831325301204,0,1,0.0,0.2798029966115669
1620,4207,M,61,60,3,MONTHLY,0,0.0,0,0,0,0,180195.4,206875.2,63,62034.27619047619,8428.136343009612,0,12,0,39,0,0,12,12,0,0,0,0,63,387070.6,0,Jihlava,south Moravia,109164,98,16,6,1,4,63.6,8757,3.38,3.95,96,2212.0,2471,0,0,0.8710343240755779,-26679.800000000017,-423.48888888888916,2.904771540280573,3.3348531280479508,0.0,0.6190476190476191,0.04074019671284722,0.04677220585547474,0.0,0.0,0.0,0,0,0.0,0.1358625724451274
1621,4209,F,66,60,1,MONTHLY,1,3026.0,0,1,0,0,56894.3,56257.2,59,15459.940677966102,2474.551146837902,0,0,12,23,12,0,12,12,0,12,12,0,59,113151.5,0,Karvina,north Moravia,285387,0,2,8,5,7,89.9,10177,6.63,7.75,81,9878.0,10108,0,0,1.011324772651323,637.1000000000058,10.798305084745861,3.6801111456454163,3.638901414426459,0.0,0.5932203389830508,0.043986390130292694,0.04349383236700165,0.0,0.0,0.2033898305084746,0,1,0.0,0.1600621372606361
1622,4210,M,20,20,3,MONTHLY,1,2173.0,0,1,0,0,39920.8,44151.2,67,16483.7447761194,1809.2545820061323,0,0,12,31,12,0,12,12,0,12,0,0,67,84072.0,0,Teplice,north Bohemia,128118,9,16,6,3,8,85.3,9317,6.49,7.07,97,6949.0,6872,0,0,0.9041838047436991,-4230.399999999994,-63.1402985074626,2.4218283249468113,2.678469037203454,0.0,0.6417910447761194,0.04097860493046922,0.045321100328804334,0.0,0.0,0.1791044776119403,0,0,0.0,0.10975992449405458
1623,4211,F,26,20,2,MONTHLY,1,6634.0,0,1,0,0,317897.4,332683.2,73,28354.49589041096,10249.704542441406,12,12,0,25,12,0,12,12,0,12,0,0,73,650580.6,0,Domazlice,west Bohemia,58400,65,16,4,1,6,52.4,8620,1.1,1.25,100,1089.0,1117,0,0,0.9555559162590718,-14785.799999999988,-202.5452054794519,11.211534185924563,11.732996463270158,0.0,0.3424657534246575,0.030809203898608063,0.0322421779556593,0.0,0.0,0.1643835616438356,0,0,0.0,0.3614842803785376
1624,4213,F,74,70,1,MONTHLY,1,2084.0,0,1,0,0,52310.3,36074.6,52,25790.78846153846,5242.087033849446,0,0,12,17,11,0,11,12,0,11,12,0,52,88384.9,0,Zlin,south Moravia,197099,29,41,10,2,10,74.7,9624,1.6,2.31,145,4484.0,4265,0,0,1.4500590443137278,16235.700000000004,312.2250000000001,2.0282551686238603,1.3987397110327853,0.0,0.5576923076923077,0.14531240911470802,0.10021137393303892,0.0,0.0,0.21153846153846154,0,1,0.0,0.20325423713458457
1625,4215,F,47,40,3,MONTHLY,2,8275.0,0,1,0,0,210275.2,205535.2,79,51951.37215189873,6831.91887246795,0,13,0,30,24,0,12,12,0,12,0,0,79,415810.4,0,Usti nad Labem,north Bohemia,118650,8,8,5,1,3,85.6,9832,3.32,4.48,114,6445.0,5471,0,0,1.0230617431953262,4740.0,60.0,4.0475389059057765,3.9562997373590654,0.0,0.379746835443038,0.03323965370636246,0.03249036915655269,0.0,0.0,0.1518987341772152,0,1,0.0,0.13150603322838808
1626,4217,F,48,40,2,MONTHLY,2,5210.0,0,1,0,1,212685.4,230215.2,80,41416.28,8233.807869632697,0,12,0,32,24,0,12,12,0,12,0,12,80,442900.6,0,Nymburk,central Bohemia,81344,61,23,4,2,6,55.3,8899,3.39,3.97,149,2987.0,2487,0,0,0.9238547237541221,-17529.800000000017,-219.12250000000023,5.135309110330527,5.558567790250597,5.6421362256177435e-05,0.4,0.03576570039525061,0.03871355471335925,0.0,0.15,0.15,0,0,0.0,0.1988060702127931
1627,4218,F,60,60,1,MONTHLY,0,0.0,0,0,0,0,15300.0,11700.0,12,19691.666666666668,2741.7507125369684,0,6,0,6,0,0,0,0,0,0,0,0,12,27000.0,11,Rychnov nad Kneznou,east Bohemia,78955,50,24,8,1,9,59.0,9060,1.78,2.44,124,1655.0,1717,0,0,1.3076923076923077,3600.0,300.0,0.776978417266187,0.5941599661447312,0.0,0.5,0.23433766773820242,0.17919939297627244,0.0,0.0,0.0,0,1,0.0,0.13923406072976563
1628,4220,M,36,30,1,MONTHLY,2,9447.0,0,1,0,0,283542.6,278175.6,75,39122.761333333336,9867.490748479197,0,13,0,29,21,0,11,12,0,11,0,0,75,561718.2,0,Decin,north Bohemia,133777,24,17,7,3,11,84.7,8705,5.75,7.61,116,4650.0,4859,0,0,1.0192935685229043,5367.0,71.56,7.2475098979891355,7.11032632972635,0.0,0.38666666666666666,0.035472164878872184,0.03480073452271086,0.0,0.0,0.14666666666666667,0,1,0.0,0.2522186679106392
1629,4221,F,58,50,3,MONTHLY,1,2277.0,0,1,0,0,42293.8,35809.2,55,26845.465454545458,2621.8199375425456,0,0,12,19,12,0,12,12,0,12,0,0,55,78103.0,0,Vyskov,south Moravia,86513,38,36,5,1,5,50.5,8288,3.79,4.52,110,1562.0,1460,0,0,1.1810875417490478,6484.600000000006,117.90181818181829,1.5754541515255733,1.3339012527323046,0.0,0.5636363636363636,0.07321637840394496,0.061990644906405795,0.0,0.0,0.21818181818181817,0,1,0.0,0.09766341887354464
1630,4225,M,22,20,2,MONTHLY,3,7379.0,1,1,0,0,255231.69999999998,255343.2,99,44041.13939393939,10218.521609670834,0,12,0,39,36,12,12,12,0,12,0,0,99,510574.9,0,Sumperk,north Moravia,127369,31,32,13,2,7,51.2,8369,4.73,5.88,107,3736.0,2807,0,0,0.9995633328007167,-111.5000000000291,-1.1262626262629203,5.795301927068741,5.7978336508509685,0.0,0.3939393939393939,0.04001877320277506,0.04003625572243116,0.12121212121212122,0.0,0.12121212121212122,0,0,0.0,0.23202218994082224
1631,4231,F,40,40,2,MONTHLY,0,0.0,0,0,0,0,262772.7,241175.2,60,42046.72666666667,15384.95108463348,0,12,0,36,0,0,12,12,0,0,0,0,60,503947.9,0,Hl.m. Praha,Prague,1204953,0,0,0,1,1,100.0,12541,0.29,0.43,167,85677.0,99107,0,0,1.0895510815374052,21597.5,359.9583333333333,6.2495399958997995,5.735885266692976,0.0,0.6,0.0637915966676237,0.05854851392337743,0.0,0.0,0.0,0,1,0.0,0.3659012794646435
1632,4233,M,61,60,3,MONTHLY,1,3823.0,0,1,0,0,308912.6,300451.2,72,40241.13055555555,14153.671298016376,0,12,0,36,12,0,12,12,0,12,0,0,72,609363.8,0,Nachod,east Bohemia,112709,48,20,7,3,10,73.5,8369,1.79,2.31,117,2854.0,2618,0,0,1.028162310551597,8461.399999999965,117.51944444444396,7.676538798370131,7.466271346059902,0.0,0.5,0.047108053813785314,0.04581772092823788,0.0,0.0,0.16666666666666666,0,1,0.0,0.35172151235851323
1633,4237,F,76,70,3,MONTHLY,1,3027.0,0,1,0,0,71244.8,65769.2,59,31579.186440677968,4173.281553689457,0,0,12,23,12,0,12,12,0,12,12,0,59,137014.0,0,Benesov,central Bohemia,88884,80,26,6,2,5,46.7,8507,1.67,1.85,132,2159.0,2674,0,0,1.0832547757917081,5475.600000000006,92.80677966101705,2.256068253494578,2.082675566184979,0.0,0.5932203389830508,0.06345343342612435,0.05857664775098613,0.0,0.0,0.2033898305084746,0,1,0.0,0.1321529153871344
1634,4238,F,28,20,3,MONTHLY,0,0.0,0,0,0,0,203576.7,193828.2,51,49081.952941176474,15693.596283903229,0,11,0,28,0,0,12,12,0,0,0,0,51,397404.9,0,Usti nad Labem,north Bohemia,118650,8,8,5,1,3,85.6,9832,3.32,4.48,114,6445.0,5471,0,0,1.0502945391847007,9748.5,191.14705882352942,4.147689482608439,3.9490726913881846,0.0,0.5490196078431373,0.0809665274913724,0.0770893539580081,0.0,0.0,0.0,0,1,0.0,0.3197427026327095
1635,4241,F,49,40,3,MONTHLY,2,6692.0,0,1,0,0,254673.6,229219.2,80,57600.123750000006,11903.149102698599,0,13,0,31,24,0,12,12,0,12,0,0,80,483892.8,0,Strakonice,south Bohemia,70646,94,14,3,1,4,58.4,8547,2.65,3.64,120,1563.0,1542,0,0,1.111048289148553,25454.399999999994,318.17999999999995,4.421407167549705,3.979491450311337,0.0,0.3875,0.05192911022592609,0.04673884180652647,0.0,0.0,0.15,0,1,0.0,0.2066514501663479
1636,4243,M,41,40,3,MONTHLY,1,2266.0,0,1,0,0,41768.7,38197.2,60,20176.998333333333,3178.0268299734503,0,0,12,24,12,0,12,12,0,12,0,0,60,79965.9,0,Melnik,central Bohemia,94725,38,28,1,3,6,63.4,9920,2.26,2.87,130,4289.0,4846,0,0,1.0935016179196382,3571.5,59.525,2.07011465778813,1.893106168170538,0.0,0.6,0.08320051810010813,0.07608632372981325,0.0,0.0,0.2,0,1,0.0,0.1575074140102992
1637,4250,F,38,30,1,MONTHLY,0,0.0,0,0,0,0,219437.2,219522.2,60,35412.146666666675,9320.534727539878,0,1,12,35,0,0,12,12,0,0,0,0,60,438959.4,0,Olomouc,north Moravia,226122,32,50,7,4,4,62.6,8994,3.8,4.79,110,9672.0,9208,0,0,0.9996127954257018,-85.0,-1.4166666666666667,6.196664722575417,6.199065028910983,0.0,0.7833333333333333,0.0424582786048057,0.042474725012622644,0.0,0.0,0.0,0,0,0.0,0.2632016300868104
1638,4251,M,39,30,3,MONTHLY,0,0.0,0,0,0,0,794294.8,764888.2,87,70894.22988505747,27948.799371425823,4,27,0,44,0,0,12,12,0,0,0,0,87,1559183.0,0,Prerov,north Moravia,138032,67,30,4,2,5,64.6,8819,5.38,5.66,99,4063.0,4505,0,0,1.0384456185884423,29406.600000000093,338.0068965517252,11.203941439067881,10.789146045314713,0.0,0.5057471264367817,0.03653971831625305,0.03518693484009441,0.0,0.0,0.0,0,1,0.0,0.39423235736871515
1639,4256,M,42,40,1,MONTHLY,1,3084.0,0,1,0,0,66699.7,68827.4,58,20972.03448275862,5334.541987855524,0,14,0,23,9,0,9,12,0,9,0,0,58,135527.1,0,Karvina,north Moravia,285387,0,2,8,5,7,89.9,10177,6.63,7.75,81,9878.0,10108,0,0,0.9690864394122108,-2127.699999999997,-36.68448275862064,3.1804115168146745,3.2818656700466464,0.0,0.39655172413793105,0.07750608025082342,0.07997850047084956,0.0,0.0,0.15517241379310345,0,0,0.0,0.2543645439950578
1640,4259,F,50,50,2,MONTHLY,1,7655.0,0,1,0,0,286404.7,290775.2,73,39878.21643835616,10599.441055153357,0,12,0,37,12,0,12,12,0,12,0,0,73,577179.9,0,Praha - vychod,central Bohemia,92084,55,29,4,3,5,46.7,10124,0.56,0.54,141,3810.0,4316,0,0,0.9849694884570623,-4370.5,-59.86986301369863,7.181983688832349,7.291579864146657,0.0,0.5068493150684932,0.03645235582385759,0.03700861422718746,0.0,0.0,0.1643835616438356,0,0,0.0,0.26579526372594914
1641,4263,F,27,20,1,MONTHLY,0,0.0,0,0,0,0,159635.7,152375.2,60,24069.951666666668,10209.733801199378,0,14,0,34,0,0,12,12,0,0,0,0,60,312010.9,0,Opava,north Moravia,182027,17,49,12,2,7,56.4,8746,3.33,3.74,90,4355.0,4433,0,0,1.0476488299933322,7260.5,121.00833333333334,6.632157064987875,6.330515412335338,0.0,0.5666666666666667,0.06700390746787782,0.06395645711579162,0.0,0.0,0.0,0,1,0.0,0.42416926891209145
1642,4264,F,28,20,2,MONTHLY,1,2127.0,0,1,0,0,50251.0,43059.2,68,31710.272058823528,3642.06487286578,0,7,12,25,12,0,12,12,0,12,0,0,68,93310.2,0,Ostrava - mesto,north Moravia,323870,0,0,0,1,1,100.0,10673,4.75,5.44,100,18782.0,18347,0,0,1.1670212173008325,7191.800000000003,105.7617647058824,1.584691544329322,1.3578943731584472,0.0,0.5441176470588235,0.08458273430221139,0.0724774606050781,0.0,0.0,0.17647058823529413,0,1,0.0,0.11485441897532882
1643,4266,F,25,20,3,MONTHLY,1,2131.0,0,1,0,0,39247.5,38647.2,62,17254.532258064515,2013.5652316776434,0,0,12,26,12,0,12,12,0,12,0,0,62,77894.7,0,Hl.m. Praha,Prague,1204953,0,0,0,1,1,100.0,12541,0.29,0.43,167,85677.0,99107,0,0,1.015532819971434,600.3000000000029,9.682258064516176,2.274619758623494,2.2398288995598166,0.0,0.6129032258064516,0.05210119314407366,0.051304292800245704,0.0,0.0,0.1935483870967742,0,1,0.0,0.11669775810564395
1644,4267,F,63,60,2,MONTHLY,1,2589.0,0,1,0,0,76442.9,72463.2,67,25329.792537313435,4063.469256731006,0,0,12,31,12,0,12,12,0,12,12,0,67,148906.1,0,Karlovy Vary,west Bohemia,122603,25,21,6,2,8,80.0,8991,1.39,2.01,128,5198.0,5273,0,0,1.054920290575078,3979.699999999997,59.398507462686524,3.017904702037792,2.860789321241148,0.0,0.6417910447761194,0.056076315381200476,0.053156921790395266,0.0,0.0,0.1791044776119403,0,1,0.0,0.16042252421708905
1645,4270,F,27,20,3,MONTHLY,0,0.0,0,0,0,0,308586.5,318015.2,63,58118.5507936508,12438.296220983275,10,12,0,29,0,0,12,12,0,0,0,0,63,626601.7,0,Jihlava,south Moravia,109164,98,16,6,1,4,63.6,8757,3.38,3.95,96,2212.0,2471,0,0,0.9703514171649656,-9428.700000000012,-149.66190476190494,5.309604176050993,5.471836369924451,0.0,0.4603174603174603,0.039112269542409525,0.04030732459450843,0.0,0.0,0.0,0,0,0.0,0.2140159389924448
1646,4272,F,21,20,2,MONTHLY,0,0.0,0,0,0,0,86665.9,73425.2,65,35748.56615384615,9631.105841381821,0,26,0,27,0,0,12,12,0,0,0,0,65,160091.1,0,Havlickuv Brod,east Bohemia,95907,87,25,5,2,7,59.1,8388,2.41,2.94,87,1658.0,1668,0,0,1.1803290968223443,13240.699999999997,203.70307692307688,2.424318212569085,2.053934126588746,0.0,0.4153846153846154,0.13116894256170664,0.11112912738899408,0.0,0.0,0.0,0,1,0.0,0.2694123674760483
1647,4275,F,42,40,3,MONTHLY,1,2267.0,0,1,0,0,41849.8,38149.2,60,20372.47333333333,2239.9568292500544,0,0,12,24,12,0,12,12,0,0,0,0,60,79999.0,0,Semily,east Bohemia,75685,31,28,5,1,9,60.8,8208,1.89,2.26,155,1660.0,2123,0,0,1.0970033447621446,3700.600000000006,61.67666666666676,2.0542326557632835,1.8725855901639827,0.0,0.6,0.058715695984451956,0.05352371646340136,0.0,0.0,0.0,0,1,0.0,0.10995016621693396
1648,4279,M,50,50,3,MONTHLY,1,7358.0,0,1,0,0,264420.3,286591.2,65,32835.221538461534,9857.277125674274,0,12,0,29,12,0,12,12,0,12,0,0,65,551011.5,0,Trutnov,east Bohemia,121947,37,28,7,3,11,70.5,8541,2.51,2.97,131,3496.0,3839,0,0,0.9226392855049282,-22170.900000000023,-341.0907692307696,8.052947037079415,8.728164043732777,0.0,0.4461538461538462,0.03439490509713583,0.03727882135249932,0.0,0.0,0.18461538461538463,0,0,0.0,0.3002043739564222
1649,4281,M,68,60,3,MONTHLY,1,2684.0,0,1,0,0,49180.5,47963.2,58,18044.03448275862,2062.083626748042,0,0,12,22,12,0,12,12,0,12,12,0,58,97143.7,0,Brno - mesto,south Moravia,387570,0,0,0,1,1,100.0,9897,1.6,1.96,140,18721.0,18696,0,0,1.025379874570504,1217.300000000003,20.98793103448281,2.7255822442033573,2.6581195045836146,0.0,0.5862068965517241,0.04299303688552979,0.041928886992772384,0.0,0.0,0.20689655172413793,0,1,0.0,0.11428062990670951
1650,4282,M,67,60,3,MONTHLY,1,3586.0,0,1,0,0,73254.5,79687.2,65,20806.48769230769,4348.010828007577,0,0,12,29,12,0,12,12,0,12,12,0,65,152941.7,0,Cheb,west Bohemia,87419,21,11,4,3,9,85.5,8624,1.79,2.66,102,2879.0,3198,0,0,0.9192756176650705,-6432.699999999997,-98.96461538461534,3.5207528095711567,3.829920800590526,0.0,0.6307692307692307,0.054563478551230025,0.05935486322352316,0.0,0.0,0.18461538461538463,0,0,0.0,0.2089738014559309
1651,4286,F,34,30,3,MONTHLY,3,2192.0,1,1,0,0,54503.6,52679.2,91,29191.18131868132,2538.7595059141267,0,5,12,26,36,12,12,12,0,12,0,0,91,107182.8,0,Kutna Hora,central Bohemia,77963,60,23,4,2,4,51.5,8546,2.95,4.02,126,2640.0,3120,0,0,1.034632264726875,1824.4000000000015,20.048351648351666,1.8671255337350678,1.804627206583352,0.0,0.4175824175824176,0.04819282574363557,0.046579666405781026,0.13186813186813187,0.0,0.13186813186813187,0,1,0.0,0.08697008449909531
1652,4287,F,46,40,1,MONTHLY,3,7648.0,1,1,0,0,161789.7,164671.2,95,41094.721052631576,7984.090156718916,0,16,0,31,36,12,12,12,0,12,0,0,95,326460.9,0,Uherske Hradiste,south Moravia,145688,22,41,13,2,5,40.7,8544,1.29,1.86,109,2719.0,2906,0,0,0.9825014938859983,-2881.5,-30.33157894736842,3.936994724767441,4.007113219946166,0.0,0.3263157894736842,0.04848504265906191,0.049348568893563156,0.12631578947368421,0.0,0.12631578947368421,0,0,0.0,0.19428505540878077
1653,4288,F,53,50,1,MONTHLY,0,0.0,0,0,0,0,201471.8,205075.2,54,38045.82037037037,7441.200684546173,0,12,0,30,0,0,12,12,0,0,0,0,54,406547.0,0,Karvina,north Moravia,285387,0,2,8,5,7,89.9,10177,6.63,7.75,81,9878.0,10108,0,0,0.9824288846237866,-3603.4000000000233,-66.72962962963005,5.295504158898459,5.390216270897135,0.0,0.5555555555555556,0.036285229440450005,0.03693420461099853,0.0,0.0,0.0,0,0,0.0,0.19558523412314935
1654,4289,M,18,10,3,MONTHLY,0,0.0,0,0,0,0,96440.4,97075.2,75,32895.833333333336,11245.778241913998,0,28,0,35,0,0,12,12,0,0,0,0,75,193515.6,0,Zdar nad Sazavou,south Moravia,125832,151,41,2,3,5,48.3,8512,3.51,4.12,102,2247.0,2103,0,0,0.9934607397151899,-634.8000000000029,-8.46400000000004,2.9316904369854333,2.950987713742875,0.0,0.4666666666666667,0.11584604761992763,0.11660858148570515,0.0,0.0,0.0,0,0,0.0,0.34186026321207846
1655,4290,M,52,50,2,MONTHLY,2,14632.8,0,1,1,0,271191.3,275764.2,69,25516.957971014494,7806.434034413461,0,1,12,32,12,0,12,12,0,12,0,0,69,546955.5,0,Ceska Lipa,north Bohemia,105058,32,19,7,2,10,81.0,9272,2.8,3.22,118,4340.0,4505,0,0,0.9834173543919043,-4572.900000000023,-66.2739130434786,10.627885201208334,10.807095434857445,0.0,0.6376811594202898,0.028308366475465127,0.02878570969796399,0.0,0.0,0.17391304347826086,0,0,0.0,0.3059312181052707
1656,4293,F,40,40,3,MONTHLY,3,4963.0,1,1,0,0,572358.2,555556.2,108,64856.84166666667,21244.77394441236,6,0,12,42,36,12,12,12,0,12,0,0,108,1127914.4,0,Kladno,central Bohemia,149893,63,29,6,2,6,67.4,9753,4.64,5.05,109,5244.0,5892,0,0,1.0302435649174646,16802.0,155.57407407407408,8.82494714962608,8.565884272553614,0.0,0.5,0.03824054874090572,0.037117969034797374,0.1111111111111111,0.0,0.1111111111111111,1,1,0.0,0.3275641150335442
1657,4295,M,39,30,1,MONTHLY,1,4418.0,0,1,0,0,188644.8,150442.8,55,33754.79818181818,7689.327319311825,0,13,0,23,7,0,8,12,0,7,0,0,55,339087.6,0,Pisek,south Bohemia,70699,60,13,2,1,4,65.3,8968,2.83,3.35,131,1740.0,1910,0,1,1.2539303974666784,38202.0,694.5818181818182,5.588681021995042,4.45693080994438,0.0,0.41818181818181815,0.05111130156652113,0.040760876097893105,0.0,0.0,0.12727272727272726,0,1,0.0,0.2277995346881865
1658,4303,F,21,20,3,MONTHLY,3,4049.0,0,1,1,0,71725.1,82915.2,78,16654.507692307692,3969.909925628338,0,14,0,28,24,0,12,12,0,12,0,0,78,154640.3,0,Tabor,south Bohemia,103347,87,16,7,1,7,67.0,9104,1.51,2.07,123,2299.0,2354,0,0,0.8650416328972252,-11190.099999999991,-143.4628205128204,4.306647865258008,4.978544039359176,0.0,0.358974358974359,0.04787915756855604,0.05534896327266658,0.0,0.0,0.15384615384615385,0,0,0.0,0.23836849452247344
1659,4304,F,54,50,2,MONTHLY,3,12473.3,0,1,1,0,526838.9,525596.2,92,65799.72717391305,19874.12117785615,0,20,0,36,24,0,12,12,0,12,0,0,92,1052435.1,0,Kolin,central Bohemia,95616,65,30,4,1,6,51.4,9307,3.85,4.43,118,2616.0,3040,0,0,1.0023643626038394,1242.7000000000698,13.507608695652934,8.006703410905182,7.987817314360806,0.0,0.391304347826087,0.03781252828284556,0.037723336636410386,0.0,0.0,0.13043478260869565,0,1,0.0,0.30203956811747146
1660,4308,F,29,20,3,MONTHLY,1,3836.0,0,1,0,0,93853.3,89607.2,74,37669.65810810811,4393.840504491028,0,19,0,31,12,0,12,12,0,12,0,0,74,183460.5,0,Chrudim,east Bohemia,105606,77,26,7,2,7,53.0,8254,2.79,3.76,97,2166.0,2325,0,0,1.0473857011490149,4246.100000000006,57.37972972972981,2.491482660412009,2.3787632938646905,0.0,0.4189189189189189,0.04903445821865908,0.04681604700624301,0.0,0.0,0.16216216216216217,0,1,0.0,0.11664136934508802
1661,4309,F,20,20,3,MONTHLY,2,3446.0,0,1,0,0,89244.9,86987.2,85,28314.121176470588,4069.9270342732348,0,17,0,32,24,0,12,12,0,12,0,0,85,176232.1,0,Most,north Bohemia,119895,17,4,3,2,4,89.9,10446,7.34,9.4,90,4947.0,4743,0,0,1.0259543932900472,2257.699999999997,26.5611764705882,3.151957266968388,3.072219669395479,0.0,0.3764705882352941,0.046787654209737004,0.045604029297732815,0.0,0.0,0.1411764705882353,0,1,0.0,0.1437419515480282
1662,4310,F,74,70,1,MONTHLY,1,2964.0,0,1,0,0,75578.8,64712.0,55,23953.463636363635,4687.188360499432,0,0,12,22,9,0,10,12,0,9,12,0,55,140290.8,0,Znojmo,south Moravia,114200,101,41,4,1,4,43.7,8403,5.74,5.72,105,2157.0,2718,0,0,1.167925577945358,10866.800000000003,197.57818181818186,3.1552347145848336,2.7015717218348763,0.0,0.6181818181818182,0.07243151750060935,0.06201723711542697,0.0,0.0,0.16363636363636364,0,1,0.0,0.19567893944923415
1663,4313,F,31,30,3,MONTHLY,1,5070.0,0,1,0,0,105993.1,112615.2,73,37385.78356164384,4482.534172640819,0,16,0,33,12,0,12,12,0,12,0,0,73,218608.3,0,Melnik,central Bohemia,94725,38,28,1,3,6,63.4,9920,2.26,2.87,130,4289.0,4846,0,0,0.9411971030553603,-6622.099999999991,-90.71369863013686,2.8351177881622425,3.012246615463163,0.0,0.4520547945205479,0.03980398891660113,0.04229081112488283,0.0,0.0,0.1643835616438356,0,0,0.0,0.11989943089596497
1664,4314,F,74,70,2,MONTHLY,2,1668.0,0,1,0,0,50047.0,46861.2,77,25778.12857142857,3485.313010214859,0,0,12,29,24,0,12,12,0,12,12,0,77,96908.2,0,Jihlava,south Moravia,109164,98,16,6,1,4,63.6,8757,3.38,3.95,96,2212.0,2471,0,0,1.0679837477486707,3185.800000000003,41.37402597402601,1.9414520282698124,1.8178666411005122,0.0,0.5324675324675324,0.07437524028865798,0.06964079785431412,0.0,0.0,0.15584415584415584,0,1,0.0,0.13520426824458615
1665,4317,F,21,20,2,MONTHLY,1,3460.0,0,1,0,0,316064.5,311475.2,75,61152.91866666667,12207.749135345906,0,12,0,39,12,0,12,12,0,12,0,0,75,627539.7,0,Blansko,south Moravia,107911,88,33,6,2,7,50.9,8240,2.53,3.56,99,1850.0,1903,0,0,1.0147340783471686,4589.299999999988,61.19066666666651,5.168428701217183,5.093382405798064,0.0,0.52,0.03919332625950928,0.03862423377299857,0.0,0.0,0.16,0,1,0.0,0.1996265983948878
1666,4318,F,57,50,3,MONTHLY,2,3765.0,0,1,0,0,192410.8,179675.2,83,43043.60361445783,8429.64678494237,0,12,0,35,24,0,12,12,0,12,0,0,83,372086.0,0,Hradec Kralove,east Bohemia,161854,73,21,6,1,6,76.3,9425,1.72,2.5,125,4085.0,3891,0,1,1.0708812345832923,12735.599999999977,153.44096385542142,4.470136880811055,4.174260166721944,0.0,0.42168674698795183,0.04691602839424901,0.04381067375086206,0.0,0.0,0.14457831325301204,0,1,0.0,0.19583970850690932
1667,4321,F,26,20,1,MONTHLY,1,1961.0,0,1,0,0,36150.7,28796.2,56,17305.182142857142,2473.1380443114713,0,0,12,21,11,0,12,12,0,11,0,0,56,64946.9,0,Prachatice,south Bohemia,51428,50,11,3,1,4,52.7,8402,3.13,3.98,120,999.0,1099,0,0,1.2553982817177265,7354.499999999996,131.33035714285708,2.0890100838910555,1.664021780428695,0.0,0.5892857142857143,0.08588418070132417,0.06841189919729,0.0,0.0,0.19642857142857142,0,1,0.0,0.14291314728127721
1668,4323,M,75,70,1,MONTHLY,1,3084.0,0,1,0,0,65418.7,56473.2,60,28295.10166666667,4935.413455161274,0,0,12,24,12,0,12,12,0,12,12,0,60,121891.9,0,Teplice,north Bohemia,128118,9,16,6,3,8,85.3,9317,6.49,7.07,97,6949.0,6872,0,0,1.158402569714484,8945.5,149.09166666666667,2.3120150183827457,1.9958648908665637,0.0,0.6,0.08739390463372493,0.07544346578518489,0.0,0.0,0.2,0,1,0.0,0.17442642593419228
1669,4328,F,23,20,3,MONTHLY,0,0.0,0,0,0,0,170284.4,144175.2,57,38700.54736842106,10902.803876528164,11,12,0,22,0,0,12,12,0,0,0,0,57,314459.6,0,Kromeriz,south Moravia,108871,41,29,7,2,6,62.1,8444,3.24,3.47,106,2595.0,2305,0,0,1.1810935583928441,26109.199999999983,458.0561403508769,4.400051461260441,3.7254046726389287,0.0,0.38596491228070173,0.0756219091530871,0.0640270270002899,0.0,0.0,0.0,0,1,0.0,0.2817222137127872
1670,4329,F,52,50,1,MONTHLY,2,2167.0,0,1,0,0,54689.6,40274.8,68,18595.589705882354,4020.6851499794893,0,3,12,26,15,0,8,12,0,7,0,0,68,94964.4,0,Zlin,south Moravia,197099,29,41,10,2,10,74.7,9624,1.6,2.31,145,4484.0,4265,0,0,1.357911150396774,14414.799999999996,211.9823529411764,2.940998423013173,2.1658253724139684,0.0,0.5588235294117647,0.09983128780228552,0.07351827678351075,0.0,0.0,0.10294117647058823,0,1,0.0,0.2162171360829511
1671,4335,F,75,70,3,MONTHLY,1,3360.0,0,1,0,0,73179.8,82255.2,64,22885.1671875,4078.604840323397,0,0,12,28,12,0,12,12,0,12,12,0,64,155435.0,0,Brno - mesto,south Moravia,387570,0,0,0,1,1,100.0,9897,1.6,1.96,140,18721.0,18696,0,0,0.8896677656853306,-9075.399999999994,-141.8031249999999,3.1976956690083176,3.5942582077760927,0.0,0.625,0.049584765951859545,0.055734025514191037,0.0,0.0,0.1875,0,0,0.0,0.17822045200312772
1672,4336,F,30,30,3,MONTHLY,2,5510.0,0,1,0,0,207115.7,215955.2,85,34856.8905882353,8479.954696919973,0,12,0,37,24,0,12,12,0,12,0,0,85,423070.9,0,Hl.m. Praha,Prague,1204953,0,0,0,1,1,100.0,12541,0.29,0.43,167,85677.0,99107,0,0,0.9590678992679963,-8839.5,-103.99411764705883,5.941886855217789,6.1954809036491625,0.0,0.43529411764705883,0.03926719382964602,0.040943080108943805,0.0,0.0,0.1411764705882353,0,0,0.0,0.24327914951146215
1673,4337,M,33,30,3,MONTHLY,1,3483.0,0,1,0,0,390647.6,390171.2,64,45141.7921875,27082.32308305581,0,11,0,29,12,0,12,12,0,12,0,0,64,780818.8,0,Rokycany,west Bohemia,45714,52,10,5,1,6,55.6,8843,2.82,3.6,113,818.0,888,0,0,1.0012210024727606,476.3999999999651,7.443749999999454,8.653790225638678,8.643236812118426,0.0,0.453125,0.06941138424121465,0.06932673612497763,0.0,0.0,0.1875,0,1,0.0,0.5999390314537633
1674,4338,M,55,50,2,MONTHLY,1,7868.0,0,1,0,0,164766.9,166231.2,72,22065.963888888888,5446.624750448551,0,15,0,33,12,0,12,12,0,12,0,0,72,330998.1,0,Sokolov,west Bohemia,94812,15,13,8,2,10,81.8,9650,3.38,3.67,100,2985.0,2804,0,0,0.991191184326408,-1464.3000000000175,-20.337500000000244,7.467015754655832,7.533375874130937,0.0,0.4583333333333333,0.032765357829628555,0.033056546857703525,0.0,0.0,0.16666666666666666,0,0,0.0,0.24683375618099096
1675,4342,F,81,80,2,MONTHLY,1,3257.0,0,1,0,0,66340.9,63709.2,58,22690.67068965517,4338.253087705405,0,0,12,22,12,0,12,12,0,12,12,0,58,130050.1,0,Vyskov,south Moravia,86513,38,36,5,1,5,50.5,8288,3.79,4.52,110,1562.0,1460,0,0,1.0413080057511317,2631.699999999997,45.37413793103443,2.923708201813764,2.8077266146674744,0.0,0.5862068965517241,0.06809460937675257,0.06539334087577053,0.0,0.0,0.20689655172413793,0,1,0.0,0.19119104706249357
1676,4343,F,70,70,3,MONTHLY,1,1537.0,0,1,0,0,81498.3,83189.2,69,40972.217391304344,4303.984621492741,3,0,12,30,12,0,12,12,0,12,12,0,69,164687.5,0,Plzen - jih,west Bohemia,67298,71,19,10,0,7,43.8,8561,0.65,1.29,110,1029.0,1127,0,0,0.9796740442268949,-1690.8999999999942,-24.50579710144919,1.9891112853778967,2.030380713972671,0.0,0.6086956521739131,0.0517373002924988,0.05281072883106446,0.0,0.0,0.17391304347826086,0,0,0.0,0.1050464167069022
1677,4344,M,74,70,1,MONTHLY,1,1794.0,0,1,0,0,71692.4,53693.2,64,34280.634375,8248.944032934285,0,0,12,28,12,0,12,12,0,12,12,0,64,125385.6,0,Brno - mesto,south Moravia,387570,0,0,0,1,1,100.0,9897,1.6,1.96,140,18721.0,18696,0,0,1.3352230822525013,17999.199999999997,281.23749999999995,2.091338194496291,1.5662837336276685,0.0,0.625,0.15363107493936448,0.11506022999556836,0.0,0.0,0.1875,0,1,0.0,0.24062985365725995
1678,4347,F,73,70,3,MONTHLY,1,3893.0,0,1,0,0,84540.8,89661.2,69,24788.801449275365,3855.9381390911713,0,0,12,33,12,0,12,12,0,12,12,0,69,174202.0,0,Prerov,north Moravia,138032,67,30,4,2,5,64.6,8819,5.38,5.66,99,4063.0,4505,0,0,0.9428916855897534,-5120.399999999994,-74.20869565217383,3.4104432266720717,3.617004242156331,0.0,0.6521739130434783,0.043005649479274995,0.04561038148552144,0.0,0.0,0.17391304347826086,0,0,0.0,0.15555161660322586
1679,4352,M,28,20,2,WEEKLY,2,7610.0,0,1,0,1,235631.6,221557.0,79,42924.112658227845,16747.345524010867,0,18,0,30,19,0,12,12,0,12,0,7,79,457188.6,0,Olomouc,north Moravia,226122,32,50,7,4,4,62.6,8994,3.8,4.79,110,9672.0,9208,0,0,1.0635258646759074,14074.600000000006,178.15949367088615,5.489492627981753,5.161597672713478,2.9707390689534e-05,0.379746835443038,0.07558933152195989,0.07107427664205848,0.0,0.08860759493670886,0.1518987341772152,0,1,0.0,0.3901617176657157
1680,4353,F,20,20,3,MONTHLY,2,6366.0,0,1,0,0,274926.3,273387.2,86,44401.52674418604,9393.121600986722,2,12,0,36,24,0,12,12,0,12,0,0,86,548313.5,0,Plzen - sever,west Bohemia,72541,66,26,10,0,8,36.9,8594,1.62,2.01,112,1580.0,1525,0,0,1.0056297441869992,1539.0999999999767,17.896511627906705,6.191820871024418,6.157157648544089,0.0,0.4186046511627907,0.034358307927315986,0.03416596229966621,0.0,0.0,0.13953488372093023,0,1,0.0,0.21154951844570666
1681,4358,M,57,50,2,MONTHLY,4,8167.0,1,1,1,0,187317.3,174251.2,97,38192.36082474227,9704.20796969408,0,12,0,37,36,12,12,12,0,12,0,0,97,361568.5,0,Karvina,north Moravia,285387,0,2,8,5,7,89.9,10177,6.63,7.75,81,9878.0,10108,0,0,1.0749842755745727,13066.099999999977,134.70206185566985,4.904575049957364,4.562462132142257,0.0,0.38144329896907214,0.05569091041952124,0.05180625585407264,0.12371134020618557,0.0,0.12371134020618557,0,1,0.0,0.2540876698935923
1682,4359,M,49,40,3,MONTHLY,2,6174.0,0,1,0,0,126398.4,133463.2,81,21419.76049382716,4588.366333720506,0,15,0,30,24,0,12,12,0,12,0,0,81,259861.6,0,Hradec Kralove,east Bohemia,161854,73,21,6,1,6,76.3,9425,1.72,2.5,125,4085.0,3891,0,0,0.9470655581463653,-7064.8000000000175,-87.21975308641997,5.90101836276022,6.230844646393782,0.0,0.37037037037037035,0.03437926210161682,0.03630082606837196,0.0,0.0,0.14814814814814814,0,0,0.0,0.21421184121282782
1683,4364,M,22,20,3,MONTHLY,3,3243.0,1,1,0,0,215736.7,201731.2,98,66845.55612244898,9878.89344308397,0,12,0,38,36,12,12,12,0,12,0,0,98,417467.9,0,Domazlice,west Bohemia,58400,65,16,4,1,6,52.4,8620,1.1,1.25,100,1089.0,1117,0,0,1.069426543836551,14005.5,142.91326530612244,3.227390308561565,3.0178700231091637,0.0,0.3877551020408163,0.04897057789317651,0.04579143670540974,0.12244897959183673,0.0,0.12244897959183673,0,1,0.0,0.1477868390381497
1684,4365,M,38,30,3,MONTHLY,2,9638.0,0,1,0,0,232528.6,200651.2,82,39111.28658536585,11399.111446872204,0,14,0,32,24,0,12,12,0,12,0,0,82,433179.8,0,Rokycany,west Bohemia,45714,52,10,5,1,6,55.6,8843,2.82,3.6,113,818.0,888,0,0,1.1588697201910578,31877.399999999994,388.7487804878048,5.945306848765351,5.130263346414103,0.0,0.3902439024390244,0.056810581979435976,0.04902240604756664,0.0,0.0,0.14634146341463414,0,1,0.0,0.29145324641755394
1685,4368,F,22,20,2,MONTHLY,1,5319.0,0,1,0,0,128646.7,128863.2,72,29027.018055555556,5381.883794923835,0,17,0,31,12,0,12,12,0,12,0,0,72,257509.9,0,Ceska Lipa,north Bohemia,105058,32,19,7,2,10,81.0,9272,2.8,3.22,118,4340.0,4505,0,0,0.9983199237641157,-216.5,-3.0069444444444446,4.431964032742866,4.439422601156116,0.0,0.4305555555555556,0.041764319021441614,0.04183460434604102,0.0,0.0,0.16666666666666666,0,0,0.0,0.18540946178568218
1686,4369,M,34,30,2,MONTHLY,2,11984.0,0,1,0,0,113018.9,167483.2,61,16453.90655737705,8012.821247493895,0,11,0,14,24,0,12,12,0,12,0,0,61,280502.1,0,Blansko,south Moravia,107911,88,33,6,2,7,50.9,8240,2.53,3.56,99,1850.0,1903,0,0,0.6748073836659437,-54464.30000000002,-892.8573770491806,6.868818636224015,10.178932244203704,0.0,0.22950819672131148,0.04784253732609536,0.07089806437236511,0.0,0.0,0.19672131147540983,0,0,0.0,0.4869859458331113
1687,4370,M,60,60,1,MONTHLY,2,2595.0,0,1,0,0,62585.7,57025.2,78,25984.546153846157,4284.567994974108,0,5,12,25,24,0,12,12,0,12,0,0,78,119610.9,0,Kromeriz,south Moravia,108871,41,29,7,2,6,62.1,8444,3.24,3.47,106,2595.0,2305,0,0,1.0975095221060163,5560.5,71.28846153846153,2.4085739127191275,2.1945813354742505,0.0,0.47435897435897434,0.07513464214021359,0.06845921664172659,0.0,0.0,0.15384615384615385,0,1,0.0,0.16488908328844984
1688,4371,M,31,30,1,WEEKLY,1,11953.0,0,1,0,0,460183.8,452090.0,66,46830.204545454544,27895.352720841023,0,14,0,30,10,0,12,12,0,10,0,0,66,912273.8,0,Ceska Lipa,north Bohemia,105058,32,19,7,2,10,81.0,9272,2.8,3.22,118,4340.0,4505,0,0,1.017903072397089,8093.799999999988,122.63333333333316,9.826645099389525,9.653812200653327,0.0,0.45454545454545453,0.0617030961110421,0.06061785034771112,0.0,0.0,0.15151515151515152,0,1,0.0,0.5956701020548631
1689,4372,M,66,60,2,MONTHLY,2,2011.0,0,1,0,0,84788.1,85757.2,79,22041.43417721519,3401.868082086592,0,0,12,31,24,0,12,12,0,12,12,0,79,170545.3,0,Beroun,central Bohemia,75232,55,26,4,1,5,41.7,8980,1.95,2.21,111,2824.0,2813,0,0,0.9886994911214453,-969.0999999999913,-12.267088607594825,3.8467596671929676,3.8907268606254974,0.0,0.5443037974683544,0.03966860021183752,0.04012199922025133,0.0,0.0,0.1518987341772152,0,0,0.0,0.15433968836761053
1690,4376,M,45,40,1,MONTHLY,3,3323.0,1,1,0,0,202906.9,183453.6,84,48744.37023809524,8816.507175074474,0,13,0,26,33,11,11,12,0,11,0,0,84,386360.5,0,Karvina,north Moravia,285387,0,2,8,5,7,89.9,10177,6.63,7.75,81,9878.0,10108,0,1,1.106039347279094,19453.29999999999,231.58690476190463,4.1626735356080555,3.7635853967116253,0.0,0.30952380952380953,0.048058512752404275,0.04345099735432592,0.13095238095238096,0.0,0.13095238095238096,0,1,0.0,0.18087231678262816
1691,4377,M,21,20,3,MONTHLY,4,13649.5,1,1,0,1,215617.1,210469.2,102,23788.70588235294,5877.51645031534,0,3,12,27,48,12,12,12,0,12,0,12,102,426086.3,0,Rychnov nad Kneznou,east Bohemia,78955,50,24,8,1,9,59.0,9060,1.78,2.44,124,1655.0,1717,0,0,1.024459160770317,5147.899999999994,50.4696078431372,9.063843197958498,8.84744218709818,5.5654212954352875e-05,0.38235294117647056,0.027925779402949883,0.027259046014046846,0.11764705882352941,0.11764705882352941,0.11764705882352941,1,1,0.0,0.2470717187972562
1692,4380,M,68,60,1,MONTHLY,1,3407.0,0,1,0,0,64141.6,56569.2,56,29481.81607142857,3489.7638621742044,0,0,12,20,12,0,12,12,0,12,12,0,56,120710.8,0,Hl.m. Praha,Prague,1204953,0,0,0,1,1,100.0,12541,0.29,0.43,167,85677.0,99107,0,0,1.1338608288609349,7572.4000000000015,135.2214285714286,2.1756325948373627,1.9187827460473972,0.0,0.5714285714285714,0.0616901752574582,0.054407184450874384,0.0,0.0,0.21428571428571427,0,1,0.0,0.11837004388465085
1693,4385,F,27,20,2,MONTHLY,3,6515.0,1,1,0,0,166546.1,148875.2,99,38458.80202020202,10546.888840548856,0,21,0,30,36,12,12,12,0,12,0,0,99,315421.3,0,Tabor,south Bohemia,103347,87,16,7,1,7,67.0,9104,1.51,2.07,123,2299.0,2354,0,0,1.118696062205122,17670.899999999994,178.49393939393934,4.33050670461641,3.8710306140528603,0.0,0.30303030303030304,0.07084382651072076,0.06332714389918981,0.12121212121212122,0.0,0.12121212121212122,0,1,0.0,0.2742386212396497
1694,4386,F,54,50,1,MONTHLY,3,6265.0,0,1,0,1,210068.6,192446.0,82,51097.93292682927,8537.904468477793,0,12,0,38,20,0,10,12,0,10,0,0,82,402514.6,0,Blansko,south Moravia,107911,88,33,6,2,7,50.9,8240,2.53,3.56,99,1850.0,1903,1,0,1.0915716616609334,17622.600000000006,214.90975609756106,4.111097807044603,3.7662188855188523,0.0,0.4634146341463415,0.04436519578727431,0.04064341109750716,0.0,0.0,0.12195121951219512,0,1,0.0,0.16708903823377394
1695,4389,F,73,70,3,MONTHLY,1,2040.0,0,1,0,0,78222.2,79185.2,62,14872.14193548387,2914.7440151667333,0,0,12,26,12,0,12,12,0,12,12,0,62,157407.4,0,Praha - vychod,central Bohemia,92084,55,29,4,3,5,46.7,10124,0.56,0.54,141,3810.0,4316,0,0,0.9878386365128837,-963.0,-15.53225806451613,5.259645876117373,5.324397813274613,0.0,0.6129032258064516,0.036809201911048195,0.03726236305251877,0.0,0.0,0.1935483870967742,0,0,0.0,0.1959868341635687
1696,4390,F,27,20,1,MONTHLY,1,2163.0,0,1,0,0,41487.8,40591.2,65,20302.06,1930.273726363051,0,0,12,29,12,0,12,12,0,12,0,0,65,82079.0,0,Melnik,central Bohemia,94725,38,28,1,3,6,63.4,9920,2.26,2.87,130,4289.0,4846,0,0,1.0220885315043655,896.6000000000058,13.793846153846243,2.0435266174959588,1.9993636113773674,0.0,0.6307692307692307,0.047553995111330814,0.04652629752271875,0.0,0.0,0.18461538461538463,0,1,0.0,0.09507772740121204
1697,4393,F,58,50,2,MONTHLY,0,0.0,0,0,0,0,11500.0,5700.0,11,23400.0,2683.6542251191754,0,6,0,5,0,0,0,0,0,0,0,0,11,17200.0,20,Hl.m. Praha,Prague,1204953,0,0,0,1,1,100.0,12541,0.29,0.43,167,85677.0,99107,0,0,2.017543859649123,5800.0,527.2727272727273,0.49145299145299143,0.24358974358974358,0.0,0.45454545454545453,0.47081653072266233,0.23336123696688482,0.0,0.0,0.0,0,1,0.0,0.11468607799654595
1698,4394,F,24,20,3,MONTHLY,1,2304.0,0,1,0,0,42377.6,49703.2,62,17479.58064516129,2915.981486585786,0,0,12,26,12,0,12,12,0,0,0,0,62,92080.8,0,Louny,north Bohemia,85852,41,23,4,2,4,59.8,8965,7.08,8.23,104,2653.0,2822,0,0,0.8526131114294452,-7325.5999999999985,-118.15483870967739,2.424405988923481,2.843500711429188,0.0,0.6129032258064516,0.058667882280935356,0.06880950045745361,0.0,0.0,0.0,0,0,0.0,0.16682216500388355
1699,4396,F,25,20,1,WEEKLY,2,6037.0,0,1,0,0,487379.4,470582.0,88,59675.61022727273,25129.584446688084,0,20,0,34,22,0,12,12,0,11,0,0,88,957961.4,0,Vyskov,south Moravia,86513,38,36,5,1,5,50.5,8288,3.79,4.52,110,1562.0,1460,0,0,1.0356949479580604,16797.400000000023,190.8795454545457,8.167145641977193,7.885667162980034,0.0,0.38636363636363635,0.053401074513449484,0.05156062083602238,0.0,0.0,0.125,0,1,0.0,0.42110309975855853
1700,4400,F,40,40,3,MONTHLY,2,6472.0,0,1,0,0,241122.1,229719.2,85,40894.94823529412,12403.03706604049,0,12,0,37,24,0,12,12,0,12,0,0,85,470841.3,0,Brno - mesto,south Moravia,387570,0,0,0,1,1,100.0,9897,1.6,1.96,140,18721.0,18696,0,0,1.0496384281331295,11402.899999999994,134.15176470588227,5.896134129151462,5.6173001779653156,0.0,0.43529411764705883,0.053992165504844564,0.051438823177305144,0.0,0.0,0.1411764705882353,0,1,0.0,0.30329020089909614
1701,4401,M,31,30,2,MONTHLY,1,7858.0,0,1,0,0,168919.1,153771.2,71,44968.163380281694,8997.40073119913,0,15,0,32,12,0,12,12,0,12,0,0,71,322690.3,0,Mlada Boleslav,central Bohemia,112065,95,19,7,1,8,69.4,11277,1.25,1.44,127,5179.0,4987,0,0,1.0985093437522762,15147.899999999994,213.35070422535202,3.756415368168453,3.419557047496138,0.0,0.4507042253521127,0.05851161160997072,0.05326455522909564,0.0,0.0,0.16901408450704225,0,1,0.0,0.2000837938412322
1702,4402,M,70,70,3,MONTHLY,1,2728.0,0,1,0,0,62145.9,51951.2,60,23886.843333333334,5552.233773511118,0,0,12,24,12,0,12,12,0,12,12,0,60,114097.1,0,Cheb,west Bohemia,87419,21,11,4,3,9,85.5,8624,1.79,2.66,102,2879.0,3198,0,0,1.1962360830933647,10194.700000000004,169.91166666666675,2.601679055401907,2.1748876264241974,0.0,0.6,0.10687402357426043,0.08934191593509978,0.0,0.0,0.2,0,1,0.0,0.23243899145782695
1703,4404,F,48,40,2,MONTHLY,2,5336.0,0,1,0,0,288983.5,283667.2,83,43779.76144578314,11089.789231297094,0,12,0,35,24,0,12,12,0,12,0,0,83,572650.7,0,Tachov,west Bohemia,51313,34,12,3,1,4,59.2,8930,3.52,4.2,108,1328.0,1452,0,0,1.0187413278658934,5316.299999999988,64.05180722891552,6.60084684010618,6.479414017623041,0.0,0.42168674698795183,0.03909436562033641,0.03837516408825104,0.0,0.0,0.14457831325301204,0,1,0.0,0.25330858061048805
1704,4405,F,40,40,3,MONTHLY,1,6946.0,0,1,0,0,265672.4,252967.2,72,68591.02638888889,10940.919332938036,0,13,0,35,12,0,12,12,0,12,0,0,72,518639.6,0,Pardubice,east Bohemia,162580,83,26,5,1,6,72.8,9538,1.51,1.81,111,6079.0,5410,0,1,1.0502246931618013,12705.200000000012,176.46111111111128,3.8732821767926846,3.6880509494894853,0.0,0.4861111111111111,0.04325034760608504,0.04118199456525418,0.0,0.0,0.16666666666666666,0,1,0.0,0.15950948555437222
1705,4406,M,45,40,1,MONTHLY,3,6996.0,1,1,0,0,205744.1,179113.8,73,36426.60821917808,8158.190371640728,0,13,0,26,22,7,8,12,0,8,0,0,73,384857.9,0,Hl.m. Praha,Prague,1204953,0,0,0,1,1,100.0,12541,0.29,0.43,167,85677.0,99107,0,0,1.148678102971407,26630.300000000017,364.79863013698656,5.6481816468347095,4.9171144050051625,0.0,0.3561643835616438,0.045547525492958825,0.03965212305791868,0.0958904109589041,0.0,0.1095890410958904,0,1,0.0,0.2239623937137677
1706,4407,M,24,20,3,MONTHLY,0,0.0,0,0,0,0,65156.7,54325.200000000004,54,20676.094444444447,9329.917673956119,0,20,0,22,0,0,12,12,0,0,0,0,54,119481.9,0,Blansko,south Moravia,107911,88,33,6,2,7,50.9,8240,2.53,3.56,99,1850.0,1903,0,0,1.1993826069669322,10831.499999999993,200.5833333333332,3.1513059768164893,2.627440116699452,0.0,0.4074074074074074,0.17174198482391448,0.1431919921352082,0.0,0.0,0.0,0,1,0.0,0.4512417806479413
1707,4413,M,22,20,3,MONTHLY,0,0.0,0,0,0,0,46746.299999999996,57725.2,70,16623.02285714286,4752.321147170801,0,28,0,30,0,0,12,12,0,0,0,0,70,104471.5,0,Ostrava - mesto,north Moravia,323870,0,0,0,1,1,100.0,10673,4.75,5.44,100,18782.0,18347,0,0,0.8098075017496691,-10978.900000000001,-156.8414285714286,2.812141955270985,3.4726054638850274,0.0,0.42857142857142855,0.0823266293953213,0.10166197425616148,0.0,0.0,0.0,0,0,0.0,0.28588790306143047
1708,4416,M,29,20,2,MONTHLY,1,7862.0,0,1,0,0,323901.3,321519.2,73,65573.52191780822,11182.440589966218,0,12,0,37,12,0,12,12,0,12,0,0,73,645420.5,0,Bruntal,north Moravia,106054,38,25,6,2,6,63.1,8110,5.77,6.55,109,3244.0,3079,0,1,1.00740888880042,2382.0999999999767,32.631506849314746,4.939513549477904,4.903186386770588,0.0,0.5068493150684932,0.03478000875209386,0.03452422262573882,0.0,0.0,0.1643835616438356,0,1,0.0,0.17053286544502852
1709,4420,M,42,40,2,MONTHLY,1,2975.0,0,1,0,0,74960.5,80595.2,71,19202.697183098593,3236.1962368969885,0,17,0,30,12,0,12,12,0,12,0,0,71,155555.7,0,Brno - venkov,south Moravia,157042,49,70,18,0,9,33.9,8743,1.88,2.43,111,3659.0,3894,0,0,0.9300864071309458,-5634.699999999997,-79.36197183098588,3.9036443310670483,4.197077068472262,0.0,0.4225352112676056,0.04015370936354756,0.04317202042271581,0.0,0.0,0.16901408450704225,0,0,0.0,0.16852821278384542
1710,4422,F,56,50,3,MONTHLY,3,5442.0,1,1,0,0,111260.0,106779.2,87,17086.4908045977,4519.593532213498,0,14,0,25,36,12,12,12,0,12,0,0,87,218039.2,0,Sumperk,north Moravia,127369,31,32,13,2,7,51.2,8369,4.73,5.88,107,3736.0,2807,0,0,1.0419632287936227,4480.800000000003,51.503448275862105,6.511576968751344,6.249334706648333,0.0,0.28735632183908044,0.04232653487021347,0.04062190843262177,0.13793103448275862,0.0,0.13793103448275862,0,1,0.0,0.26451268337658596
1711,4423,M,81,80,3,MONTHLY,1,2961.0,0,1,0,0,54690.1,54317.2,59,28699.95084745763,2769.430806786271,0,0,12,23,12,0,12,12,0,12,12,0,59,109007.3,0,Plzen - jih,west Bohemia,67298,71,19,10,0,7,43.8,8561,0.65,1.29,110,1029.0,1127,0,0,1.0068652286936735,372.90000000000146,6.320338983050872,1.9055816607729381,1.8925886071617317,0.0,0.5932203389830508,0.050986258621325685,0.050638612962606966,0.0,0.0,0.2033898305084746,0,1,0.0,0.0964960121885226
1712,4428,M,45,40,3,MONTHLY,2,11471.7,0,1,0,1,673060.7,683260.2,111,65674.87477477477,24331.540042214827,0,31,0,56,12,0,12,12,0,12,0,0,111,1356320.9,0,Louny,north Bohemia,85852,41,23,4,2,4,59.8,8965,7.08,8.23,104,2653.0,2822,0,0,0.9850723048115491,-10199.5,-91.88738738738739,10.248374318309589,10.403677241002294,0.0,0.5045045045045045,0.03561094300855637,0.036150587966605134,0.0,0.0,0.10810810810810811,1,0,0.0,0.3704847573087477
1713,4429,M,54,50,3,MONTHLY,1,7824.0,0,1,0,0,602563.2,634582.2,85,59600.43529411765,18354.850256460082,0,0,12,49,12,0,12,12,0,12,0,0,85,1237145.4,0,Zlin,south Moravia,197099,29,41,10,2,10,74.7,9624,1.6,2.31,145,4484.0,4265,0,0,0.9495431797488174,-32019.0,-376.6941176470588,10.110046965705145,10.647274585637648,0.0,0.7176470588235294,0.028924306821811397,0.03046128647826499,0.0,0.0,0.1411764705882353,0,0,0.0,0.30796503693105814
1714,4432,F,35,30,1,MONTHLY,1,2283.0,0,1,0,0,41866.6,40650.6,59,16553.489830508475,2629.125657841861,0,0,12,25,10,0,11,12,0,10,0,0,59,82517.2,0,Hl.m. Praha,Prague,1204953,0,0,0,1,1,100.0,12541,0.29,0.43,167,85677.0,99107,0,0,1.0299134576119418,1216.0,20.610169491525422,2.529170611676026,2.4557117813960883,0.0,0.6271186440677966,0.06467618332427716,0.06279768736515172,0.0,0.0,0.1694915254237288,0,1,0.0,0.15882606536516064
1715,4433,M,31,30,3,MONTHLY,1,5269.0,0,0,0,1,161112.7,156283.2,79,12857.088607594937,5443.759632944755,0,23,0,32,12,0,12,12,0,12,0,12,79,317395.9,0,Hl.m. Praha,Prague,1204953,0,0,0,1,1,100.0,12541,0.29,0.43,167,85677.0,99107,0,0,1.0309022338933422,4829.5,61.13291139240506,12.531040651367025,12.155411288655227,7.448202407383155e-05,0.4050632911392405,0.03483266040716312,0.033788519669428634,0.0,0.1518987341772152,0.1518987341772152,0,1,0.0,0.4234053135271245
1716,4434,M,35,30,1,MONTHLY,3,18285.0,0,1,0,1,247240.1,249482.2,91,35777.4021978022,9778.54465943996,0,20,0,32,27,0,12,12,0,11,0,5,91,496722.3,0,Zlin,south Moravia,197099,29,41,10,2,10,74.7,9624,1.6,2.31,145,4484.0,4265,0,0,0.9910129860968037,-2242.100000000006,-24.638461538461602,6.910510121251563,6.97317817041858,2.0223256664270884e-05,0.3516483516483517,0.03919536006753171,0.039550803690177924,0.0,0.054945054945054944,0.12087912087912088,0,0,0.0,0.27331622920460824
1717,4439,M,24,20,3,MONTHLY,1,2761.0,0,1,0,0,73618.8,71687.2,68,37192.169117647056,3658.2194777297054,0,17,0,27,12,0,12,12,0,12,0,0,68,145306.0,0,Karvina,north Moravia,285387,0,2,8,5,7,89.9,10177,6.63,7.75,81,9878.0,10108,0,0,1.0269448381300985,1931.6000000000058,28.405882352941262,1.9794166822356465,1.9274810182013726,0.0,0.39705882352941174,0.051030302170118315,0.049691376085044925,0.0,0.0,0.17647058823529413,0,1,0.0,0.09835993878598337
1718,4440,M,51,50,3,MONTHLY,1,3114.0,0,1,0,0,307966.2,294563.2,73,66947.47534246575,12759.763242228159,0,12,0,37,12,0,12,12,0,12,0,0,73,602529.4,0,Decin,north Bohemia,133777,24,17,7,3,11,84.7,8705,5.75,7.61,116,4650.0,4859,0,0,1.0455012710345353,13403.0,183.6027397260274,4.60011670977311,4.399914985489443,0.0,0.5068493150684932,0.04331757409692778,0.04143234953130622,0.0,0.0,0.1643835616438356,0,1,0.0,0.19059364340412185
1719,4442,F,78,70,2,MONTHLY,1,3365.0,0,1,0,0,81352.0,84265.2,67,18157.417910447763,3813.521296010932,0,0,12,31,12,0,12,12,0,12,12,0,67,165617.2,0,Cheb,west Bohemia,87419,21,11,4,3,9,85.5,8624,1.79,2.66,102,2879.0,3198,0,0,0.9654281957439133,-2913.199999999997,-43.48059701492533,4.4803727270709635,4.640814041709855,0.0,0.6417910447761194,0.0452561828134382,0.0468767983087193,0.0,0.0,0.1791044776119403,0,0,0.0,0.2100255286747922
1720,4446,F,49,40,3,MONTHLY,1,5106.0,0,1,0,0,157717.7,146667.2,67,45046.58059701492,8290.475490023384,0,13,0,30,12,0,12,12,0,12,0,0,67,304384.9,0,Novy Jicin,north Moravia,161227,5,35,11,4,10,69.7,8678,5.93,5.57,102,4980.0,4595,0,0,1.0753440442034756,11050.5,164.93283582089552,3.5012135862416915,3.2559008487698424,0.0,0.44776119402985076,0.056525763701927786,0.05256528271730683,0.0,0.0,0.1791044776119403,0,1,0.0,0.18404228201447023
1721,4448,F,57,50,3,MONTHLY,0,0.0,0,0,0,0,200493.5,203075.2,61,45028.26721311475,7680.712502641957,0,12,0,37,0,0,12,12,0,0,0,0,61,403568.7,0,Karvina,north Moravia,285387,0,2,8,5,7,89.9,10177,6.63,7.75,81,9878.0,10108,0,0,0.9872869754652464,-2581.7000000000116,-42.32295081967232,4.452614155705398,4.509949251186223,0.0,0.6065573770491803,0.037822011267953724,0.038309034969422735,0.0,0.0,0.0,0,0,0.0,0.17057535139626478
1722,4449,M,50,50,1,MONTHLY,1,4609.9,0,0,1,0,156389.5,182933.1,45,32338.635555555556,18020.95587337339,0,9,0,24,0,0,6,12,1,0,0,0,45,339322.6,0,Mlada Boleslav,central Bohemia,112065,95,19,7,1,8,69.4,11277,1.25,1.44,127,5179.0,4987,0,0,0.8548999606960139,-26543.600000000006,-589.8577777777779,4.835995622985811,5.656797105299433,0.0,0.5333333333333333,0.09851118181112871,0.11523123913928614,0.0,0.0,0.0,0,0,0.022222222222222223,0.5572577681088191
1723,4451,F,72,70,3,MONTHLY,1,3267.0,0,1,0,0,79651.8,78349.2,65,24247.913846153846,3526.720971688721,0,0,12,29,12,0,12,12,0,12,12,0,65,158001.0,0,Svitavy,east Bohemia,102609,75,33,2,3,6,52.0,8187,4.83,5.45,94,2123.0,2134,0,0,1.0166255686082308,1302.6000000000058,20.040000000000088,3.2848928986373074,3.231172813344006,0.0,0.6307692307692307,0.045012852354442946,0.044276726598629544,0.0,0.0,0.18461538461538463,0,1,0.0,0.14544430477874376
1724,4453,F,23,20,3,MONTHLY,1,8992.0,0,1,0,0,229177.4,190959.2,71,49915.57746478873,15242.07295257999,0,16,0,31,12,0,12,12,0,12,0,0,71,420136.6,0,Trebic,south Moravia,117897,139,28,5,1,6,53.8,8814,4.76,5.74,107,2112.0,2059,0,0,1.2001380399582737,38218.19999999998,538.2845070422533,4.591300184029034,3.8256434103102537,0.0,0.43661971830985913,0.07981847930123288,0.06650774881196833,0.0,0.0,0.16901408450704225,0,1,0.0,0.30535703935974695
1725,4458,F,49,40,3,MONTHLY,2,5932.0,0,1,0,0,170754.5,175399.2,74,21640.852702702705,6161.879457638883,0,12,0,26,24,0,12,12,0,12,0,0,74,346153.7,0,Jicin,east Bohemia,77917,85,19,6,1,5,53.5,8390,2.28,2.89,132,2080.0,2122,0,0,0.9735192634858083,-4644.700000000012,-62.76621621621637,7.890377627249163,8.105004105410993,0.0,0.35135135135135137,0.035130601836490034,0.03608619074542037,0.0,0.0,0.16216216216216217,0,0,0.0,0.2847336721103107
1726,4461,F,42,40,3,MONTHLY,1,7085.0,0,1,0,0,252561.30000000002,261475.2,70,38141.85857142857,9950.883476886747,0,12,0,34,12,0,12,12,0,12,0,0,70,514036.5,0,Svitavy,east Bohemia,102609,75,33,2,3,6,52.0,8187,4.83,5.45,94,2123.0,2134,0,0,0.9659091952123949,-8913.899999999994,-127.3414285714285,6.621630656173359,6.855334527297176,0.0,0.4857142857142857,0.038056700891276676,0.03939987431521277,0.0,0.0,0.17142857142857143,0,0,0.0,0.2608914156149902
1727,4463,M,76,70,3,MONTHLY,1,2844.0,0,1,0,0,75910.5,79393.2,65,33209.54,3767.834591803027,0,0,12,29,12,0,12,12,0,12,12,0,65,155303.7,0,Sumperk,north Moravia,127369,31,32,13,2,7,51.2,8369,4.73,5.88,107,3736.0,2807,0,0,0.9561335227702121,-3482.699999999997,-53.579999999999956,2.2858040189656346,2.3906744869094845,0.0,0.6307692307692307,0.047457900573386974,0.04963522295075157,0.0,0.0,0.18461538461538463,0,0,0.0,0.11345639210308323
1728,4464,M,35,30,1,MONTHLY,2,10068.0,0,1,1,0,224720.6,194715.2,70,42367.434285714284,14894.04484676202,0,16,0,30,12,0,12,12,0,12,0,0,70,419435.8,0,Blansko,south Moravia,107911,88,33,6,2,7,50.9,8240,2.53,3.56,99,1850.0,1903,0,0,1.154098909586925,30005.399999999994,428.64857142857136,5.304088005059412,4.5958695229664945,0.0,0.42857142857142855,0.07649143388272729,0.0662780574934475,0.0,0.0,0.17142857142857143,0,1,0.0,0.351544649749633
1729,4466,F,77,70,3,MONTHLY,1,3046.0,0,1,0,0,76078.2,72747.2,66,24526.840909090908,5191.103864052196,0,0,12,30,12,0,12,12,0,12,12,0,66,148825.4,0,Prerov,north Moravia,138032,67,30,4,2,5,64.6,8819,5.38,5.66,99,4063.0,4505,0,0,1.0457887038951328,3331.0,50.46969696969697,3.1018344466776195,2.966024049719185,0.0,0.6363636363636364,0.07135812600419254,0.06823378923334406,0.0,0.0,0.18181818181818182,0,1,0.0,0.21164991787132706
1730,4473,M,55,50,1,MONTHLY,1,4633.0,0,1,0,0,153067.5,151771.2,73,30313.256164383565,6434.625534472466,0,13,0,36,12,0,12,12,0,12,0,0,73,304838.7,0,Hl.m. Praha,Prague,1204953,0,0,0,1,1,100.0,12541,0.29,0.43,167,85677.0,99107,0,0,1.0085411461463043,1296.2999999999884,17.757534246575183,5.049523520994951,5.0067600516741235,0.0,0.4931506849315068,0.04239688119005757,0.0420378299408592,0.0,0.0,0.1643835616438356,0,1,0.0,0.21227101105795432
1731,4476,M,72,70,2,MONTHLY,1,2499.0,0,1,0,0,73983.2,87073.2,68,21370.936764705883,3887.9141624140602,0,0,12,32,12,0,12,12,0,12,12,0,68,161056.4,0,Beroun,central Bohemia,75232,55,26,4,1,5,41.7,8980,1.95,2.21,111,2824.0,2813,0,0,0.8496667171988626,-13090.0,-192.5,3.4618604141950065,4.0743745095816974,0.0,0.6470588235294118,0.04465110002175251,0.05255131114109771,0.0,0.0,0.17647058823529413,0,0,0.0,0.18192530375341118
1732,4477,M,42,40,3,WEEKLY,0,0.0,0,0,0,0,501594.7,431927.0,72,59639.211111111115,32342.773509440616,0,23,0,37,0,0,12,12,0,0,0,0,72,933521.7,0,Ceske Budejovice,south Bohemia,177686,69,27,10,1,9,74.8,10045,1.42,1.71,135,6604.0,6295,0,0,1.1612950799556407,69667.70000000001,967.6069444444446,8.410485159931133,7.2423325519061,0.0,0.5138888888888888,0.07488018463638674,0.06447989484227129,0.0,0.0,0.0,0,1,0.0,0.5423071986848428
1733,4479,F,41,40,2,WEEKLY,4,4233.0,1,1,0,0,394933.6,392143.0,109,60605.56605504587,22240.202187797546,0,15,0,34,48,12,12,12,0,12,0,0,109,787076.6,0,Benesov,central Bohemia,88884,80,26,6,2,5,46.7,8507,1.67,1.85,132,2159.0,2674,0,0,1.0071162815605532,2790.5999999999767,25.601834862385108,6.516457574891651,6.470412299157977,0.0,0.3119266055045872,0.0567145204371812,0.05631377575318369,0.11009174311926606,0.0,0.11009174311926606,1,1,0.0,0.36696633057758365
1734,4482,M,20,20,2,MONTHLY,2,12285.2,0,1,1,0,210466.2,205799.2,66,21534.745454545453,6785.513714199862,0,3,12,27,12,0,12,12,0,12,0,0,66,416265.4,0,Breclav,south Moravia,124605,11,42,14,1,8,46.0,8772,4.69,4.98,126,2854.0,3158,0,0,1.0226774448102811,4667.0,70.71212121212122,9.773331216950874,9.556611682937765,0.0,0.5909090909090909,0.03297152619738008,0.032240396387637836,0.0,0.0,0.18181818181818182,0,1,0.0,0.31509607246217103
1735,4483,F,33,30,2,MONTHLY,1,2107.0,0,1,0,0,52285.2,46179.2,75,24791.261333333336,2361.878019648962,0,6,12,33,12,0,12,12,0,12,0,0,75,98464.4,0,Vyskov,south Moravia,86513,38,36,5,1,5,50.5,8288,3.79,4.52,110,1562.0,1460,0,0,1.1322240315986418,6106.0,81.41333333333333,2.1090173386902027,1.8627208748717152,0.0,0.6,0.05114592759616802,0.04517297475478648,0.0,0.0,0.16,0,1,0.0,0.0952705869980595
1736,4485,M,80,80,3,MONTHLY,1,2957.0,0,1,0,0,69624.8,63699.2,63,33849.619047619046,4158.1870085433175,0,0,12,27,12,0,12,12,0,12,12,0,63,133324.0,0,Liberec,north Bohemia,159617,29,19,8,1,9,85.2,9198,3.33,4.28,131,5796.0,6132,0,0,1.0930247161659803,5925.600000000006,94.05714285714295,2.056885777711503,1.8818291547207397,0.0,0.6190476190476191,0.06527848086857163,0.05972278568187366,0.0,0.0,0.19047619047619047,0,1,0.0,0.12284294847435812
1737,4493,M,52,50,1,MONTHLY,1,7642.0,0,1,0,0,222603.4,204699.2,73,33438.11643835616,8932.102108484467,0,12,0,37,12,0,12,12,0,12,0,0,73,427302.6,0,Decin,north Bohemia,133777,24,17,7,3,11,84.7,8705,5.75,7.61,116,4650.0,4859,0,0,1.0874659011857397,17904.199999999983,245.2630136986299,6.65717521530777,6.121732376205074,0.0,0.5068493150684932,0.04363525655441969,0.04012563199162487,0.0,0.0,0.1643835616438356,0,1,0.0,0.26712336279320564
1738,4496,M,28,20,2,MONTHLY,0,0.0,0,0,0,0,148510.7,144550.2,55,30567.02727272727,6483.545388775842,0,1,12,30,0,0,12,12,0,0,0,0,55,293060.9,0,Praha - vychod,central Bohemia,92084,55,29,4,3,5,46.7,10124,0.56,0.54,141,3810.0,4316,0,0,1.0273987860272764,3960.5,72.00909090909092,4.858526106413536,4.728958387424596,0.0,0.7636363636363637,0.04485324398565925,0.04365709264568709,0.0,0.0,0.0,0,1,0.0,0.21210912434918514
1739,4498,M,68,60,1,MONTHLY,1,2941.0,0,1,0,0,53795.7,54587.2,59,17732.971186440678,2175.3475255494423,0,0,12,23,12,0,12,12,0,12,12,0,59,108382.9,0,Tachov,west Bohemia,51313,34,12,3,1,4,59.2,8930,3.52,4.2,108,1328.0,1452,0,0,0.9855002637981065,-791.5,-13.415254237288135,3.033654057991945,3.0782884281535123,0.0,0.5932203389830508,0.03985087210095851,0.04043720084596803,0.0,0.0,0.2033898305084746,0,0,0.0,0.12267247844020622
1740,4500,M,75,70,2,MONTHLY,1,1944.0,0,1,0,0,63336.1,61773.2,61,29432.399999999998,3757.6142808525015,0,0,12,25,12,0,12,12,0,12,12,0,61,125109.3,0,Pelhrimov,south Bohemia,74062,99,15,4,2,7,61.4,8114,2.38,2.62,119,1003.0,1181,0,0,1.025300615801027,1562.9000000000015,25.62131147540986,2.1519176146015955,2.098816270504614,0.0,0.6065573770491803,0.06082919908394743,0.059328160099098325,0.0,0.0,0.19672131147540983,0,1,0.0,0.12766931275915325
1741,4506,F,45,40,3,MONTHLY,0,0.0,0,0,0,0,71784.4,93375.2,60,22562.17,5217.410767684077,0,15,0,33,0,0,12,12,0,0,0,0,60,165159.6,0,Hradec Kralove,east Bohemia,161854,73,21,6,1,6,76.3,9425,1.72,2.5,125,4085.0,3891,0,0,0.768773721502069,-21590.800000000003,-359.8466666666667,3.1816265899955547,4.138573550327828,0.0,0.55,0.0558757653818581,0.0726816796920233,0.0,0.0,0.0,0,0,0.0,0.23124596471368122
1742,4507,M,29,20,1,MONTHLY,2,7475.0,0,1,0,0,882198.1,831095.2,115,61759.522608695646,29284.945699137195,5,28,0,46,24,0,12,12,0,12,0,0,115,1713293.3,0,Hl.m. Praha,Prague,1204953,0,0,0,1,1,100.0,12541,0.29,0.43,167,85677.0,99107,0,0,1.0614886236859509,51102.90000000002,444.3730434782611,14.284406075959334,13.456956350938228,0.0,0.4,0.03523657181408002,0.03319543048113252,0.0,0.0,0.10434782608695652,1,1,0.0,0.47417700885877506
1743,4510,F,61,60,1,MONTHLY,2,3834.0,0,1,0,0,83442.0,84453.2,77,25558.448051948053,5133.213587064522,0,0,12,29,24,0,12,12,0,12,12,0,77,167895.2,0,Chomutov,north Bohemia,125236,28,11,1,4,5,87.7,9675,6.43,7.68,100,5323.0,5190,0,0,0.9880265046203105,-1011.1999999999971,-13.132467532467494,3.2647522193210823,3.304316436911474,0.0,0.5324675324675324,0.06078175352816142,0.06151834312533882,0.0,0.0,0.15584415584415584,0,0,0.0,0.20084214724740576
1744,4511,F,54,50,3,MONTHLY,1,5750.0,0,1,0,0,266407.1,267395.2,68,40644.839705882354,8860.135197650128,0,12,0,32,12,0,12,12,0,12,0,0,68,533802.3,0,Trutnov,east Bohemia,121947,37,28,7,3,11,70.5,8541,2.51,2.97,131,3496.0,3839,0,0,0.9963047205035841,-988.1000000000349,-14.53088235294169,6.554512256114126,6.5788228452848605,0.0,0.47058823529411764,0.03313498221976358,0.03325787937952903,0.0,0.0,0.17647058823529413,0,0,0.0,0.21798917800548834
1745,4518,F,47,40,3,MONTHLY,2,12310.0,0,1,0,0,353683.8,333240.2,90,58000.38777777778,13292.387574238921,0,4,12,38,24,0,12,12,0,12,0,0,90,686924.0,0,Kolin,central Bohemia,95616,65,30,4,1,6,51.4,9307,3.85,4.43,118,2616.0,3040,0,0,1.0613479406146076,20443.599999999977,227.15111111111085,6.097955781866515,5.745482276373286,0.0,0.5555555555555556,0.039888307515836684,0.03758268706183015,0.0,0.0,0.13333333333333333,0,1,0.0,0.22917756386676702
1746,4520,F,42,40,2,MONTHLY,4,12081.0,1,1,0,1,151770.9,154467.2,100,14803.383999999998,5311.898689833471,0,22,0,30,36,12,12,12,0,12,0,0,100,306238.1,0,Hl.m. Praha,Prague,1204953,0,0,0,1,1,100.0,12541,0.29,0.43,167,85677.0,99107,0,0,0.9825445143046548,-2696.3000000000175,-26.963000000000175,10.252446332541263,10.434587118729072,0.0,0.3,0.034388521898716815,0.034999454373885054,0.12,0.0,0.12,0,0,0.0,0.3588300276364831
1747,4521,M,56,50,3,MONTHLY,2,2128.0,0,1,0,0,39182.5,36631.2,73,17475.890410958906,2051.82456163102,0,0,12,25,24,0,12,12,0,0,0,0,73,75813.7,0,Hl.m. Praha,Prague,1204953,0,0,0,1,1,100.0,12541,0.29,0.43,167,85677.0,99107,0,0,1.0696482779706917,2551.300000000003,34.94931506849319,2.2420889052628277,2.0960992051671967,0.0,0.5068493150684932,0.05601303155864455,0.052365840914464876,0.0,0.0,0.0,0,1,0.0,0.11740887092907995
1748,4524,M,42,40,1,MONTHLY,1,7774.0,0,1,0,0,264204.2,260443.2,76,27286.413157894738,9887.926432578834,0,12,0,40,12,0,12,12,0,12,0,0,76,524647.4,0,Vsetin,north Moravia,148545,8,35,12,3,4,53.5,8909,4.01,5.56,113,3460.0,3590,0,0,1.014440768658963,3761.0,49.48684210526316,9.682628437499789,9.54479427152727,0.0,0.5263157894736842,0.0379657692448059,0.03742531887297338,0.0,0.0,0.15789473684210525,0,1,0.0,0.3623754568019496
1749,4526,F,29,20,3,MONTHLY,2,3156.0,0,1,0,0,261628.6,292847.2,87,34328.22528735632,10882.219120360478,0,12,0,39,24,0,12,12,0,12,0,0,87,554475.8,0,Nymburk,central Bohemia,81344,61,23,4,2,6,55.3,8899,3.39,3.97,149,2987.0,2487,0,0,0.8933962831128315,-31218.600000000006,-358.83448275862077,7.621384380053063,8.530799292670126,0.0,0.4482758620689655,0.03716005862566034,0.041594149570652744,0.0,0.0,0.13793103448275862,0,0,0.0,0.3170050018393636
1750,4527,F,36,30,2,MONTHLY,2,4765.0,0,1,0,1,224591.6,217472.2,84,56554.748809523815,11289.470004618432,0,12,0,45,15,0,12,12,0,12,0,3,84,442063.8,0,Hl.m. Praha,Prague,1204953,0,0,0,1,1,100.0,12541,0.29,0.43,167,85677.0,99107,0,0,1.0327370578860193,7119.399999999994,84.75476190476184,3.9712244281452596,3.8453393318471907,1.3357578823072635e-05,0.5357142857142857,0.051912244436844945,0.05026666181913496,0.0,0.03571428571428571,0.14285714285714285,0,1,0.0,0.1996201953374654
1751,4528,M,77,70,1,MONTHLY,1,1540.0,0,1,0,0,72593.5,71755.2,68,26400.022058823528,3117.7160332738795,0,0,12,32,12,0,12,12,0,12,12,0,68,144348.7,0,Plzen - sever,west Bohemia,72541,66,26,10,0,8,36.9,8594,1.62,2.01,112,1580.0,1525,0,0,1.0116827769973467,838.3000000000029,12.327941176470631,2.7497514902923155,2.7179977289457478,0.0,0.6470588235294118,0.04344933932695999,0.04294759218489093,0.0,0.0,0.17647058823529413,0,1,0.0,0.11809520561487043
1752,4532,M,46,40,2,WEEKLY,1,9023.0,0,1,0,0,216159.19999999998,218810.0,64,31822.5078125,12793.574145817938,8,13,0,19,12,0,12,12,0,12,0,0,64,434969.2,0,Most,north Bohemia,119895,17,4,3,2,4,89.9,10446,7.34,9.4,90,4947.0,4743,0,0,0.9878853800100543,-2650.8000000000175,-41.41875000000027,6.792651329481074,6.875950861234469,0.0,0.296875,0.0584688732042317,0.0591858877430058,0.0,0.0,0.1875,0,0,0.0,0.40202909906404594
1753,4534,M,45,40,1,MONTHLY,1,4009.0,0,1,0,0,96375.9,83059.6,63,31649.75873015873,6669.506365145842,0,17,0,23,11,0,11,12,0,11,0,0,63,179435.5,0,Louny,north Bohemia,85852,41,23,4,2,4,59.8,8965,7.08,8.23,104,2653.0,2822,0,0,1.160322226449441,13316.299999999988,211.3698412698411,3.0450753454927413,2.6243359612360444,0.0,0.36507936507936506,0.0802978387223854,0.06920305143864641,0.0,0.0,0.1746031746031746,0,1,0.0,0.21072850576868815
1754,4535,F,68,60,3,MONTHLY,1,1642.0,0,1,0,0,59868.6,54119.2,62,14297.704838709677,2081.76527979024,0,0,12,26,12,0,12,12,0,12,12,0,62,113987.8,0,Hl.m. Praha,Prague,1204953,0,0,0,1,1,100.0,12541,0.29,0.43,167,85677.0,99107,0,0,1.1062358645360613,5749.4000000000015,92.73225806451616,4.187287447556719,3.7851669628454916,0.0,0.6129032258064516,0.03846629809365697,0.03477223920035277,0.0,0.0,0.1935483870967742,0,1,0.0,0.14560136072707688
1755,4536,M,52,50,3,MONTHLY,1,2947.8,0,0,1,0,464898.4,447008.2,65,47328.159999999996,22167.257166813062,0,15,0,38,0,0,12,12,0,0,0,0,65,911906.6,0,Chrudim,east Bohemia,105606,77,26,7,2,7,53.0,8254,2.79,3.76,97,2166.0,2325,0,0,1.0400220846060542,17890.20000000001,275.23384615384634,9.82287078136991,9.444867495376961,0.0,0.5846153846153846,0.04959026963445651,0.047681939036170184,0.0,0.0,0.0,0,1,0.0,0.4683735257574574
1756,4539,M,57,50,1,MONTHLY,2,6855.0,0,1,0,0,137233.9,145603.2,82,27592.62682926829,6492.316057664215,0,14,0,33,23,0,12,12,0,11,0,0,82,282837.1,0,Brno - venkov,south Moravia,157042,49,70,18,0,9,33.9,8743,1.88,2.43,111,3659.0,3894,0,0,0.9425198072569833,-8369.300000000017,-102.06463414634167,4.973571412723636,5.2768879491225,0.0,0.4024390243902439,0.044589102833345794,0.04730839870953325,0.0,0.0,0.13414634146341464,0,0,0.0,0.23529169940346634
1757,4540,M,63,60,1,MONTHLY,1,2506.0,0,1,0,0,61258.0,49266.0,62,33256.467741935485,4134.460201600025,0,6,12,22,10,0,10,12,0,10,0,0,62,110524.0,0,Jesenik,north Moravia,42821,4,13,5,1,3,48.4,8173,0.0,7.01,124,0.0,1358,0,0,1.2434133073519262,11992.0,193.41935483870967,1.8419875639034076,1.4813960515078075,0.0,0.5483870967741935,0.08392116676003786,0.06749257568970625,0.0,0.0,0.16129032258064516,0,1,0.0,0.12432048507624836
1758,4543,M,58,50,1,MONTHLY,2,4536.0,0,1,0,0,152446.2,128194.4,67,37546.5,5882.241180103813,0,13,0,25,17,0,9,12,0,8,0,0,67,280640.6,0,Hl.m. Praha,Prague,1204953,0,0,0,1,1,100.0,12541,0.29,0.43,167,85677.0,99107,0,0,1.1891798705715695,24251.800000000017,361.9671641791047,4.0601973552794535,3.4142836216424963,0.0,0.373134328358209,0.04588532088846169,0.038585685836077334,0.0,0.0,0.11940298507462686,0,1,0.0,0.15666549958328507
1759,4546,F,48,40,1,MONTHLY,1,9060.0,0,1,0,0,251371.9,247040.6,67,41885.69104477612,13115.662573528101,0,15,0,29,11,0,11,12,0,11,0,0,67,498412.5,0,Cheb,west Bohemia,87419,21,11,4,3,9,85.5,8624,1.79,2.66,102,2879.0,3198,0,1,1.0175327456296657,4331.299999999988,64.64626865671625,6.001378841554304,5.897971212553513,0.0,0.43283582089552236,0.053091121757023345,0.05217632747943625,0.0,0.0,0.16417910447761194,0,1,0.0,0.31312990776509714
1760,4547,F,56,50,3,MONTHLY,1,1152.0,0,0,1,0,10515.5,25575.2,38,23680.065789473683,1847.8639361803243,0,5,0,21,0,0,12,12,0,0,0,0,38,36090.7,0,Domazlice,west Bohemia,58400,65,16,4,1,6,52.4,8620,1.1,1.25,100,1089.0,1117,0,0,0.4111600300290907,-15059.7,-396.3078947368421,0.4440654892383945,1.0800307831648317,0.0,0.5526315789473685,0.07225217930574636,0.1757276340811492,0.0,0.0,0.0,0,0,0.0,0.07803457780095109
1761,4548,M,41,40,1,MONTHLY,1,7775.0,0,1,0,0,308587.5,295206.4,62,46444.47258064516,12221.15322895631,0,12,0,29,9,0,9,12,0,9,0,0,62,603793.9,0,Melnik,central Bohemia,94725,38,28,1,3,6,63.4,9920,2.26,2.87,130,4289.0,4846,0,0,1.045327946819581,13381.099999999977,215.82419354838672,6.644224443805998,6.356114809731344,0.0,0.46774193548387094,0.04139867302658854,0.03960352648424291,0.0,0.0,0.14516129032258066,0,1,0.0,0.263134718727525
1762,4551,M,75,70,3,MONTHLY,1,2448.0,0,1,0,0,74576.7,66331.2,67,18364.798507462685,3711.790587928434,0,0,12,31,12,0,12,12,0,12,12,0,67,140907.9,0,Prachatice,south Bohemia,51428,50,11,3,1,4,52.7,8402,3.13,3.98,120,999.0,1099,0,0,1.1243080179463059,8245.5,123.06716417910448,4.060850434579783,3.6118664723190825,0.0,0.6417910447761194,0.05595844169754858,0.049771451243195715,0.0,0.0,0.1791044776119403,0,1,0.0,0.20211441941059782
1763,4554,M,62,60,1,MONTHLY,3,2148.0,1,1,0,0,39696.3,37321.2,80,20915.2875,1912.8941594239413,0,0,12,20,36,0,12,12,0,0,0,0,80,77017.5,0,Karvina,north Moravia,285387,0,2,8,5,7,89.9,10177,6.63,7.75,81,9878.0,10108,0,0,1.0636394328156653,2375.100000000006,29.688750000000073,1.8979562198224627,1.7843981346180395,0.0,0.4,0.05125489425377377,0.04818822306925182,0.0,0.0,0.0,0,1,0.0,0.09145913769647879
1764,4555,M,39,30,3,MONTHLY,2,4550.0,0,1,1,0,299548.6,292315.2,70,66225.81,16148.220785478661,9,12,0,25,12,0,12,12,0,12,0,0,70,591863.8,0,Usti nad Orlici,east Bohemia,139012,59,41,8,3,10,61.9,8363,2.52,3.49,108,2564.0,2799,0,0,1.0247452065441687,7233.399999999965,103.33428571428522,4.523139845326165,4.413916568177876,0.0,0.35714285714285715,0.055242494353624653,0.053908516966791574,0.0,0.0,0.17142857142857143,0,1,0.0,0.24383576109493657
1765,4556,M,29,20,1,MONTHLY,3,3981.0,1,1,0,0,155315.8,152747.2,97,45188.93711340206,7228.588303891016,0,15,0,34,36,12,12,12,0,12,0,0,97,308063.0,0,Ostrava - mesto,north Moravia,323870,0,0,0,1,1,100.0,10673,4.75,5.44,100,18782.0,18347,0,0,1.0168160201954601,2568.5999999999767,26.48041237113378,3.437031493133674,3.380190147351319,0.0,0.35051546391752575,0.04732386782796029,0.046541229571563335,0.12371134020618557,0.0,0.12371134020618557,0,1,0.0,0.15996367176662743
1766,4557,F,67,60,1,MONTHLY,2,1611.0,0,1,0,0,76027.8,69380.4,63,18957.196825396823,5087.232149562096,0,0,12,22,18,0,9,11,0,9,12,0,63,145408.2,0,Chrudim,east Bohemia,105606,77,26,7,2,7,53.0,8254,2.79,3.76,97,2166.0,2325,0,0,1.0958109206634727,6647.400000000009,105.51428571428585,4.010498002433888,3.659844893684469,0.0,0.5396825396825397,0.07332376506278569,0.06691278913189776,0.0,0.0,0.14285714285714285,0,1,0.0,0.2683536071507559
1767,4559,F,41,40,3,MONTHLY,1,7701.0,0,1,0,0,316756.9,299987.2,68,83249.68529411765,10603.803848454427,0,12,0,32,12,0,12,12,0,12,0,0,68,616744.1,0,Tachov,west Bohemia,51313,34,12,3,1,4,59.2,8930,3.52,4.2,108,1328.0,1452,0,1,1.0559013851257655,16769.70000000001,246.61323529411783,3.8049020711719352,3.603463471845663,0.0,0.47058823529411764,0.03534752098907695,0.033476157420578447,0.0,0.0,0.17647058823529413,0,1,0.0,0.12737350070443668
1768,4561,F,31,30,1,MONTHLY,1,3041.0,0,1,0,0,124330.1,118059.4,60,30651.82333333333,5697.797678567309,0,14,0,26,8,0,9,12,0,8,0,0,60,242389.5,0,Teplice,north Bohemia,128118,9,16,6,3,8,85.3,9317,6.49,7.07,97,6949.0,6872,0,0,1.0531147879796103,6270.700000000012,104.51166666666686,4.056205683033321,3.8516273148296674,0.0,0.43333333333333335,0.04826212634120883,0.045827982753712165,0.0,0.0,0.13333333333333333,0,1,0.0,0.1858877240875603
1769,4563,F,28,20,3,MONTHLY,1,6502.0,0,1,0,0,326798.9,339139.2,75,84252.54266666668,16833.771385876025,0,13,0,38,12,0,12,12,0,12,0,0,75,665938.1,0,Praha - vychod,central Bohemia,92084,55,29,4,3,5,46.7,10124,0.56,0.54,141,3810.0,4316,0,0,0.9636128763646314,-12340.299999999988,-164.53733333333318,3.8788016320520304,4.025269615206232,0.0,0.5066666666666667,0.04963676091078833,0.05151110173833518,0.0,0.0,0.16,0,0,0.0,0.19980134549145268
1770,4565,M,51,50,3,MONTHLY,0,0.0,0,0,0,0,285392.89999999997,291669.2,69,37261.28115942029,26087.358306575796,0,11,0,46,0,0,12,12,0,0,0,0,69,577062.1,0,Tabor,south Bohemia,103347,87,16,7,1,7,67.0,9104,1.51,2.07,123,2299.0,2354,0,0,0.9784814440468859,-6276.300000000047,-90.96086956521806,7.65923476380113,7.827675026849179,0.0,0.6666666666666666,0.08944159447269645,0.09140857500861374,0.0,0.0,0.0,0,0,0.0,0.7001197354154975
1771,4567,M,62,60,3,MONTHLY,2,6360.0,0,1,1,0,275339.3,282659.2,73,56775.74520547945,8339.44157576315,0,12,0,37,12,0,12,12,0,12,0,0,73,557998.5,0,Karvina,north Moravia,285387,0,2,8,5,7,89.9,10177,6.63,7.75,81,9878.0,10108,0,0,0.9741034432985022,-7319.900000000023,-100.27260273972635,4.849593765850331,4.978520299064616,0.0,0.5068493150684932,0.02950352076197467,0.030287872366070338,0.0,0.0,0.1643835616438356,0,0,0.0,0.14688387700736524
1772,4568,M,17,10,3,MONTHLY,0,0.0,0,0,0,0,74165.3,55275.200000000004,70,49969.14428571429,6818.8338894827275,3,30,0,25,0,0,12,12,0,0,0,0,70,129440.5,0,Karvina,north Moravia,285387,0,2,8,5,7,89.9,10177,6.63,7.75,81,9878.0,10108,0,0,1.3417463889773351,18890.1,269.8585714285714,1.4842219345589869,1.1061866435804197,0.0,0.35714285714285715,0.12336154169469721,0.0919410275355554,0.0,0.0,0.0,0,1,0.0,0.13646088975416312
1773,4572,F,63,60,3,MONTHLY,1,3518.0,0,1,0,0,64068.9,65911.2,61,13923.83606557377,2125.9851936637738,0,0,12,25,12,0,12,12,0,12,12,0,61,129980.1,0,Praha - vychod,central Bohemia,92084,55,29,4,3,5,46.7,10124,0.56,0.54,141,3810.0,4316,0,0,0.9720487565087573,-1842.2999999999956,-30.201639344262222,4.601382815645773,4.733695490926045,0.0,0.6065573770491803,0.03225529490684093,0.03318279529793353,0.0,0.0,0.19672131147540983,0,0,0.0,0.15268674405900273
1774,4576,M,41,40,3,MONTHLY,1,8301.0,0,1,0,0,208997.1,194587.2,73,45397.38767123287,8987.404985372359,0,14,0,35,12,0,12,12,0,12,0,0,73,403584.3,0,Blansko,south Moravia,107911,88,33,6,2,7,50.9,8240,2.53,3.56,99,1850.0,1903,0,0,1.0740536890401835,14409.899999999994,197.39589041095883,4.6037252520685445,4.286308309394305,0.0,0.4794520547945205,0.04618703072644222,0.04300253441493857,0.0,0.0,0.1643835616438356,0,1,0.0,0.19797185358899938
1775,4577,F,50,50,2,MONTHLY,0,0.0,0,0,0,0,11308.8,6100.0,22,27665.58181818182,2304.2861883344513,0,8,0,3,0,0,0,11,0,0,0,0,22,17408.8,0,Zlin,south Moravia,197099,29,41,10,2,10,74.7,9624,1.6,2.31,145,4484.0,4265,0,0,1.8539016393442622,5208.799999999999,236.76363636363632,0.40876783558435253,0.22049057345293493,0.0,0.13636363636363635,0.37775183415318875,0.20376045100580534,0.0,0.0,0.0,0,1,0.0,0.08329071853533455
1776,4584,F,50,50,2,MONTHLY,3,10371.7,0,1,0,1,417067.0,407701.89999999997,101,43891.468316831684,16102.816795144452,0,2,12,40,35,0,12,12,0,12,0,11,101,824768.9,0,Melnik,central Bohemia,94725,38,28,1,3,6,63.4,9920,2.26,2.87,130,4289.0,4846,0,0,1.0229704595440934,9365.100000000035,92.72376237623797,9.502233941899396,9.288864456686511,2.63746592274143e-05,0.5148514851485149,0.03949654587124674,0.038609664143038055,0.0,0.10891089108910891,0.1188118811881188,1,1,0.0,0.3668780611053123
1777,4585,F,51,50,2,MONTHLY,1,5908.0,0,1,0,0,161802.9,161831.2,73,38514.69452054795,6994.1512341243315,0,14,0,35,12,0,12,12,0,12,0,0,73,323634.1,0,Nymburk,central Bohemia,81344,61,23,4,2,6,55.3,8899,3.39,3.97,149,2987.0,2487,0,0,0.9998251264280311,-28.300000000017462,-0.38767123287695154,4.201069280548925,4.201804065034491,0.0,0.4794520547945205,0.04321880597884914,0.04322636512772226,0.0,0.0,0.1643835616438356,0,0,0.0,0.1815969546478653
1778,4588,F,23,20,1,MONTHLY,1,4828.0,0,1,0,0,256954.2,275843.2,71,55484.37887323944,9045.548538336654,1,12,0,35,11,0,12,12,0,11,0,0,71,532797.4,0,Blansko,south Moravia,107911,88,33,6,2,7,50.9,8240,2.53,3.56,99,1850.0,1903,0,0,0.9315226911520748,-18889.0,-266.0422535211268,4.631108885386317,4.971547048047453,0.0,0.49295774647887325,0.03279235644865146,0.035202960443287766,0.0,0.0,0.15492957746478872,0,0,0.0,0.163028742900813
1779,4589,F,23,20,3,MONTHLY,2,6733.0,0,1,0,0,206718.1,205931.2,89,26629.228089887638,5804.94653763238,0,12,0,41,24,0,12,12,0,12,0,0,89,412649.3,0,Louny,north Bohemia,85852,41,23,4,2,4,59.8,8965,7.08,8.23,104,2653.0,2822,0,0,1.003821179112247,786.8999999999942,8.8415730337078,7.762827345284579,7.7332771083290135,0.0,0.4606741573033708,0.028188766625127128,0.028081462327838633,0.0,0.0,0.1348314606741573,0,1,0.0,0.21799154365412451
1780,4591,M,66,60,1,MONTHLY,1,2862.0,0,1,0,0,79709.8,78609.2,66,24333.990909090906,3694.856499044512,0,0,12,30,12,0,12,12,0,12,12,0,66,158319.0,0,Hradec Kralove,east Bohemia,161854,73,21,6,1,6,76.3,9425,1.72,2.5,125,4085.0,3891,0,0,1.0140009057464012,1100.6000000000058,16.675757575757665,3.275656685242753,3.230427770507323,0.0,0.6363636363636364,0.0470028507992005,0.046353854846512124,0.0,0.0,0.18181818181818182,0,1,0.0,0.1518393145147496
1781,4593,M,67,60,1,MONTHLY,1,2125.0,0,1,0,0,60986.1,47145.2,60,25450.873333333333,6062.163833262073,0,0,12,24,12,0,12,12,0,12,12,0,60,108131.3,0,Olomouc,north Moravia,226122,32,50,7,4,4,62.6,8994,3.8,4.79,110,9672.0,9208,0,0,1.2935802584356415,13840.900000000001,230.6816666666667,2.3962281844421316,1.8524000879079199,0.0,0.6,0.12858496375584522,0.09940238567906577,0.0,0.0,0.2,0,1,0.0,0.23819079816496436
1782,4596,F,26,20,1,MONTHLY,0,0.0,0,0,0,0,29400.0,3000.0,12,20950.0,4061.907299421161,0,9,0,3,0,0,0,0,0,0,0,0,12,32400.0,10,Ostrava - mesto,north Moravia,323870,0,0,0,1,1,100.0,10673,4.75,5.44,100,18782.0,18347,0,0,9.8,26400.0,2200.0,1.4033412887828163,0.1431980906921241,0.0,0.25,1.3539690998070537,0.13816011222520955,0.0,0.0,0.0,0,1,0.0,0.1938857899485041
1783,4600,M,32,30,1,MONTHLY,1,6529.0,0,1,0,0,136503.2,128163.2,72,25444.815277777776,7168.282864110769,0,15,0,33,12,0,12,12,0,12,0,0,72,264666.4,0,Karvina,north Moravia,285387,0,2,8,5,7,89.9,10177,6.63,7.75,81,9878.0,10108,0,0,1.0650732815660036,8340.000000000015,115.83333333333354,5.364676399093966,5.036908250300064,0.0,0.4583333333333333,0.055930897980939684,0.0525136616878635,0.0,0.0,0.16666666666666666,0,1,0.0,0.2817188014868863
1784,4601,M,64,60,3,MONTHLY,3,9135.0,1,1,0,0,234806.4,223535.2,98,47088.32653061225,10816.959215214729,0,13,0,37,36,12,12,12,0,12,0,0,98,458341.60000000003,0,Ostrava - mesto,north Moravia,323870,0,0,0,1,1,100.0,10673,4.75,5.44,100,18782.0,18347,0,0,1.0504224837967353,11271.199999999983,115.01224489795901,4.986509763674691,4.7471468295794965,0.0,0.37755102040816324,0.048390406590168925,0.04606756551446097,0.12244897959183673,0.0,0.12244897959183673,0,1,0.0,0.22971636522658317
1785,4604,M,31,30,3,MONTHLY,1,8054.0,0,1,0,0,176677.2,183143.2,77,44645.53896103896,7691.806557376077,0,19,0,34,12,0,12,12,0,12,0,0,77,359820.4,0,Hl.m. Praha,Prague,1204953,0,0,0,1,1,100.0,12541,0.29,0.43,167,85677.0,99107,0,0,0.9646942938640365,-6466.0,-83.97402597402598,3.957331552300931,4.102161251985881,0.0,0.44155844155844154,0.04199886513600328,0.04353593195599702,0.0,0.0,0.15584415584415584,0,0,0.0,0.1722861171882934
1786,4606,M,62,60,3,MONTHLY,1,11657.0,0,1,0,0,246267.2,221016.2,69,37710.16086956522,9542.405209013357,0,6,12,27,12,0,12,12,0,12,0,0,69,467283.4,0,Mlada Boleslav,central Bohemia,112065,95,19,7,1,8,69.4,11277,1.25,1.44,127,5179.0,4987,0,0,1.1142495436986066,25251.0,365.95652173913044,6.530526370646039,5.860919044192564,0.0,0.5652173913043478,0.04317513923872258,0.03874817762582007,0.0,0.0,0.17391304347826086,0,1,0.0,0.2530459957998948
1787,4607,F,23,20,1,MONTHLY,0,0.0,0,0,0,0,33280.5,45700.0,18,24850.233333333334,12665.870760201118,0,2,0,8,0,0,0,8,0,0,0,0,18,78980.5,122,Ostrava - mesto,north Moravia,323870,0,0,0,1,1,100.0,10673,4.75,5.44,100,18782.0,18347,0,0,0.7282385120350109,-12419.5,-689.9722222222222,1.339242958147945,1.8390169374667173,0.0,0.4444444444444444,0.2771525330459763,0.3805793410616162,0.0,0.0,0.0,0,0,0.0,0.5096882025333546
1788,4608,M,54,50,2,MONTHLY,1,6198.0,0,1,0,0,122265.4,135551.2,64,26864.19375,6205.039682767727,0,12,0,28,12,0,12,12,0,12,0,0,64,257816.6,0,Usti nad Labem,north Bohemia,118650,8,8,5,1,3,85.6,9832,3.32,4.48,114,6445.0,5471,0,0,0.9019868507250396,-13285.800000000017,-207.59062500000027,4.551240254511639,5.045794460144556,0.0,0.4375,0.04577635375243986,0.050750577700377435,0.0,0.0,0.1875,0,0,0.0,0.23097807216967853
1789,4609,F,23,20,3,MONTHLY,0,0.0,0,0,0,0,32469.699999999997,63531.4,33,25005.803030303032,12134.756949782839,0,3,0,18,0,0,9,12,0,0,0,0,33,96001.09999999999,0,Melnik,central Bohemia,94725,38,28,1,3,6,63.4,9920,2.26,2.87,130,4289.0,4846,0,0,0.5110811346830071,-31061.700000000004,-941.2636363636365,1.2984865937179428,2.540666257468721,0.0,0.5454545454545454,0.19100408537798377,0.37372556413464986,0.0,0.0,0.0,0,0,0.0,0.4852776347585181
1790,4610,F,33,30,1,MONTHLY,1,4518.0,0,1,0,0,105151.7,102371.2,72,25504.944444444445,4946.342028858049,0,16,0,32,12,0,12,12,0,12,0,0,72,207522.9,0,Chomutov,north Bohemia,125236,28,11,1,4,5,87.7,9675,6.43,7.68,100,5323.0,5190,0,0,1.027160959332312,2780.5,38.61805555555556,4.122796669055456,4.01377859195058,0.0,0.4444444444444444,0.04831771073171018,0.04704005763918272,0.0,0.0,0.16666666666666666,0,1,0.0,0.19393659294699914
1791,4611,F,46,40,2,MONTHLY,0,0.0,0,0,0,0,120015.0,118275.2,59,33342.8406779661,4784.9548952984815,0,12,0,35,0,0,12,12,0,0,0,0,59,238290.2,0,Hl.m. Praha,Prague,1204953,0,0,0,1,1,100.0,12541,0.29,0.43,167,85677.0,99107,0,0,1.0147097616406482,1739.800000000003,29.488135593220388,3.59942337124591,3.5472442537914777,0.0,0.5932203389830508,0.040456113329746905,0.039869640422434544,0.0,0.0,0.0,0,1,0.0,0.14350771553968153
1792,4620,F,59,50,3,MONTHLY,5,8861.0,1,1,0,1,185739.7,194055.2,119,23918.560504201683,5977.3649182110985,0,13,0,46,48,12,12,12,0,12,0,0,119,379794.9,0,Brno - mesto,south Moravia,387570,0,0,0,1,1,100.0,9897,1.6,1.96,140,18721.0,18696,0,0,0.9571487906533811,-8315.5,-69.8781512605042,7.765504950323905,8.113163832159175,0.0,0.3865546218487395,0.030802394979423886,0.032181407196259594,0.10084033613445378,0.0,0.10084033613445378,1,0,0.0,0.24990487689094323
1793,4622,F,27,20,3,MONTHLY,2,7584.0,0,1,0,0,190023.9,195583.2,80,39112.59125,5460.004754604361,0,13,0,31,24,0,12,12,0,12,0,0,80,385607.1,0,Svitavy,east Bohemia,102609,75,33,2,3,6,52.0,8187,4.83,5.45,94,2123.0,2134,0,0,0.9715757795148049,-5559.3000000000175,-69.49125000000022,4.858381762164633,5.000517576293287,0.0,0.3875,0.027916532476226795,0.028733252788751103,0.0,0.0,0.15,0,0,0.0,0.13959711131653443
1794,4624,F,33,30,3,TRANSACTION,1,1377.6,0,0,1,0,192355.2,197612.0,65,38665.86923076923,8389.06347521736,0,4,12,37,0,0,12,12,0,0,0,0,65,389967.2,0,Rychnov nad Kneznou,east Bohemia,78955,50,24,8,1,9,59.0,9060,1.78,2.44,124,1655.0,1717,0,0,0.9733983766168047,-5256.799999999988,-80.87384615384597,4.9748060454031915,5.110760573377872,0.0,0.7538461538461538,0.04245219660353298,0.043612356074685575,0.0,0.0,0.0,0,0,0.0,0.21696301265462237
1795,4626,F,52,50,2,MONTHLY,0,0.0,0,0,0,0,164571.2,178775.2,53,25341.760377358492,8034.9737953318245,0,12,0,29,0,0,12,12,0,0,0,0,53,343346.4,0,Beroun,central Bohemia,75232,55,26,4,1,5,41.7,8980,1.95,2.21,111,2824.0,2813,0,0,0.9205482639650242,-14204.0,-268.0,6.494071349006819,7.0545691119282345,0.0,0.5471698113207547,0.044944566110578114,0.048823693303152824,0.0,0.0,0.0,0,0,0.0,0.3170645478327008
1796,4627,M,57,50,1,MONTHLY,1,3072.1,0,0,1,0,401133.6,404896.2,68,39542.919117647056,14090.148284022725,3,0,12,41,0,0,12,12,0,0,0,0,68,806029.8,0,Hl.m. Praha,Prague,1204953,0,0,0,1,1,100.0,12541,0.29,0.43,167,85677.0,99107,0,0,0.9907072479316921,-3762.600000000035,-55.332352941176985,10.144258667564673,10.239410975081618,0.0,0.7794117647058824,0.03479940854970416,0.03512582412448802,0.0,0.0,0.0,0,0,0.0,0.3563254458301899
1797,4629,M,76,70,2,MONTHLY,1,2559.0,0,1,0,0,73203.3,63543.2,62,30494.08387096774,6034.9231893788665,0,0,12,26,12,0,12,12,0,12,12,0,62,136746.5,0,Sumperk,north Moravia,127369,31,32,13,2,7,51.2,8369,4.73,5.88,107,3736.0,2807,0,0,1.152024134761863,9660.100000000006,155.80806451612912,2.40057383949462,2.0837878018856326,0.0,0.6129032258064516,0.09497354853672567,0.08244058928188847,0.0,0.0,0.1935483870967742,0,1,0.0,0.19790472194262204
1798,4631,F,66,60,1,MONTHLY,2,1663.0,0,1,0,0,55318.5,49191.2,71,14576.181690140846,4645.611921904978,0,0,12,23,24,0,12,12,0,12,12,0,71,104509.7,0,Mlada Boleslav,central Bohemia,112065,95,19,7,1,8,69.4,11277,1.25,1.44,127,5179.0,4987,0,0,1.1245608970710208,6127.300000000003,86.30000000000004,3.7951296969230817,3.374765836877043,0.0,0.49295774647887325,0.09443989823189876,0.08397935449994084,0.0,0.0,0.16901408450704225,0,1,0.0,0.3187125421911566
1799,4634,F,59,50,3,MONTHLY,1,2260.0,0,1,0,0,41642.3,39445.2,61,18730.654098360654,2152.9046372729213,0,0,12,25,12,0,12,12,0,0,0,0,61,81087.5,0,Bruntal,north Moravia,106054,38,25,6,2,6,63.1,8110,5.77,6.55,109,3244.0,3079,0,0,1.05570005982984,2197.100000000006,36.01803278688534,2.2232165401871695,2.1059168458752504,0.0,0.6065573770491803,0.0545796354758734,0.051699945422633266,0.0,0.0,0.0,0,1,0.0,0.11494017379037222
1800,4636,M,22,20,1,MONTHLY,1,8866.0,0,1,0,0,321657.7,302467.2,74,35494.9,12442.672616785074,0,13,0,37,12,0,12,12,0,12,0,0,74,624124.9,0,Rychnov nad Kneznou,east Bohemia,78955,50,24,8,1,9,59.0,9060,1.78,2.44,124,1655.0,1717,0,0,1.063446548915056,19190.5,259.3310810810811,9.062082158281894,8.52142702191019,0.0,0.5,0.041137262542137044,0.03868296209537366,0.0,0.0,0.16216216216216217,0,1,0.0,0.35054818063398047
1801,4638,F,31,30,1,MONTHLY,3,6390.0,1,1,0,0,265646.7,225775.2,95,47778.38947368421,16467.91678553201,0,12,0,35,36,12,12,12,0,12,0,0,95,491421.9,0,Decin,north Bohemia,133777,24,17,7,3,11,84.7,8705,5.75,7.61,116,4650.0,4859,0,1,1.17659822690889,39871.5,419.7,5.559976025276347,4.725466942002187,0.0,0.3684210526315789,0.07293944058307558,0.06199179882728454,0.12631578947368421,0.0,0.12631578947368421,0,1,0.0,0.3446729152434564
1802,4640,F,43,40,2,MONTHLY,1,4447.0,0,1,0,0,221569.1,195099.2,72,35913.21527777778,12392.90567139869,0,13,0,35,12,0,12,12,0,12,0,0,72,416668.3,0,Prerov,north Moravia,138032,67,30,4,2,5,64.6,8819,5.38,5.66,99,4063.0,4505,0,0,1.1356740570950572,26469.899999999994,367.63749999999993,6.169570123037731,5.432518322042934,0.0,0.4861111111111111,0.06352104812012908,0.05593246382911105,0.0,0.0,0.16666666666666666,0,1,0.0,0.34507925774797216
1803,4641,M,41,40,3,MONTHLY,2,7157.0,0,1,0,0,265179.60000000003,253479.2,85,46859.90470588235,8890.88745418999,0,12,0,37,24,0,12,12,0,12,0,0,85,518658.8,0,Mlada Boleslav,central Bohemia,112065,95,19,7,1,8,69.4,11277,1.25,1.44,127,5179.0,4987,0,0,1.0461592114855973,11700.400000000023,137.6517647058826,5.658987180285749,5.409298238888237,0.0,0.43529411764705883,0.0350754123186044,0.03352779570596678,0.0,0.0,0.1411764705882353,0,1,0.0,0.18973336608330557
1804,4648,M,35,30,1,MONTHLY,3,7323.0,1,1,0,0,287454.7,322551.2,96,48035.92604166667,10545.07077760425,0,12,0,36,36,12,12,12,0,12,0,0,96,610005.9,0,Decin,north Bohemia,133777,24,17,7,3,11,84.7,8705,5.75,7.61,116,4650.0,4859,0,0,0.8911909179069866,-35096.5,-365.5885416666667,5.984160683207397,6.714790919617476,0.0,0.375,0.032692703600557836,0.03668428722022722,0.125,0.0,0.125,0,0,0.0,0.21952466927477132
1805,4651,M,20,20,1,MONTHLY,0,0.0,0,0,0,0,61019.8,35031.4,55,23242.438181818183,4135.427604004161,0,22,0,21,0,0,9,12,0,0,0,0,55,96051.2,0,Benesov,central Bohemia,88884,80,26,6,2,5,46.7,8507,1.67,1.85,132,2159.0,2674,0,0,1.7418601597424026,25988.4,472.5163636363637,2.6253613980883403,1.5072170882400775,0.0,0.38181818181818183,0.11804916743276493,0.06777189705643351,0.0,0.0,0.0,0,1,0.0,0.17792572240717733
1806,4653,F,53,50,2,MONTHLY,2,9571.5,0,1,1,0,163694.5,174102.2,66,22020.256060606058,5445.533696925153,0,1,12,29,12,0,12,12,0,12,0,0,66,337796.7,0,Kladno,central Bohemia,149893,63,29,6,2,6,67.4,9753,4.64,5.05,109,5244.0,5892,0,0,0.9402207439078886,-10407.700000000012,-157.6924242424244,7.43381455462942,7.906456651585742,0.0,0.6212121212121212,0.031277799458738334,0.0332664426533888,0.0,0.0,0.18181818181818182,0,0,0.0,0.2472965655775066
1807,4657,M,58,50,3,MONTHLY,1,8504.0,0,1,0,0,181261.8,184623.2,74,25391.59864864865,5841.010804025092,0,16,0,34,12,0,12,12,0,12,0,0,74,365885.0,0,Cesky Krumlov,south Bohemia,58796,22,16,7,1,5,51.9,9045,3.13,3.6,124,1845.0,1879,0,0,0.9817931874217324,-3361.4000000000233,-45.42432432432464,7.138652532602425,7.271034902318989,0.0,0.4594594594594595,0.03163746920227301,0.03222416860047231,0.0,0.0,0.16216216216216217,0,0,0.0,0.23003714279076917
1808,4659,F,40,40,1,MONTHLY,1,5947.0,0,1,0,0,254973.5,262139.2,69,50096.73043478261,9446.082233630052,0,12,0,33,12,0,12,12,0,12,0,0,69,517112.7,0,Svitavy,east Bohemia,102609,75,33,2,3,6,52.0,8187,4.83,5.45,94,2123.0,2134,0,0,0.972664523276183,-7165.700000000012,-103.85072463768132,5.089623569983913,5.2326608488204736,0.0,0.4782608695652174,0.03603460388080093,0.03704730975426879,0.0,0.0,0.17391304347826086,0,0,0.0,0.18855686092982132
1809,4660,F,24,20,1,MONTHLY,0,0.0,0,0,0,0,46587.0,42800.0,27,27718.581481481484,9398.064975344541,0,5,0,10,0,0,0,12,0,0,0,0,27,89387.0,0,Prostejov,south Moravia,110643,49,41,4,1,4,51.9,8441,3.45,4.48,115,1879.0,2252,0,1,1.088481308411215,3787.0,140.25925925925927,1.6807137129699197,1.5440905599225656,0.0,0.37037037037037035,0.21958095736786312,0.20173149108859856,0.0,0.0,0.0,0,1,0.0,0.33905288341047674
1810,4662,F,72,70,3,MONTHLY,1,3259.0,0,1,0,0,65498.3,61273.2,60,24145.173333333332,5542.310622403714,0,0,12,24,12,0,12,12,0,12,12,0,60,126771.5,0,Hradec Kralove,east Bohemia,161854,73,21,6,1,6,76.3,9425,1.72,2.5,125,4085.0,3891,0,0,1.0689551059843456,4225.100000000006,70.41833333333344,2.71268709053238,2.5376997362619886,0.0,0.6,0.09045244286904738,0.08461762553232242,0.0,0.0,0.2,0,1,0.0,0.22954114041303414
1811,4663,M,57,50,2,MONTHLY,2,7608.5,0,1,1,0,678058.8,696417.2,95,68559.05789473685,28170.960608968206,3,22,0,46,12,0,12,12,0,12,0,0,95,1374476.0,0,Olomouc,north Moravia,226122,32,50,7,4,4,62.6,8994,3.8,4.79,110,9672.0,9208,0,0,0.9736387900815777,-18358.399999999907,-193.2463157894727,9.890141737960686,10.157916712759594,0.0,0.4842105263157895,0.0404512706018292,0.041546486247163526,0.0,0.0,0.12631578947368421,0,0,0.0,0.4109006376986816
1812,4665,F,73,70,3,MONTHLY,2,1658.0,0,1,0,0,54041.2,59411.2,79,36233.10253164557,2464.151530314742,0,0,12,31,24,0,12,12,0,12,12,0,79,113452.4,0,Plzen - mesto,west Bohemia,170449,0,0,0,1,1,100.0,10787,2.64,3.09,131,6041.0,6261,0,0,0.9096130022621998,-5370.0,-67.9746835443038,1.491486961482281,1.6396939772990995,0.0,0.5443037974683544,0.04147621206632322,0.04559764643114406,0.0,0.0,0.1518987341772152,0,0,0.0,0.06800829512633043
1813,4670,F,31,30,1,MONTHLY,1,5861.0,0,1,0,0,130649.1,119147.2,70,29982.77857142857,7196.072489764115,0,19,0,27,12,0,12,12,0,12,0,0,70,249796.3,0,Trutnov,east Bohemia,121947,37,28,7,3,11,70.5,8541,2.51,2.97,131,3496.0,3839,0,0,1.0965352102273491,11501.900000000009,164.31285714285727,4.357471396079988,3.973854515056143,0.0,0.38571428571428573,0.06039648845935209,0.05507938814552962,0.0,0.0,0.17142857142857143,0,1,0.0,0.24000685835773253
1814,4673,M,47,40,2,MONTHLY,1,12056.0,0,1,0,0,295.6,15231.2,26,6313.007692307693,2351.585900437928,0,0,0,13,1,0,12,12,0,1,0,0,26,15526.8,0,Jesenik,north Moravia,42821,4,13,5,1,3,48.4,8173,0.0,7.01,124,0.0,1358,0,0,0.019407531908188457,-14935.6,-574.4461538461538,0.046823956885112664,2.412669323777158,0.0,0.5,0.1543926874072908,7.9552973627805414,0.0,0.0,0.038461538461538464,0,0,0.0,0.37249850072308655
1815,4675,M,24,20,2,MONTHLY,3,1934.0,1,1,0,0,40190.2,44823.2,90,17696.612222222222,2555.7323589820276,0,3,12,27,36,12,12,12,0,12,0,0,90,85013.4,0,Cheb,west Bohemia,87419,21,11,4,3,9,85.5,8624,1.79,2.66,102,2879.0,3198,0,0,0.896638347998358,-4633.0,-51.477777777777774,2.2710674503864547,2.5328689715941235,0.0,0.43333333333333335,0.05701807008384113,0.06359093408298609,0.13333333333333333,0.0,0.13333333333333333,0,0,0.0,0.14441930053554033
1816,4679,M,51,50,3,MONTHLY,4,2164.0,1,1,0,0,46056.0,43703.2,108,17817.951851851853,2842.9678821556363,0,5,12,31,48,12,12,12,0,12,0,0,108,89759.2,0,Praha - vychod,central Bohemia,92084,55,29,4,3,5,46.7,10124,0.56,0.54,141,3810.0,4316,0,0,1.053835874718556,2352.800000000003,21.785185185185213,2.5848088704546206,2.4527622682658583,0.0,0.39814814814814814,0.06505170976394489,0.061728501870671276,0.1111111111111111,0.0,0.1111111111111111,1,1,0.0,0.15955637919518575
1817,4680,F,20,20,3,MONTHLY,0,0.0,0,0,0,0,81569.3,99475.2,77,44865.60779220779,12701.909515012692,14,33,0,18,0,0,12,12,0,0,0,0,77,181044.5,0,Olomouc,north Moravia,226122,32,50,7,4,4,62.6,8994,3.8,4.79,110,9672.0,9208,0,0,0.8199963407965001,-17905.899999999994,-232.54415584415577,1.8180807976074465,2.2171815984464773,0.0,0.23376623376623376,0.12768920811431084,0.15571924136915105,0.0,0.0,0.0,0,0,0.0,0.2831101625512526
1818,4684,F,46,40,2,MONTHLY,0,0.0,0,0,0,0,914263.3,941840.2,89,76589.0617977528,29998.246397246083,0,28,0,49,0,0,12,12,0,0,0,0,89,1856103.5,0,Hl.m. Praha,Prague,1204953,0,0,0,1,1,100.0,12541,0.29,0.43,167,85677.0,99107,0,0,0.9707201922364326,-27576.899999999907,-309.852808988763,11.937256816309837,12.297319981371471,0.0,0.550561797752809,0.03185067530271705,0.03281138638863233,0.0,0.0,0.0,0,0,0.0,0.3916779458202772
1819,4686,M,55,50,3,MONTHLY,0,0.0,0,0,0,0,8100.0,7000.0,12,17550.0,1531.1908615667276,0,6,0,6,0,0,0,0,0,0,0,0,12,15100.0,24,Most,north Bohemia,119895,17,4,3,2,4,89.9,10446,7.34,9.4,90,4947.0,4743,0,0,1.1571428571428573,1100.0,91.66666666666667,0.46153846153846156,0.39886039886039887,0.0,0.5,0.21874155165238965,0.18903590883539848,0.0,0.0,0.0,0,1,0.0,0.08724734253941467
1820,4690,F,37,30,3,MONTHLY,1,3172.0,0,1,0,0,220713.7,213979.2,77,45684.58831168831,11799.247686265222,0,14,0,39,12,0,12,12,0,12,0,0,77,434692.9,0,Hl.m. Praha,Prague,1204953,0,0,0,1,1,100.0,12541,0.29,0.43,167,85677.0,99107,0,0,1.0314726851955704,6734.5,87.46103896103897,4.831250716196798,4.6838377647206215,0.0,0.5064935064935064,0.055142031030423616,0.05345951649700595,0.0,0.0,0.15584415584415584,0,1,0.0,0.2582763273636945
1821,4692,F,44,40,3,MONTHLY,1,2238.0,0,1,0,0,40705.0,43931.2,61,9299.395081967214,2615.0293033683984,0,0,12,25,12,0,12,12,0,0,0,0,61,84636.2,0,Hradec Kralove,east Bohemia,161854,73,21,6,1,6,76.3,9425,1.72,2.5,125,4085.0,3891,0,0,0.9265624430928361,-3226.199999999997,-52.88852459016389,4.377166433000842,4.724092224577977,0.0,0.6065573770491803,0.05952556049842478,0.06424344192036355,0.0,0.0,0.0,0,0,0.0,0.2812042375142545
1822,4697,F,42,40,1,MONTHLY,1,4414.0,0,1,0,0,136931.3,153983.2,73,28577.89315068493,5219.548300282335,0,12,0,37,12,0,12,12,0,12,0,0,73,290914.5,0,Plzen - jih,west Bohemia,67298,71,19,10,0,7,43.8,8561,0.65,1.29,110,1029.0,1127,0,0,0.8892612960374897,-17051.900000000023,-233.58767123287703,4.791511371324381,5.388192866005921,0.0,0.5068493150684932,0.03389686862126735,0.03811800735319343,0.0,0.0,0.1643835616438356,0,0,0.0,0.1826428656850527
1823,4698,M,36,30,1,MONTHLY,2,4244.0,0,1,0,0,445397.39999999997,437378.2,83,43029.45903614458,16928.248361864982,0,1,12,36,22,0,12,12,0,11,0,0,83,882775.6,0,Jicin,east Bohemia,77917,85,19,6,1,5,53.5,8390,2.28,2.89,132,2080.0,2122,0,0,1.0183347043816997,8019.199999999953,96.61686746987895,10.350987671629055,10.164622326127875,0.0,0.5783132530120482,0.038703914282570515,0.038007065963710125,0.0,0.0,0.13253012048192772,0,1,0.0,0.3934106712251557
1824,4700,F,62,60,2,MONTHLY,1,2650.0,0,1,0,0,84127.7,83845.2,70,22955.85,3114.274856567155,0,0,12,34,12,0,12,12,0,12,12,0,70,167972.9,0,Karvina,north Moravia,285387,0,2,8,5,7,89.9,10177,6.63,7.75,81,9878.0,10108,0,0,1.0033693043847471,282.5,4.035714285714286,3.6647608343842637,3.652454603075033,0.0,0.6571428571428571,0.03714315019306001,0.037018423855248096,0.0,0.0,0.17142857142857143,0,1,0.0,0.13566366989534934
1825,4705,M,44,40,1,MONTHLY,2,6435.0,0,1,0,0,131264.3,144575.2,84,30955.626190476192,5680.894707810865,0,14,0,34,24,0,12,12,0,12,0,0,84,275839.5,0,Hl.m. Praha,Prague,1204953,0,0,0,1,1,100.0,12541,0.29,0.43,167,85677.0,99107,0,0,0.9079309591133194,-13310.900000000023,-158.46309523809552,4.240402025541475,4.6704014032990235,0.0,0.40476190476190477,0.03929370118672403,0.043278292024646954,0.0,0.0,0.14285714285714285,0,0,0.0,0.18351735716328843
1826,4706,F,56,50,2,MONTHLY,1,6583.0,0,1,0,0,231714.2,218271.2,72,37979.79861111111,7853.827182712487,0,13,0,35,12,0,12,12,0,12,0,0,72,449985.4,0,Jihlava,south Moravia,109164,98,16,6,1,4,63.6,8757,3.38,3.95,96,2212.0,2471,0,0,1.0615885192366195,13443.0,186.70833333333334,6.100985483693726,5.747034159789991,0.0,0.4861111111111111,0.03598196730815832,0.033894457839495754,0.0,0.0,0.16666666666666666,0,1,0.0,0.2067895952564326
1827,4715,F,23,20,3,MONTHLY,3,9609.0,1,1,0,0,319412.3,324083.2,96,39671.918750000004,8220.80338325708,3,12,0,33,36,12,12,12,0,12,0,0,96,643495.5,0,Hl.m. Praha,Prague,1204953,0,0,0,1,1,100.0,12541,0.29,0.43,167,85677.0,99107,0,0,0.9855873430032781,-4670.900000000023,-48.655208333333576,8.051344882329392,8.169083074662225,0.0,0.34375,0.02536633612373946,0.02573727869357905,0.125,0.0,0.125,0,0,0.0,0.207219707094633
1828,4718,M,67,60,2,MONTHLY,2,2728.0,0,1,0,0,76439.4,76371.2,78,30598.03205128205,4588.132768901015,0,0,12,30,24,0,12,12,0,12,12,0,78,152810.6,0,Benesov,central Bohemia,88884,80,26,6,2,5,46.7,8507,1.67,1.85,132,2159.0,2674,0,0,1.0008930067878992,68.19999999999709,0.8743589743589371,2.4981802709366465,2.4959513694214874,0.0,0.5384615384615384,0.06007674056320989,0.06002313949221233,0.0,0.0,0.15384615384615385,0,1,0.0,0.14994862287912314
1829,4720,F,53,50,1,MONTHLY,1,6118.0,0,1,0,0,284795.3,306851.2,70,52520.939999999995,9952.805868748046,0,12,0,34,12,0,12,12,0,12,0,0,70,591646.5,0,Decin,north Bohemia,133777,24,17,7,3,11,84.7,8705,5.75,7.61,116,4650.0,4859,0,0,0.928121838858704,-22055.900000000023,-315.08428571428607,5.42250957427647,5.8424544572126855,0.0,0.4857142857142857,0.03243528416622795,0.0349472265474467,0.0,0.0,0.17142857142857143,0,0,0.0,0.18950167054793854
1830,4721,F,43,40,3,MONTHLY,1,9510.0,0,1,0,0,302773.8,299995.2,73,47086.83150684932,11508.051063324183,0,12,0,37,12,0,12,12,0,12,0,0,73,602769.0,0,Znojmo,south Moravia,114200,101,41,4,1,4,43.7,8403,5.74,5.72,105,2157.0,2718,0,0,1.009262148194371,2778.5999999999767,38.06301369862982,6.430116240799895,6.371106111830062,0.0,0.5068493150684932,0.038360783983624344,0.038008741388205265,0.0,0.0,0.1643835616438356,0,1,0.0,0.24440062529266182
1831,4724,F,26,20,3,MONTHLY,1,4865.0,0,1,0,0,121489.6,128035.2,69,16639.301449275365,4303.544442033414,0,12,0,33,12,0,12,12,0,12,0,0,69,249524.8,0,Blansko,south Moravia,107911,88,33,6,2,7,50.9,8240,2.53,3.56,99,1850.0,1903,0,0,0.9488765589462899,-6545.599999999991,-94.86376811594191,7.301364205123577,7.694746103994401,0.0,0.4782608695652174,0.03361219759904631,0.035423150969576114,0.0,0.0,0.17391304347826086,0,0,0.0,0.25863732652195154
1832,4727,F,29,20,3,MONTHLY,0,0.0,0,0,0,0,19733.8,51722.2,41,30373.31463414634,6518.772975052934,0,8,0,21,0,0,12,12,0,0,0,0,41,71456.0,0,Ostrava - mesto,north Moravia,323870,0,0,0,1,1,100.0,10673,4.75,5.44,100,18782.0,18347,0,0,0.38153442815657496,-31988.399999999998,-780.2048780487804,0.6497084772504491,1.7028829623307815,0.0,0.5121951219512195,0.12603433293736413,0.3303354131010213,0.0,0.0,0.0,0,0,0.0,0.2146217182277626
1833,4729,M,54,50,2,MONTHLY,0,0.0,0,0,0,0,266177.9,267975.2,59,53773.91016949153,19983.96321154138,0,11,0,36,0,0,12,12,0,0,0,0,59,534153.1,0,Pisek,south Bohemia,70699,60,13,2,1,4,65.3,8968,2.83,3.35,131,1740.0,1910,0,0,0.9932930360719948,-1797.2999999999884,-30.462711864406582,4.9499450413969575,4.98336831291162,0.0,0.6101694915254238,0.07457392777966536,0.07507746966048413,0.0,0.0,0.0,0,0,0.0,0.37162934866654396
1834,4731,F,26,20,3,MONTHLY,1,5037.0,0,1,0,0,288061.1,256819.2,68,51816.15,13769.22289348956,0,12,0,32,12,0,12,12,0,12,0,0,68,544880.3,0,Usti nad Orlici,east Bohemia,139012,59,41,8,3,10,61.9,8363,2.52,3.49,108,2564.0,2799,0,0,1.1216493938147925,31241.899999999965,459.4397058823524,5.559291842408206,4.956354341262329,0.0,0.47058823529411764,0.053614460653602064,0.047799660882672325,0.0,0.0,0.17647058823529413,0,1,0.0,0.2657322648149189
1835,4733,M,44,40,1,MONTHLY,2,6503.0,0,1,0,0,529108.4,569618.2,106,57473.020754716985,22461.10544335407,0,25,0,45,24,0,12,12,0,12,0,0,106,1098726.6,0,Hl.m. Praha,Prague,1204953,0,0,0,1,1,100.0,12541,0.29,0.43,167,85677.0,99107,0,0,0.9288825392166192,-40509.79999999993,-382.1679245283012,9.20620480795895,9.911053786976208,0.0,0.42452830188679247,0.039431860574950156,0.042450857788978724,0.0,0.0,0.11320754716981132,1,0,0.0,0.3908112910788776
1836,4734,M,74,70,2,MONTHLY,1,2232.0,0,1,0,0,66910.8,69939.2,69,36513.25652173913,3382.1348111405778,0,0,12,33,12,0,12,12,0,12,12,0,69,136850.0,0,Olomouc,north Moravia,226122,32,50,7,4,4,62.6,8994,3.8,4.79,110,9672.0,9208,0,0,0.9566995333089313,-3028.399999999994,-43.88985507246368,1.8325070501493859,1.915446790081839,0.0,0.6521739130434783,0.04835821415087073,0.05054691934845462,0.0,0.0,0.17391304347826086,0,0,0.0,0.0926275860693755
1837,4736,F,56,50,3,MONTHLY,2,3326.0,0,1,0,0,81735.6,79187.2,82,22624.38292682927,3446.2595436464208,0,17,0,29,24,0,12,12,0,12,0,0,82,160922.8,0,Breclav,south Moravia,124605,11,42,14,1,8,46.0,8772,4.69,4.98,126,2854.0,3158,0,0,1.032181968803039,2548.4000000000087,31.07804878048791,3.612721737620226,3.50008220140649,0.0,0.35365853658536583,0.04352041167823109,0.04216350701097711,0.0,0.0,0.14634146341463414,0,1,0.0,0.1523250183128598
1838,4739,F,39,30,1,MONTHLY,1,9101.0,0,1,0,0,251142.4,264427.2,71,22617.761971830987,7715.654707288593,0,12,0,35,12,0,12,12,0,12,0,0,71,515569.6,0,Litomerice,north Bohemia,114006,71,26,6,2,9,62.3,9065,4.46,5.39,123,4147.0,4166,0,0,0.9497600851954715,-13284.800000000017,-187.10985915492984,11.10376881288176,11.691130197997822,0.0,0.49295774647887325,0.029178748280390947,0.030722230524549393,0.0,0.0,0.16901408450704225,0,0,0.0,0.3411325451606556
1839,4745,F,51,50,3,MONTHLY,5,11462.0,1,1,1,0,294538.5,289068.2,107,39870.71775700934,10681.21507053311,0,2,12,33,48,12,12,12,0,12,0,0,107,583606.7,0,Cheb,west Bohemia,87419,21,11,4,3,9,85.5,8624,1.79,2.66,102,2879.0,3198,0,0,1.018923907922075,5470.299999999988,51.12429906542045,7.387338793222995,7.250137852087735,0.0,0.4205607476635514,0.036950501890325914,0.03626424073774094,0.11214953271028037,0.0,0.11214953271028037,1,1,0.0,0.2678962324086913
1840,4746,F,58,50,1,MONTHLY,3,2418.0,1,1,0,0,49112.1,58251.2,95,32611.42210526316,2922.0369628699955,0,3,12,32,36,12,12,12,0,12,0,0,95,107363.3,0,Most,north Bohemia,119895,17,4,3,2,4,89.9,10446,7.34,9.4,90,4947.0,4743,0,0,0.8431088114922954,-9139.099999999999,-96.20105263157893,1.5059784832895649,1.7862207852198766,0.0,0.4631578947368421,0.05016269128996477,0.059497292171786495,0.12631578947368421,0.0,0.12631578947368421,0,0,0.0,0.08960164182470312
1841,4749,F,51,50,3,MONTHLY,1,3869.0,0,1,0,0,302803.1,331103.2,70,61419.65571428572,12118.947162390874,0,12,0,34,12,0,12,12,0,12,0,0,70,633906.3,0,Hodonin,south Moravia,161954,21,37,20,3,8,48.0,8720,3.73,4.5,116,3729.0,3651,0,1,0.9145278571756479,-28300.100000000035,-404.28714285714335,4.930068338523272,5.390834516237577,0.0,0.4857142857142857,0.03660172164567082,0.04002253333070525,0.0,0.0,0.17142857142857143,0,0,0.0,0.1973138244012023
1842,4750,M,37,30,3,MONTHLY,1,5177.0,0,1,0,0,109437.3,110199.2,73,25014.0698630137,4725.125654757322,0,17,0,32,12,0,12,12,0,12,0,0,73,219636.5,0,Karvina,north Moravia,285387,0,2,8,5,7,89.9,10177,6.63,7.75,81,9878.0,10108,0,0,0.9930861567053119,-761.8999999999942,-10.436986301369783,4.375029757225399,4.405488615147059,0.0,0.4383561643835616,0.04287803953891972,0.043176555477495535,0.0,0.0,0.1643835616438356,0,0,0.0,0.18889871502853625
1843,4751,M,26,20,1,WEEKLY,0,0.0,0,0,0,0,253052.6,254965.0,71,41837.09436619718,11761.651231412892,1,3,12,43,0,0,12,12,0,0,0,0,71,508017.6,0,Jablonec n. Nisou,north Bohemia,88768,10,18,5,1,7,80.5,8867,1.02,1.21,130,3384.0,3620,0,0,0.9924993626576197,-1912.3999999999942,-26.935211267605553,6.04852234204049,6.094232973454348,0.0,0.7746478873239436,0.04613045410708486,0.046479076806216935,0.0,0.0,0.0,0,0,0.0,0.2811297344998191
1844,4756,F,49,40,1,MONTHLY,2,4503.0,0,1,0,0,227881.0,246793.6,77,49488.140259740256,7195.63661161291,0,12,0,31,22,0,11,12,0,11,0,0,77,474674.6,0,Domazlice,west Bohemia,58400,65,16,4,1,6,52.4,8620,1.1,1.25,100,1089.0,1117,0,0,0.9233667323625896,-18912.600000000006,-245.61818181818188,4.604759823342694,4.986924113629954,0.0,0.4025974025974026,0.029156496001569367,0.031576290307717234,0.0,0.0,0.14285714285714285,0,0,0.0,0.14540123297918162
1845,4758,F,26,20,1,MONTHLY,0,0.0,0,0,0,0,21003.9,5200.0,14,26571.985714285714,3999.0031759575645,0,8,0,5,0,0,0,1,0,0,0,0,14,26203.9,0,Svitavy,east Bohemia,102609,75,33,2,3,6,52.0,8187,4.83,5.45,94,2123.0,2134,0,0,4.039211538461538,15803.900000000001,1128.8500000000001,0.7904527808287891,0.19569482145266848,0.0,0.35714285714285715,0.7690390722995316,0.19039336389706504,0.0,0.0,0.0,0,1,0.0,0.15049696394378265
1846,4763,F,55,50,3,MONTHLY,4,5273.0,1,1,0,0,199747.4,194091.2,110,33417.38545454545,7857.396082950996,12,13,0,25,48,12,12,12,0,12,0,0,110,393838.6,0,Hl.m. Praha,Prague,1204953,0,0,0,1,1,100.0,12541,0.29,0.43,167,85677.0,99107,0,0,1.0291419703726907,5656.1999999999825,51.41999999999984,5.977349732273272,5.808090530122536,0.0,0.22727272727272727,0.04048301047626578,0.03933666261964359,0.10909090909090909,0.0,0.10909090909090909,1,1,0.0,0.23512898977805063
1847,4769,F,76,70,3,MONTHLY,1,2014.0,0,1,0,0,74835.9,70673.2,66,29695.006060606058,5120.4261146263325,0,0,12,30,12,0,12,12,0,12,12,0,66,145509.1,0,Domazlice,west Bohemia,58400,65,16,4,1,6,52.4,8620,1.1,1.25,100,1089.0,1117,0,0,1.058900686540301,4162.699999999997,63.07121212121208,2.5201510263127602,2.379969206127099,0.0,0.6363636363636364,0.07245216170523384,0.06842205565278607,0.0,0.0,0.18181818181818182,0,1,0.0,0.17243391377579761
1848,4771,F,38,30,3,MONTHLY,2,5126.0,0,1,0,0,108405.2,101727.2,82,36718.49634146342,4561.895234085995,0,18,0,28,24,0,12,12,0,12,0,0,82,210132.4,0,Zlin,south Moravia,197099,29,41,10,2,10,74.7,9624,1.6,2.31,145,4484.0,4265,0,0,1.0656461595325537,6678.0,81.4390243902439,2.952332224933356,2.7704620323770492,0.0,0.34146341463414637,0.04484439986636804,0.04208188568524384,0.0,0.0,0.14634146341463414,0,1,0.0,0.1242397071945071
1849,4777,F,70,70,3,MONTHLY,1,3204.0,0,1,0,0,59002.3,61103.2,65,27207.15076923077,3419.1997191924856,0,0,12,29,12,0,12,12,0,12,12,0,65,120105.5,0,Zlin,south Moravia,197099,29,41,10,2,10,74.7,9624,1.6,2.31,145,4484.0,4265,0,0,0.9656171853519947,-2100.899999999994,-32.321538461538374,2.168632081339702,2.245850751454029,0.0,0.6307692307692307,0.05595778484911569,0.05795027853477721,0.0,0.0,0.18461538461538463,0,0,0.0,0.12567283315308936
1850,4783,F,21,20,3,MONTHLY,0,0.0,0,0,0,0,217388.7,206624.69999999998,65,23235.066153846154,14440.738632708906,0,6,12,35,0,0,12,12,2,0,0,0,65,424013.4,0,Tachov,west Bohemia,51313,34,12,3,1,4,59.2,8930,3.52,4.2,108,1328.0,1452,0,0,1.052094449501923,10764.00000000003,165.60000000000045,9.35606116034299,8.892795855706954,0.0,0.7230769230769231,0.06988873369306238,0.06642819352021934,0.0,0.0,0.0,0,1,0.03076923076923077,0.6215062413462721
1851,4788,F,19,10,3,MONTHLY,1,4299.0,0,1,0,0,229795.8,239863.2,70,37387.938571428575,9224.552596421296,0,12,0,34,12,0,12,12,0,12,0,0,70,469659.0,0,Most,north Bohemia,119895,17,4,3,2,4,89.9,10446,7.34,9.4,90,4947.0,4743,0,0,0.9580285762884844,-10067.400000000023,-143.82000000000033,6.146254882733953,6.415523539543329,0.0,0.4857142857142857,0.03845755662569871,0.040142389880151404,0.0,0.0,0.17142857142857143,0,0,0.0,0.24672535980549062
1852,4789,F,59,50,1,MONTHLY,1,8957.0,0,1,0,0,498637.9,484506.4,66,47873.76666666667,22688.024123911266,1,0,12,33,8,0,9,12,0,8,0,0,66,983144.3,0,Karlovy Vary,west Bohemia,122603,25,21,6,2,8,80.0,8991,1.39,2.01,128,5198.0,5273,0,0,1.0291667973838943,14131.5,214.11363636363637,10.415681378736998,10.120498839656792,0.0,0.6818181818181818,0.04682708860793431,0.045499999346041015,0.0,0.0,0.12121212121212122,0,1,0.0,0.473913495921105
1853,4791,M,63,60,3,MONTHLY,2,9024.0,0,1,0,0,226783.8,219163.2,87,43475.66206896552,8942.52226515801,20,12,0,19,24,0,12,12,0,12,0,0,87,445947.0,0,Trutnov,east Bohemia,121947,37,28,7,3,11,70.5,8541,2.51,2.97,131,3496.0,3839,0,0,1.0347713484745613,7620.599999999977,87.5931034482756,5.21633919318474,5.041054916020395,0.0,0.21839080459770116,0.04080302836040909,0.03943192708278991,0.0,0.0,0.13793103448275862,0,1,0.0,0.20569030670475982
1854,4792,F,42,40,1,MONTHLY,1,6941.0,0,1,0,0,136617.4,138819.4,56,24233.273214285717,7477.345666976435,0,12,0,24,8,0,9,12,0,8,0,0,56,275436.8,0,Strakonice,south Bohemia,70646,94,14,3,1,4,58.4,8547,2.65,3.64,120,1563.0,1542,0,0,0.9841376637559304,-2202.0,-39.32142857142857,5.6375958291702375,5.728462629561936,0.0,0.42857142857142855,0.053863837957637294,0.054732015592277666,0.0,0.0,0.14285714285714285,0,0,0.0,0.30855698282510496
1855,4794,F,54,50,2,MONTHLY,1,2269.0,0,1,0,0,41728.6,43723.2,63,18107.4746031746,2187.444955913415,0,0,12,27,12,0,12,12,0,12,0,0,63,85451.8,0,Strakonice,south Bohemia,70646,94,14,3,1,4,58.4,8547,2.65,3.64,120,1563.0,1542,0,0,0.9543811980824826,-1994.5999999999985,-31.660317460317437,2.3044958457478186,2.414649251659558,0.0,0.6190476190476191,0.050029388423386556,0.052420760723183024,0.0,0.0,0.19047619047619047,0,0,0.0,0.1208034253175157
1856,4796,M,71,70,3,MONTHLY,1,2974.0,0,1,0,0,56768.1,50053.2,58,22367.891379310346,2523.071654995192,0,0,12,22,12,0,12,12,0,12,12,0,58,106821.3,0,Melnik,central Bohemia,94725,38,28,1,3,6,63.4,9920,2.26,2.87,130,4289.0,4846,0,0,1.134155258804632,6714.9000000000015,115.7741379310345,2.537928096901832,2.2377254588377413,0.0,0.5862068965517241,0.050407799201553395,0.044445236937561625,0.0,0.0,0.20689655172413793,0,1,0.0,0.11279881559729679
1857,4797,F,59,50,1,MONTHLY,3,6305.0,1,1,0,0,296687.2,265035.2,97,45552.24020618557,14747.468219993581,0,13,0,36,36,12,12,12,0,12,0,0,97,561722.4,0,Kromeriz,south Moravia,108871,41,29,7,2,6,62.1,8444,3.24,3.47,106,2595.0,2305,0,0,1.1194256461028573,31652.0,326.30927835051546,6.513119852219972,5.818269283801562,0.0,0.3711340206185567,0.055643432344056866,0.049707126630314964,0.12371134020618557,0.0,0.12371134020618557,0,1,0.0,0.3237484732527164
1858,4799,F,53,50,3,MONTHLY,2,3631.0,0,1,0,0,128474.2,130147.2,85,35970.769411764704,7314.143879921704,0,17,0,32,24,0,12,12,0,12,0,0,85,258621.4,0,Prerov,north Moravia,138032,67,30,4,2,5,64.6,8819,5.38,5.66,99,4063.0,4505,0,0,0.9871453246785179,-1673.0,-19.68235294117647,3.571627799487126,3.6181377859944712,0.0,0.3764705882352941,0.05619901065809871,0.056930838097623525,0.0,0.0,0.1411764705882353,0,0,0.0,0.20333576399757294
1859,4801,M,21,20,1,MONTHLY,3,2264.0,1,1,0,0,41634.8,46163.2,87,17049.23793103448,2699.76745153758,0,0,12,27,36,0,12,12,0,0,0,0,87,87798.0,0,Cheb,west Bohemia,87419,21,11,4,3,9,85.5,8624,1.79,2.66,102,2879.0,3198,0,0,0.9019045473450715,-4528.399999999994,-52.05057471264361,2.4420329030784877,2.707640082608607,0.0,0.4482758620689655,0.058483108873249263,0.06484401153692536,0.0,0.0,0.0,0,0,0.0,0.1583512097407728
1860,4802,M,28,20,3,MONTHLY,1,2153.0,0,1,0,0,40188.9,34891.2,61,28367.749180327868,3011.2760006694257,0,0,12,25,12,0,12,12,0,12,0,0,61,75080.1,0,Plzen - mesto,west Bohemia,170449,0,0,0,1,1,100.0,10787,2.64,3.09,131,6041.0,6261,0,0,1.1518348466088872,5297.700000000004,86.84754098360663,1.416710918604347,1.229960113444458,0.0,0.6065573770491803,0.0863047416159211,0.07492805228979707,0.0,0.0,0.19672131147540983,0,1,0.0,0.10615138978871294
1861,4803,M,54,50,3,MONTHLY,0,0.0,0,0,0,0,191720.6,182575.2,54,35182.142592592594,7966.669814865875,0,12,0,30,0,0,12,12,0,0,0,0,54,374295.8,0,Bruntal,north Moravia,106054,38,25,6,2,6,63.1,8110,5.77,6.55,109,3244.0,3079,0,0,1.0500911405273006,9145.399999999994,169.35925925925915,5.449372490473781,5.189428117389309,0.0,0.5555555555555556,0.043635005273804296,0.041553541011586,0.0,0.0,0.0,0,1,0.0,0.2264407232703108
1862,4809,M,69,60,1,MONTHLY,1,2097.0,0,1,0,0,49427.5,45699.2,53,25249.93396226415,3310.4498668228557,0,0,12,17,12,0,12,12,0,12,12,0,53,95126.7,0,Prachatice,south Bohemia,51428,50,11,3,1,4,52.7,8402,3.13,3.98,120,999.0,1099,0,0,1.0815834850500665,3728.300000000003,70.34528301886797,1.9575298721124996,1.8098740403953981,0.0,0.5471698113207547,0.07243999603544167,0.0669758710600952,0.0,0.0,0.22641509433962265,0,1,0.0,0.13110726831089142
1863,4817,M,30,30,1,MONTHLY,3,4999.0,1,1,0,0,128724.3,130267.2,95,25537.329473684207,5136.797634980287,0,12,0,37,34,12,12,12,0,11,0,0,95,258991.5,0,Pribram,central Bohemia,107870,84,29,6,1,6,58.0,8754,3.83,4.31,137,3804.0,3868,0,0,0.9881558826780649,-1542.8999999999942,-16.241052631578885,5.040632777700904,5.101050214911398,0.0,0.3894736842105263,0.03943277843524914,0.03990542294640784,0.12631578947368421,0.0,0.11578947368421053,0,0,0.0,0.20114858291168117
1864,4819,M,35,30,2,MONTHLY,0,0.0,0,0,0,0,105703.5,120675.2,63,25145.685714285715,4339.889125789674,0,13,0,38,0,0,12,12,0,0,0,0,63,226378.7,0,Uherske Hradiste,south Moravia,145688,22,41,13,2,5,40.7,8544,1.29,1.86,109,2719.0,2906,0,0,0.8759339118559571,-14971.699999999997,-237.6460317460317,4.203643567371397,4.799041925965147,0.0,0.6031746031746031,0.03596338871441418,0.041057194187417385,0.0,0.0,0.0,0,0,0.0,0.17258981024025544
1865,4821,F,60,60,3,MONTHLY,3,7701.0,1,1,0,0,215387.3,186527.2,91,56832.78571428572,12972.049012529224,0,17,0,26,36,12,12,12,0,12,0,0,91,401914.5,0,Jablonec n. Nisou,north Bohemia,88768,10,18,5,1,7,80.5,8867,1.02,1.21,130,3384.0,3620,0,1,1.1547232789641402,28860.099999999977,317.14395604395577,3.7898423822265563,3.282035143195766,0.0,0.2857142857142857,0.06954507981961464,0.06022661973351829,0.13186813186813187,0.0,0.13186813186813187,0,1,0.0,0.2282493960043299
1866,4823,M,17,10,3,MONTHLY,0,0.0,0,0,0,0,100914.1,90475.2,75,44819.12,9064.353622965193,0,29,0,34,0,0,12,12,0,0,0,0,75,191389.3,0,Melnik,central Bohemia,94725,38,28,1,3,6,63.4,9920,2.26,2.87,130,4289.0,4846,0,0,1.1153785788812847,10438.900000000009,139.18533333333346,2.2515859302904655,2.0186741729868856,0.0,0.4533333333333333,0.10018605786961723,0.08982246904015585,0.0,0.0,0.0,0,1,0.0,0.20224300751476584
1867,4824,M,59,50,1,MONTHLY,0,0.0,0,0,0,0,12879.6,12200.0,24,16649.345833333333,2233.711378144331,0,7,0,5,0,0,0,12,0,0,0,0,24,25079.6,0,Brno - mesto,south Moravia,387570,0,0,0,1,1,100.0,9897,1.6,1.96,140,18721.0,18696,0,0,1.0557049180327869,679.6000000000004,28.31666666666668,0.7735799429557167,0.7327615224121669,0.0,0.20833333333333334,0.18309109656920744,0.17343018247028874,0.0,0.0,0.0,0,1,0.0,0.13416211066216552
1868,4832,F,42,40,2,MONTHLY,0,0.0,0,0,0,0,324220.7,339635.2,64,52239.6921875,12452.221688203283,4,12,0,36,0,0,12,12,0,0,0,0,64,663855.9,0,Breclav,south Moravia,124605,11,42,14,1,8,46.0,8772,4.69,4.98,126,2854.0,3158,0,0,0.9546145393645888,-15414.5,-240.8515625,6.206405252854458,6.501477818455992,0.0,0.5625,0.036663519235353936,0.038406621440899,0.0,0.0,0.0,0,0,0.0,0.23836705705518824
1869,4836,M,47,40,3,TRANSACTION,2,7689.0,0,1,1,0,202350.3,197674.0,74,32903.95135135135,5749.544444020354,0,11,12,27,12,0,12,12,0,12,0,0,74,400024.3,0,Opava,north Moravia,182027,17,49,12,2,7,56.4,8746,3.33,3.74,90,4355.0,4433,0,0,1.0236566265669738,4676.299999999988,63.19324324324309,6.1497264519779185,6.007606742704524,0.0,0.527027027027027,0.029085992310674918,0.02841381724672686,0.0,0.0,0.16216216216216217,0,1,0.0,0.17473720352386257
1870,4837,F,32,30,1,TRANSACTION,0,0.0,0,0,0,0,581696.5,577735.1,78,56571.398717948716,33512.54900473751,0,24,0,42,0,0,11,12,2,0,0,0,78,1159431.6,0,Breclav,south Moravia,124605,11,42,14,1,8,46.0,8772,4.69,4.98,126,2854.0,3158,0,0,1.0068567757091442,3961.4000000000233,50.787179487179785,10.28251931510829,10.212494530680551,0.0,0.5384615384615384,0.05800677335466984,0.05761174255773847,0.0,0.0,0.0,0,1,0.02564102564102564,0.592393855626992
1871,4862,F,56,50,3,MONTHLY,0,0.0,0,0,0,0,103667.8,90735.2,62,38174.92419354838,10329.93644845297,0,20,0,30,0,0,12,12,0,0,0,0,62,194403.0,0,Hl.m. Praha,Prague,1204953,0,0,0,1,1,100.0,12541,0.29,0.43,167,85677.0,99107,0,0,1.1425312337439053,12932.600000000006,208.59032258064525,2.7155993676477297,2.3768272476447874,0.0,0.4838709677419355,0.11384706760389542,0.09964459985118783,0.0,0.0,0.0,0,1,0.0,0.27059481234539673
1872,4863,F,25,20,3,MONTHLY,0,0.0,0,0,0,0,407690.3,433518.2,74,37587.23783783784,19982.061533276406,0,3,12,47,0,0,12,12,0,0,0,0,74,841208.5,0,Hl.m. Praha,Prague,1204953,0,0,0,1,1,100.0,12541,0.29,0.43,167,85677.0,99107,0,0,0.9404225704941568,-25827.900000000023,-349.025675675676,10.846508641015156,11.53365410542595,0.0,0.7972972972972973,0.04609278580063399,0.04901284512600964,0.0,0.0,0.0,0,0,0.0,0.5316182481800011
1873,4877,M,42,40,1,WEEKLY,1,2988.0,0,0,1,0,673495.2,621188.0,88,67944.07613636364,29985.45687462122,0,27,0,49,0,0,12,12,0,0,0,0,88,1294683.2,0,Jicin,east Bohemia,77917,85,19,6,1,5,53.5,8390,2.28,2.89,132,2080.0,2122,0,0,1.0842051037689073,52307.19999999995,594.3999999999995,9.912493307706418,9.142636640658367,0.0,0.5568181818181818,0.048271146375366586,0.04452215379504,0.0,0.0,0.0,0,1,0.0,0.4413255515380099
1874,4886,M,20,20,3,MONTHLY,0,0.0,0,0,0,0,265837.6,272595.2,60,41326.51333333333,9823.59015146128,0,12,0,36,0,0,12,12,0,0,0,0,60,538432.8,0,Cheb,west Bohemia,87419,21,11,4,3,9,85.5,8624,1.79,2.66,102,2879.0,3198,0,0,0.9752101284248584,-6757.600000000035,-112.62666666666725,6.432616220386041,6.596133523321671,0.0,0.6,0.03603728220988953,0.03695335103635182,0.0,0.0,0.0,0,0,0.0,0.23770672527405604
1875,4892,M,30,30,3,MONTHLY,1,5652.0,0,0,0,1,6378.8,14800.0,24,19011.600000000002,2936.01377395774,0,3,0,9,0,0,0,12,0,0,0,0,24,21178.8,0,Chomutov,north Bohemia,125236,28,11,1,4,5,87.7,9675,6.43,7.68,100,5323.0,5190,0,0,0.431,-8421.2,-350.8833333333334,0.3355214711018536,0.7784720907235582,0.0,0.375,0.19837930905119863,0.4602768191443124,0.0,0.0,0.0,0,0,0.0,0.15443275547338148
1876,4901,F,49,40,2,MONTHLY,3,17363.5,0,1,1,0,426123.9,412063.2,85,37633.45764705882,14834.005064894905,0,1,12,36,24,0,12,12,0,12,0,0,85,838187.1,0,Olomouc,north Moravia,226122,32,50,7,4,4,62.6,8994,3.8,4.79,110,9672.0,9208,0,0,1.0341226782687705,14060.700000000012,165.42000000000013,11.32300688383075,10.949384557339608,0.0,0.5647058823529412,0.03599934443283192,0.03481148338521943,0.0,0.0,0.1411764705882353,0,1,0.0,0.39417066600719936
1877,4915,M,36,30,3,MONTHLY,0,0.0,0,0,0,0,311209.7,284675.2,56,56332.924999999996,12764.207010318845,5,12,0,27,0,0,12,12,0,0,0,0,56,595884.9,0,Teplice,north Bohemia,128118,9,16,6,3,8,85.3,9317,6.49,7.07,97,6949.0,6872,0,0,1.0932097351648475,26534.5,473.83035714285717,5.52447258863267,5.053442547142724,0.0,0.48214285714285715,0.044837790613017375,0.04101481094682732,0.0,0.0,0.0,0,1,0.0,0.22658519880369865
1878,4916,M,60,60,3,MONTHLY,4,8860.0,1,1,0,1,558173.6,579641.2,125,54362.063200000004,27519.11091292428,0,24,0,41,48,12,12,12,0,12,0,12,125,1137814.8,0,Usti nad Orlici,east Bohemia,139012,59,41,8,3,10,61.9,8363,2.52,3.49,108,2564.0,2799,0,0,0.9629639853067725,-21467.599999999977,-171.7407999999998,10.267704482562758,10.662604873319081,2.1498687863417403e-05,0.328,0.04747611265887291,0.049302064649643554,0.096,0.096,0.096,1,0,0.0,0.506219030202744
1879,4918,M,31,30,1,MONTHLY,1,5746.0,0,0,0,1,159125.4,190150.1,71,13902.85633802817,7835.109542414693,0,15,0,35,9,0,12,12,1,12,0,9,71,349275.5,0,Praha - zapad,central Bohemia,75637,35,36,9,0,7,36.5,9622,0.45,0.59,154,3475.0,3529,0,0,0.8368410008724686,-31024.70000000001,-436.967605633803,11.445518541736483,13.677052785181036,5.655916654412181e-05,0.49295774647887325,0.04120486679951624,0.0492385850556523,0.0,0.1267605633802817,0.16901408450704225,0,0,0.014084507042253521,0.5635611382233372
1880,4919,F,48,40,2,MONTHLY,0,0.0,0,0,0,0,37564.9,43275.2,46,11711.22391304348,4081.5235374488275,0,9,0,25,0,0,12,12,0,0,0,0,46,80840.1,0,Semily,east Bohemia,75685,31,28,5,1,9,60.8,8208,1.89,2.26,155,1660.0,2123,0,0,0.8680468258956632,-5710.299999999996,-124.13695652173904,3.207598136533088,3.6951902142185036,0.0,0.5434782608695652,0.09431553262489434,0.10865258625602164,0.0,0.0,0.0,0,0,0.0,0.3485138332043156
1881,4930,M,18,10,3,MONTHLY,0,0.0,0,0,0,0,69798.4,89025.2,55,23462.80181818182,15324.60107878458,0,15,0,28,0,0,12,12,0,0,0,0,55,158823.6,0,Hl.m. Praha,Prague,1204953,0,0,0,1,1,100.0,12541,0.29,0.43,167,85677.0,99107,0,0,0.7840296904696648,-19226.800000000003,-349.57818181818186,2.974853580611662,3.7943124052223163,0.0,0.509090909090909,0.17213778883714478,0.2195551915056016,0.0,0.0,0.0,0,0,0.0,0.653144547592318
1882,4942,M,40,40,1,MONTHLY,0,0.0,0,0,0,0,658055.1,630956.2,83,69595.14216867469,31512.338742394146,0,24,0,47,0,0,12,12,0,0,0,0,83,1289011.3,0,Louny,north Bohemia,85852,41,23,4,2,4,59.8,8965,7.08,8.23,104,2653.0,2822,0,0,1.0429489400373593,27098.900000000023,326.4927710843376,9.455474613516856,9.066095424746445,0.0,0.5662650602409639,0.04994378174331934,0.047887082316350325,0.0,0.0,0.0,0,1,0.0,0.4527950911576425
1883,4944,M,17,10,1,MONTHLY,0,0.0,0,0,0,0,108506.4,119125.2,79,33489.09240506329,17515.139439044506,0,30,0,37,0,0,12,12,0,0,0,0,79,227631.6,0,Jihlava,south Moravia,109164,98,16,6,1,4,63.6,8757,3.38,3.95,96,2212.0,2471,0,0,0.9108601706439947,-10618.800000000003,-134.41518987341775,3.240051975358839,3.5571343218005276,0.0,0.46835443037974683,0.1470313538952674,0.16142033501290715,0.0,0.0,0.0,0,0,0.0,0.5230102753216552
1884,4949,M,17,10,1,MONTHLY,0,0.0,0,0,0,0,112169.1,92275.2,73,38734.91095890411,12937.631609116548,0,33,0,28,0,0,12,12,0,0,0,0,73,204444.3,0,Brno - mesto,south Moravia,387570,0,0,0,1,1,100.0,9897,1.6,1.96,140,18721.0,18696,0,0,1.2155931387848524,19893.90000000001,272.5191780821919,2.895814065998656,2.3822231087067576,0.0,0.3835616438356164,0.14020702863951037,0.11534042449405894,0.0,0.0,0.0,0,1,0.0,0.3340044236281518
1885,4959,M,20,20,3,MONTHLY,0,0.0,0,0,0,0,48185.200000000004,43325.2,65,33799.97538461538,6794.0610708919585,0,20,0,33,0,0,12,12,0,0,0,0,65,91510.40000000001,0,Vsetin,north Moravia,148545,8,35,12,3,4,53.5,8909,4.01,5.56,113,3460.0,3590,0,0,1.11217490051979,4860.000000000007,74.76923076923089,1.425598671350876,1.2818115843871347,0.0,0.5076923076923077,0.15681545776804168,0.14099891815104965,0.0,0.0,0.0,0,1,0.0,0.2010078703780473
1886,4961,M,17,10,1,MONTHLY,0,0.0,0,0,0,0,67229.0,66125.2,67,23264.449253731345,5915.2123856788785,0,21,0,34,0,0,12,12,0,0,0,0,67,133354.2,0,Brno - mesto,south Moravia,387570,0,0,0,1,1,100.0,9897,1.6,1.96,140,18721.0,18696,0,0,1.016692577111298,1103.800000000003,16.474626865671684,2.8897739751658746,2.842328192634704,0.0,0.5074626865671642,0.08945473716039995,0.0879860236754805,0.0,0.0,0.0,0,1,0.0,0.25425972139573205
1887,4974,F,37,30,2,MONTHLY,3,8190.1,0,1,1,0,428635.3,452047.2,90,58226.68444444444,25297.93171450318,0,15,0,39,24,0,12,12,0,12,0,0,90,880682.5,0,Kolin,central Bohemia,95616,65,30,4,1,6,51.4,9307,3.85,4.43,118,2616.0,3040,0,0,0.9482091693079837,-23411.900000000023,-260.1322222222225,7.36149248561408,7.763574455820333,0.0,0.43333333333333335,0.05596303154737642,0.05901971142951404,0.0,0.0,0.13333333333333333,0,0,0.0,0.434473162191479
1888,4979,M,62,60,3,MONTHLY,2,7103.0,0,1,1,0,186567.69999999998,200648.2,62,32079.637096774193,17061.81642853598,0,13,0,25,12,0,12,12,0,12,0,0,62,387215.9,0,Melnik,central Bohemia,94725,38,28,1,3,6,63.4,9920,2.26,2.87,130,4289.0,4846,0,0,0.9298249373779579,-14080.50000000003,-227.1048387096779,5.815767162115451,6.254690456588003,0.0,0.4032258064516129,0.08503348860610752,0.09145107340947004,0.0,0.0,0.1935483870967742,0,0,0.0,0.5318581496750053
1889,5013,M,19,10,3,MONTHLY,0,0.0,0,0,0,0,100046.2,88625.2,69,39273.12463768116,15747.526583220522,0,26,0,31,0,0,12,12,0,0,0,0,69,188671.4,0,Ostrava - mesto,north Moravia,323870,0,0,0,1,1,100.0,10673,4.75,5.44,100,18782.0,18347,0,0,1.128868538519518,11421.0,165.52173913043478,2.547446909890364,2.2566373523273797,0.0,0.4492753623188406,0.17768678189973644,0.15740254585601976,0.0,0.0,0.0,0,1,0.0,0.4009746290497938
1890,5016,F,53,50,1,MONTHLY,0,0.0,0,0,0,0,146830.3,142175.2,59,33765.91525423729,7091.196305882131,0,12,0,35,0,0,12,12,0,0,0,0,59,289005.5,0,Hl.m. Praha,Prague,1204953,0,0,0,1,1,100.0,12541,0.29,0.43,167,85677.0,99107,0,0,1.0327419971978233,4655.099999999977,78.89999999999961,4.348476826244899,4.210612948871819,0.0,0.5932203389830508,0.04987646443178649,0.04829518366360439,0.0,0.0,0.0,0,1,0.0,0.2100104869804249
1891,5028,M,23,20,3,MONTHLY,2,16947.8,0,1,1,0,152875.1,178871.2,49,18840.044897959182,9563.390771693312,0,12,0,14,11,0,12,12,0,11,0,0,49,331746.3,0,Plzen - sever,west Bohemia,72541,66,26,10,0,8,36.9,8594,1.62,2.01,112,1580.0,1525,0,0,0.8546658154023677,-25996.100000000006,-530.5326530612247,8.114370259094231,9.494202427265762,0.0,0.2857142857142857,0.05346523516191154,0.06255688972038816,0.0,0.0,0.22448979591836735,0,0,0.0,0.5076097654485553
1892,5030,M,19,10,3,MONTHLY,0,0.0,0,0,0,0,26499.3,26775.2,36,15782.18611111111,4359.356406833651,0,5,0,19,0,0,12,12,0,0,0,0,36,53274.5,0,Hl.m. Praha,Prague,1204953,0,0,0,1,1,100.0,12541,0.29,0.43,167,85677.0,99107,0,0,0.9896956885476111,-275.90000000000146,-7.66388888888893,1.6790639657546387,1.6965457010514846,0.0,0.5277777777777778,0.16281321546930186,0.16450836085608492,0.0,0.0,0.0,0,0,0.0,0.2762200607788131
1893,5050,M,48,40,1,MONTHLY,4,12006.0,1,1,0,1,165721.1,174291.6,96,34797.56145833333,4935.4619130356205,0,19,0,33,32,10,11,12,0,11,0,0,96,340012.7,0,Uherske Hradiste,south Moravia,145688,22,41,13,2,5,40.7,8544,1.29,1.86,109,2719.0,2906,1,0,0.9508266606078549,-8570.5,-89.27604166666667,4.762434292944199,5.00873028728456,0.0,0.34375,0.02831726780312775,0.029781735174553032,0.10416666666666667,0.0,0.11458333333333333,0,0,0.0,0.14183355689867386
1894,5056,F,42,40,2,MONTHLY,0,0.0,0,0,0,0,612574.5,610262.2,80,62260.49125,27656.46840929766,0,23,0,45,0,0,12,12,0,0,0,0,80,1222836.7,0,Bruntal,north Moravia,106054,38,25,6,2,6,63.1,8110,5.77,6.55,109,3244.0,3079,0,0,1.0037890270772138,2312.3000000000466,28.90375000000058,9.838896027020988,9.801756904704796,0.0,0.5625,0.04531899306445272,0.04514792634903617,0.0,0.0,0.0,0,1,0.0,0.4442057531837682
1895,5093,F,50,50,3,MONTHLY,0,0.0,0,0,0,0,290758.8,315075.2,59,62278.34406779661,12754.725751350457,0,12,0,35,0,0,12,12,0,0,0,0,59,605834.0,0,Brno - venkov,south Moravia,157042,49,70,18,0,9,33.9,8743,1.88,2.43,111,3659.0,3894,0,0,0.9228235037222859,-24316.400000000023,-412.1423728813563,4.668698314834416,5.059145433555638,0.0,0.5932203389830508,0.04048152869965791,0.043867032575971764,0.0,0.0,0.0,0,0,0.0,0.2048019410642258
1896,5107,F,52,50,3,MONTHLY,1,1960.5,0,0,1,0,412280.6,389513.2,55,51878.27636363637,26767.121624637468,0,13,0,30,0,0,12,12,0,0,0,0,55,801793.8,0,Pisek,south Bohemia,70699,60,13,2,1,4,65.3,8968,2.83,3.35,131,1740.0,1910,0,0,1.0584509074403639,22767.399999999965,413.95272727272663,7.947075903411944,7.5082139828574945,0.0,0.5454545454545454,0.06871942112523392,0.06492452379432229,0.0,0.0,0.0,0,1,0.0,0.515960118586354
1897,5111,M,40,40,3,MONTHLY,0,0.0,0,0,0,0,370570.5,378443.2,69,31629.134782608693,15080.95544854918,0,2,12,43,0,0,12,12,0,0,0,0,69,749013.7,0,Svitavy,east Bohemia,102609,75,33,2,3,6,52.0,8187,4.83,5.45,94,2123.0,2134,0,0,0.9791971423981194,-7872.700000000012,-114.09710144927553,11.71611245603084,11.965019043394362,0.0,0.7971014492753623,0.039849983956771265,0.040696589309049645,0.0,0.0,0.0,0,0,0.0,0.476805816921728
1898,5117,M,24,20,2,MONTHLY,2,6197.0,0,1,1,0,200725.5,180883.2,64,54657.0140625,8144.460107431623,3,12,0,25,12,0,12,12,0,12,0,0,64,381608.7,0,Usti nad Orlici,east Bohemia,139012,59,41,8,3,10,61.9,8363,2.52,3.49,108,2564.0,2799,0,0,1.1096967545908076,19842.29999999999,310.0359374999998,3.672456379897948,3.309423375985396,0.0,0.390625,0.04502607266695648,0.0405751143099986,0.0,0.0,0.1875,0,1,0.0,0.1490103374128429
1899,5127,F,24,20,3,MONTHLY,0,0.0,0,0,0,0,87753.09999999999,77875.2,57,24678.22456140351,12704.607715415705,0,16,0,29,0,0,12,12,0,0,0,0,57,165628.3,0,Karvina,north Moravia,285387,0,2,8,5,7,89.9,10177,6.63,7.75,81,9878.0,10108,0,0,1.1268426918967784,9877.899999999994,173.29649122807007,3.5558919476421713,3.1556240930636483,0.0,0.5087719298245614,0.1631406110727896,0.1447767396868681,0.0,0.0,0.0,0,1,0.0,0.514810442858421
1900,5128,M,36,30,3,WEEKLY,0,0.0,0,0,0,0,453329.1,466820.0,68,66700.40735294118,21839.89043165422,0,1,12,43,0,0,12,12,0,0,0,0,68,920149.1,0,Karvina,north Moravia,285387,0,2,8,5,7,89.9,10177,6.63,7.75,81,9878.0,10108,0,0,0.9711004241463519,-13490.900000000023,-198.39558823529447,6.7964967230445295,6.998757856602736,0.0,0.8088235294117647,0.046784393195780434,0.04817667877851702,0.0,0.0,0.0,0,0,0.0,0.3274326394453599
1901,5132,M,32,30,1,MONTHLY,0,0.0,0,0,0,0,682024.6,697262.2,75,75060.844,25663.04635733478,0,24,0,39,0,0,12,12,0,0,0,0,75,1379286.8,0,Trutnov,east Bohemia,121947,37,28,7,3,11,70.5,8541,2.51,2.97,131,3496.0,3839,0,1,0.9781465279488836,-15237.599999999977,-203.1679999999997,9.086290050242441,9.289293363128184,0.0,0.52,0.03680544615402181,0.03762774298366185,0.0,0.0,0.0,0,0,0.0,0.34189658668552647
1902,5133,F,40,40,2,MONTHLY,3,15089.0,0,1,0,1,575968.6,583286.2,102,49205.285294117646,19412.25164393367,0,0,12,46,32,0,12,12,0,12,0,8,102,1159254.8,0,Zdar nad Sazavou,south Moravia,125832,151,41,2,3,5,48.3,8512,3.51,4.12,102,2247.0,2103,0,0,0.9874545291831008,-7317.599999999977,-71.741176470588,11.705421410672228,11.854137142249842,1.388964606751132e-05,0.5686274509803921,0.033280834766764016,0.033703663088462926,0.0,0.0784313725490196,0.11764705882352941,1,0,0.0,0.3945155795337772
1903,5134,F,32,30,3,MONTHLY,2,16081.5,0,1,0,1,319229.7,328353.2,73,27778.749315068493,10392.597034108827,0,0,12,25,24,0,12,12,0,12,0,12,73,647582.9,0,Breclav,south Moravia,124605,11,42,14,1,8,46.0,8772,4.69,4.98,126,2854.0,3158,0,0,0.972214371597414,-9123.5,-124.97945205479452,11.49186726800673,11.820301780897164,3.759048735127089e-05,0.5068493150684932,0.03165066469310738,0.0325552322797936,0.0,0.1643835616438356,0.1643835616438356,0,0,0.0,0.3741204082385162
1904,5137,M,20,20,1,MONTHLY,0,0.0,0,0,0,0,78775.8,54800.0,26,31565.476923076923,14290.136310429167,0,6,0,8,0,0,0,12,0,0,0,0,26,133575.8,0,Kolin,central Bohemia,95616,65,30,4,1,6,51.4,9307,3.85,4.43,118,2616.0,3040,0,0,1.437514598540146,23975.800000000003,922.146153846154,2.4956315468311048,1.736073880129996,0.0,0.3076923076923077,0.26076891077425485,0.1814026174336429,0.0,0.0,0.0,0,1,0.0,0.45271409474513336
1905,5138,F,25,20,3,MONTHLY,0,0.0,0,0,0,0,282215.3,286075.2,60,57680.03666666667,9847.745939062792,10,12,0,26,0,0,12,12,0,0,0,0,60,568290.5,0,Plzen - sever,west Bohemia,72541,66,26,10,0,8,36.9,8594,1.62,2.01,112,1580.0,1525,0,0,0.9865073938600759,-3859.9000000000233,-64.33166666666706,4.892772548514908,4.95969171540633,0.0,0.43333333333333335,0.03442362686126862,0.03489444384858933,0.0,0.0,0.0,0,0,0.0,0.17073057695807276
1906,5145,F,49,40,1,MONTHLY,0,0.0,0,0,0,0,476552.1,426003.0,63,52322.93492063492,26058.232721535984,0,20,0,31,0,0,10,12,0,0,0,0,63,902555.1,0,Plzen - mesto,west Bohemia,170449,0,0,0,1,1,100.0,10787,2.64,3.09,131,6041.0,6261,0,0,1.1186590235280032,50549.09999999998,802.3666666666663,9.107900784289896,8.14180245519818,0.0,0.49206349206349204,0.06116912961067406,0.05468076359654272,0.0,0.0,0.0,0,1,0.0,0.4980269696465218
1907,5152,F,24,20,2,MONTHLY,1,2895.2,0,0,1,0,545705.3,520875.2,77,60174.331168831166,30386.677802084585,0,18,0,47,0,0,12,12,0,0,0,0,77,1066580.5,0,Hradec Kralove,east Bohemia,161854,73,21,6,1,6,76.3,9425,1.72,2.5,125,4085.0,3891,0,0,1.0476699600979276,24830.100000000035,322.4688311688316,9.068738935691936,8.656102857854458,0.0,0.6103896103896104,0.05833773195975655,0.05568331075781119,0.0,0.0,0.0,0,1,0.0,0.504977408337596
1908,5159,M,35,30,2,MONTHLY,0,0.0,0,0,0,0,278504.5,265335.2,61,55053.580327868855,11501.327947847585,4,12,0,33,0,0,12,12,0,0,0,0,61,543839.7,0,Most,north Bohemia,119895,17,4,3,2,4,89.9,10446,7.34,9.4,90,4947.0,4743,0,0,1.0496326910262943,13169.299999999988,215.89016393442603,5.058789970450247,4.819581186542446,0.0,0.5409836065573771,0.04334640842167788,0.04129674008085178,0.0,0.0,0.0,0,1,0.0,0.20891153453330374
1909,5164,M,28,20,3,MONTHLY,0,0.0,0,0,0,0,88706.8,95835.2,64,32680.00625,6425.651923911059,0,14,0,38,0,0,12,12,0,0,0,0,64,184542.0,0,Hl.m. Praha,Prague,1204953,0,0,0,1,1,100.0,12541,0.29,0.43,167,85677.0,99107,0,0,0.9256181444813597,-7128.399999999994,-111.38124999999991,2.714405845623117,2.932533098888254,0.0,0.59375,0.06704897494773382,0.07243697127966581,0.0,0.0,0.0,0,0,0.0,0.19662333828075873
1910,5175,F,50,50,3,MONTHLY,0,0.0,0,0,0,0,246747.9,228175.19999999998,62,62389.50806451613,11177.321174069151,0,12,0,38,0,0,12,12,0,0,0,0,62,474923.1,0,Vyskov,south Moravia,86513,38,36,5,1,5,50.5,8288,3.79,4.52,110,1562.0,1460,0,0,1.081396663616379,18572.70000000001,299.559677419355,3.9549582558792,3.6572687792961465,0.0,0.6129032258064516,0.0489856968420282,0.04529854630604415,0.0,0.0,0.0,0,1,0.0,0.17915385969241557
1911,5200,F,39,30,3,WEEKLY,2,18005.6,0,1,1,0,603102.3,591756.0,71,76964.2056338028,21319.7534298251,1,0,12,34,12,0,12,12,0,12,0,0,71,1194858.3,0,Decin,north Bohemia,133777,24,17,7,3,11,84.7,8705,5.75,7.61,116,4650.0,4859,0,0,1.0191739500740171,11346.300000000047,159.8070422535218,7.836140125574381,7.688717048748435,0.0,0.647887323943662,0.036027946366112215,0.03535014446110569,0.0,0.0,0.16901408450704225,0,1,0.0,0.27700868545652124
1912,5204,M,36,30,3,MONTHLY,0,0.0,0,0,0,0,194216.7,231955.19999999998,57,57318.61228070175,16477.993759048444,0,12,0,33,0,0,12,12,0,0,0,0,57,426171.9,0,Pardubice,east Bohemia,162580,83,26,5,1,6,72.8,9538,1.51,1.81,111,6079.0,5410,0,1,0.8373026343017963,-37738.49999999997,-662.0789473684206,3.388370588053989,4.046769291344053,0.0,0.5789473684210527,0.0710395531509897,0.08484334127316777,0.0,0.0,0.0,0,0,0.0,0.2874806821622288
1913,5212,F,53,50,2,MONTHLY,0,0.0,0,0,0,0,92512.0,86275.2,64,29563.2296875,6277.234142333396,0,16,0,36,0,0,12,12,0,0,0,0,64,178787.2,0,Olomouc,north Moravia,226122,32,50,7,4,4,62.6,8994,3.8,4.79,110,9672.0,9208,0,0,1.0722896035013538,6236.800000000003,97.45000000000005,3.129292738916011,2.9183279672748035,0.0,0.5625,0.07275826821999133,0.06785318815216833,0.0,0.0,0.0,0,1,0.0,0.21233248899688226
1914,5213,M,19,10,2,MONTHLY,0,0.0,0,0,0,0,107524.8,110675.2,74,23700.854054054053,12186.650985628961,0,26,0,36,0,0,12,12,0,0,0,0,74,218200.0,0,Hl.m. Praha,Prague,1204953,0,0,0,1,1,100.0,12541,0.29,0.43,167,85677.0,99107,0,0,0.9715347250332504,-3150.399999999994,-42.57297297297289,4.536747905994037,4.669671386000915,0.0,0.4864864864864865,0.11011184967932257,0.11333804839096619,0.0,0.0,0.0,0,0,0.0,0.5141861537071667
1915,5214,M,23,20,1,MONTHLY,3,10535.6,0,1,1,0,312650.1,312561.0,68,38054.80147058824,23588.94294516599,0,11,0,27,18,0,10,12,0,9,0,0,68,625211.1,0,Pardubice,east Bohemia,162580,83,26,5,1,6,72.8,9538,1.51,1.81,111,6079.0,5410,0,0,1.0002850643554377,89.09999999997672,1.3102941176467164,8.215785864541711,8.213444504278176,0.0,0.39705882352941174,0.07546988570284197,0.07544837805958159,0.0,0.0,0.1323529411764706,0,1,0.0,0.6198677179645095
1916,5224,M,50,50,3,MONTHLY,1,2142.0,0,0,0,1,573892.0,595779.2,86,72254.11279069768,22790.240074113233,0,22,0,41,11,0,12,12,0,0,0,11,86,1169671.2,0,Rokycany,west Bohemia,45714,52,10,5,1,6,55.6,8843,2.82,3.6,113,818.0,888,0,0,0.9632629000811039,-21887.199999999953,-254.5023255813948,7.942689735356981,8.245609516039941,1.916736947021391e-05,0.47674418604651164,0.03825282936046313,0.03971172289230941,0.0,0.12790697674418605,0.0,0,0,0.0,0.31541789379008683
1917,5233,M,32,30,3,MONTHLY,0,0.0,0,0,0,0,205640.1,196075.2,63,57608.39047619048,9884.144979301109,7,12,0,32,0,0,12,12,0,0,0,0,63,401715.3,0,Tachov,west Bohemia,51313,34,12,3,1,4,59.2,8930,3.52,4.2,108,1328.0,1452,0,0,1.0487817939239639,9564.899999999994,151.82380952380944,3.5696206455375794,3.4035875395796347,0.0,0.5079365079365079,0.050409970150743735,0.04806526051728777,0.0,0.0,0.0,0,1,0.0,0.1715747462756527
1918,5237,M,22,20,3,MONTHLY,0,0.0,0,0,0,0,91901.59999999999,47425.2,61,22277.596721311475,15326.221672012176,0,21,0,28,0,0,12,12,0,0,0,0,61,139326.8,0,Hl.m. Praha,Prague,1204953,0,0,0,1,1,100.0,12541,0.29,0.43,167,85677.0,99107,0,0,1.9378220861482924,44476.399999999994,729.1213114754097,4.125292380038639,2.1288292715448747,0.0,0.45901639344262296,0.3231662000795395,0.16676773496883818,0.0,0.0,0.0,0,1,0.0,0.6879656663032513
1919,5241,M,21,20,3,MONTHLY,0,0.0,0,0,0,0,231943.5,216635.2,63,75112.91587301588,12329.565867539779,0,12,0,39,0,0,12,12,0,0,0,0,63,448578.7,0,Vyskov,south Moravia,86513,38,36,5,1,5,50.5,8288,3.79,4.52,110,1562.0,1460,0,0,1.0706639548882175,15308.299999999988,242.9888888888887,3.087930981032852,2.8841271501992862,0.0,0.6190476190476191,0.05691395427677394,0.05315762617852959,0.0,0.0,0.0,0,1,0.0,0.1641470807548445
1920,5243,M,29,20,3,MONTHLY,2,4216.0,0,1,1,0,318153.0,315795.2,66,51179.14848484848,10080.878851678977,1,12,0,29,12,0,12,12,0,12,0,0,66,633948.2,0,Benesov,central Bohemia,88884,80,26,6,2,5,46.7,8507,1.67,1.85,132,2159.0,2674,0,0,1.0074662312790061,2357.7999999999884,35.72424242424225,6.216457471819578,6.170387928464475,0.0,0.4393939393939394,0.03192220417434773,0.03168563191822481,0.0,0.0,0.18181818181818182,0,1,0.0,0.19697238328737351
1921,5246,M,17,10,3,MONTHLY,0,0.0,0,0,0,0,91790.2,91675.2,70,23612.691428571427,9629.046708075639,0,26,0,32,0,0,12,12,0,0,0,0,70,183465.4,0,Tachov,west Bohemia,51313,34,12,3,1,4,59.2,8930,3.52,4.2,108,1328.0,1452,0,0,1.0012544286786393,115.0,1.6428571428571428,3.8873247582837416,3.8824544960204213,0.0,0.45714285714285713,0.10503436816146176,0.10490277511189254,0.0,0.0,0.0,0,1,0.0,0.4077911549051314
1922,5247,M,56,50,2,MONTHLY,1,1003.0,0,0,1,0,86270.1,98875.2,63,12791.677777777777,4460.258527312733,0,12,0,39,0,0,12,12,0,0,0,0,63,185145.3,0,Pardubice,east Bohemia,162580,83,26,5,1,6,72.8,9538,1.51,1.81,111,6079.0,5410,0,0,0.8725150492742367,-12605.099999999991,-200.08095238095225,6.744236487091,7.729650614852886,0.0,0.6190476190476191,0.04510998235465247,0.05170109374293913,0.0,0.0,0.0,0,0,0.0,0.34868440284364227
1923,5263,F,37,30,1,MONTHLY,0,0.0,0,0,0,0,155509.4,134496.2,57,43272.94210526316,9547.299264637759,0,1,12,32,0,0,12,12,0,0,0,0,57,290005.6,0,Hl.m. Praha,Prague,1204953,0,0,0,1,1,100.0,12541,0.29,0.43,167,85677.0,99107,0,0,1.1562363843736847,21013.199999999983,368.6526315789471,3.593686780568725,3.1080900317069413,0.0,0.7719298245614035,0.070985643197635,0.06139371166397503,0.0,0.0,0.0,0,1,0.0,0.22062977001687503
1924,5275,M,49,40,3,MONTHLY,1,4788.3,0,0,1,0,185916.8,233879.19999999998,51,42726.59411764706,17574.06590555995,3,8,0,28,0,0,12,12,0,0,0,0,51,419796.0,0,Plzen - sever,west Bohemia,72541,66,26,10,0,8,36.9,8594,1.62,2.01,112,1580.0,1525,0,0,0.794926611686717,-47962.399999999994,-940.4392156862745,4.35131336441376,5.473855448342477,0.0,0.5490196078431373,0.07514163681746795,0.09452650812384869,0.0,0.0,0.0,0,0,0.0,0.41131445809066863
1925,5283,M,17,10,3,MONTHLY,0,0.0,0,0,0,0,90499.0,90575.2,64,36815.3015625,10476.627191803158,0,19,0,33,0,0,12,12,0,0,0,0,64,181074.2,0,Cheb,west Bohemia,87419,21,11,4,3,9,85.5,8624,1.79,2.66,102,2879.0,3198,0,0,0.9991587101104938,-76.19999999999709,-1.1906249999999545,2.458189833006342,2.46025962455404,0.0,0.515625,0.11566772352479661,0.11576511554606303,0.0,0.0,0.0,0,0,0.0,0.2845726300521366
1926,5312,M,52,50,2,WEEKLY,2,8935.9,0,1,1,0,441268.1,466878.0,80,51257.07124999999,24742.162457508035,0,18,0,38,12,0,12,12,0,12,0,0,80,908146.1,0,Novy Jicin,north Moravia,161227,5,35,11,4,10,69.7,8678,5.93,5.57,102,4980.0,4595,0,0,0.9451464836638265,-25609.900000000023,-320.1237500000003,8.608921447106678,9.108557875319496,0.0,0.475,0.05299492042355398,0.056070589416067095,0.0,0.0,0.15,0,0,0.0,0.48270729977589266
1927,5318,M,31,30,2,WEEKLY,2,12412.0,0,1,0,1,437279.4,466681.0,80,42560.28375,15198.419559245182,0,0,12,32,24,0,12,12,0,12,0,12,80,903960.4,0,Ostrava - mesto,north Moravia,323870,0,0,0,1,1,100.0,10673,4.75,5.44,100,18782.0,18347,0,0,0.936998506474444,-29401.599999999977,-367.5199999999997,10.274353492767773,10.965175954683337,2.744240867509423e-05,0.55,0.032567041639246466,0.03475677006336265,0.0,0.15,0.15,0,0,0.0,0.3571033418978364
1928,5320,F,48,40,3,MONTHLY,3,11276.0,0,1,0,1,177992.0,173787.2,96,34871.941666666666,7666.363966117345,0,23,0,25,36,0,12,12,0,12,0,12,96,351779.2,0,Karlovy Vary,west Bohemia,122603,25,21,6,2,8,80.0,8991,1.39,2.01,128,5198.0,5273,0,0,1.0241951075798448,4204.799999999988,43.799999999999876,5.104160866675763,4.983582550727866,6.741876039372556e-05,0.2604166666666667,0.044113513343430034,0.043071396276896406,0.0,0.125,0.125,0,1,0.0,0.2198433353496188
1929,5322,F,43,40,1,MONTHLY,5,14653.0,1,1,0,1,319408.2,329471.2,120,42215.92083333333,11807.58605183884,0,13,0,47,48,12,12,12,0,12,0,0,120,648879.4,0,Opava,north Moravia,182027,17,49,12,2,7,56.4,8746,3.33,3.74,90,4355.0,4433,1,0,0.9694571179514325,-10063.0,-83.85833333333333,7.566060237345291,7.804430022993893,0.0,0.39166666666666666,0.035837991459765954,0.036967072391500405,0.1,0.0,0.1,1,0,0.0,0.2796950965123961
1930,5323,F,23,20,2,MONTHLY,0,0.0,0,0,0,0,138029.2,121775.2,77,52221.506493506495,14962.193881178777,13,33,0,19,0,0,12,12,0,0,0,0,77,259804.4,0,Ceske Budejovice,south Bohemia,177686,69,27,10,1,9,74.8,10045,1.42,1.71,135,6604.0,6295,0,0,1.13347545313003,16254.000000000015,211.0909090909093,2.6431485659488456,2.3318974916041952,0.0,0.24675324675324675,0.12286733161742931,0.10839875824230508,0.0,0.0,0.0,0,1,0.0,0.28651402239878426
1931,5325,F,29,20,2,MONTHLY,5,9359.0,1,1,1,0,178462.7,183431.2,103,16207.031067961165,5196.3399239749415,0,13,0,30,48,12,12,12,0,12,0,0,103,361893.9,0,Zdar nad Sazavou,south Moravia,125832,151,41,2,3,5,48.3,8512,3.51,4.12,102,2247.0,2103,0,0,0.9729135501485026,-4968.5,-48.237864077669904,11.011436903628427,11.318001380438863,0.0,0.2912621359223301,0.028328550017526686,0.029117232474768908,0.11650485436893204,0.0,0.11650485436893204,1,0,0.0,0.32062256820419843
1932,5333,F,32,30,1,MONTHLY,3,7343.0,0,1,0,1,186760.3,202929.2,91,30557.228571428568,14462.459324220417,0,15,0,28,36,0,12,12,0,12,0,12,91,389689.5,0,Most,north Bohemia,119895,17,4,3,2,4,89.9,10446,7.34,9.4,90,4947.0,4743,0,0,0.9203224572905229,-16168.900000000023,-177.68021978022003,6.111820630704169,6.640955658843408,6.425348427904647e-05,0.3076923076923077,0.07126849819651591,0.07743861690209546,0.0,0.13186813186813187,0.13186813186813187,0,0,0.0,0.4732909363954235
1933,5337,M,38,30,3,MONTHLY,2,12323.0,0,1,0,1,148639.5,146875.2,73,18402.438356164384,4467.895906931477,0,20,0,29,12,0,12,12,0,12,0,0,73,295514.7,0,Ceska Lipa,north Bohemia,105058,32,19,7,2,10,81.0,9272,2.8,3.22,118,4340.0,4505,0,0,1.0120122389620576,1764.2999999999884,24.16849315068477,8.077163315165203,7.981290150650078,0.0,0.3972602739726027,0.030419675390613778,0.030058604253455353,0.0,0.0,0.1643835616438356,0,1,0.0,0.2427882555810783
1934,5347,M,50,50,2,MONTHLY,2,6809.0,0,1,1,0,853907.2,821757.2,105,74784.76857142858,25519.914879761116,0,31,0,50,12,0,12,12,0,12,0,0,105,1675664.4,0,Usti nad Labem,north Bohemia,118650,8,8,5,1,3,85.6,9832,3.32,4.48,114,6445.0,5471,0,0,1.0391234783218206,32150.0,306.1904761904762,11.418196730587118,10.988296356297761,0.0,0.47619047619047616,0.03105529818267624,0.02988605187983087,0.0,0.0,0.11428571428571428,1,1,0.0,0.34124481986444183
1935,5352,F,23,20,3,MONTHLY,0,0.0,0,0,0,0,64925.8,53525.2,68,23806.90882352941,6432.376522861615,0,26,0,30,0,0,12,12,0,0,0,0,68,118451.0,0,Teplice,north Bohemia,128118,9,16,6,3,8,85.3,9317,6.49,7.07,97,6949.0,6872,0,0,1.2129950004857526,11400.600000000006,167.65588235294126,2.7271831249183847,2.248305330051867,0.0,0.4411764705882353,0.12017473120813402,0.09907273414977735,0.0,0.0,0.0,0,1,0.0,0.2701894887127982
1936,5354,F,32,30,1,MONTHLY,0,0.0,0,0,0,0,73732.0,49376.8,48,26037.925,5962.5238316665445,0,16,0,20,0,0,8,12,0,0,0,0,48,123108.8,0,Sokolov,west Bohemia,94812,15,13,8,2,10,81.8,9650,3.38,3.67,100,2985.0,2804,0,0,1.4932518915766109,24355.199999999997,507.3999999999999,2.831715660906159,1.8963415863591282,0.0,0.4166666666666667,0.12075557410902578,0.08086751792527729,0.0,0.0,0.0,0,1,0.0,0.22899381696761723
1937,5366,F,28,20,3,MONTHLY,1,5353.5,0,0,0,1,476251.3,473008.2,83,73144.91686746987,22508.801184300028,0,18,0,41,12,0,12,12,0,0,0,12,83,949259.5,0,Prostejov,south Moravia,110643,49,41,4,1,4,51.9,8441,3.45,4.48,115,1879.0,2252,0,1,1.0068563293405908,3243.0999999999767,39.07349397590333,6.511064888663586,6.466726879422614,2.5196781615084305e-05,0.4939759036144578,0.047586492547697964,0.047262445654846566,0.0,0.14457831325301204,0.0,0,1,0.0,0.30772885045564236
1938,5384,M,64,60,1,WEEKLY,1,2770.3,0,0,0,1,210483.6,187436.5,48,36455.666666666664,13712.679091750573,0,10,0,22,5,0,6,11,0,0,0,5,48,397920.1,0,Opava,north Moravia,182027,17,49,12,2,7,56.4,8746,3.33,3.74,90,4355.0,4433,0,0,1.122959508953699,23047.100000000006,480.1479166666668,5.773686761088811,5.141491491949126,2.375481985294816e-05,0.4583333333333333,0.0731590650260252,0.06514844430516474,0.0,0.10416666666666667,0.0,0,1,0.0,0.37614671039026143
1939,5385,M,25,20,3,MONTHLY,0,0.0,0,0,0,0,96147.4,95975.2,57,34201.60526315789,4200.176143135505,0,12,0,33,0,0,12,12,0,0,0,0,57,192122.6,0,Bruntal,north Moravia,106054,38,25,6,2,6,63.1,8110,5.77,6.55,109,3244.0,3079,0,0,1.0017942135051554,172.1999999999971,3.0210526315788964,2.8111955348356226,2.8061606834397588,0.0,0.5789473684210527,0.04376314030223959,0.04368476051495418,0.0,0.0,0.0,0,1,0.0,0.1228064037000027
1940,5392,F,44,40,3,MONTHLY,0,0.0,0,0,0,0,529631.0,532040.2,68,51534.111764705885,19820.48801883885,0,0,12,44,0,0,12,12,0,0,0,0,68,1061671.2,0,Jindrichuv Hradec,south Bohemia,93931,74,21,10,1,8,56.9,8427,1.12,1.54,107,1874.0,1913,0,0,0.9954717707421358,-2409.1999999999534,-35.4294117647052,10.27728977687994,10.324039394123753,0.0,0.8235294117647058,0.03725374138803581,0.037423202227284375,0.0,0.0,0.0,0,0,0.0,0.38460909366858026
1941,5395,M,37,30,1,MONTHLY,3,10619.0,0,1,0,1,320467.6,294828.0,81,56490.048148148155,11533.226156133755,0,12,0,38,19,0,10,12,0,9,0,0,81,615295.6,0,Jicin,east Bohemia,77917,85,19,6,1,5,53.5,8390,2.28,2.89,132,2080.0,2122,1,0,1.0869646030906155,25639.599999999977,316.53827160493796,5.6729921553537475,5.219113979630499,0.0,0.4691358024691358,0.03911848995391806,0.035988743186936074,0.0,0.0,0.1111111111111111,0,1,0.0,0.20416385778052898
1942,5399,F,27,20,2,MONTHLY,4,7843.0,1,1,0,1,193141.3,200974.2,109,28218.735779816514,7535.548251989352,0,14,0,44,39,12,12,12,0,12,0,3,109,394115.5,0,Karlovy Vary,west Bohemia,122603,25,21,6,2,8,80.0,8991,1.39,2.01,128,5198.0,5273,0,0,0.9610253455418655,-7832.900000000023,-71.86146788990847,6.8444348998137805,7.12201289129852,1.5532669605102587e-05,0.4036697247706422,0.037495102615108564,0.03901572709715298,0.11009174311926606,0.027522935779816515,0.11009174311926606,1,0,0.0,0.26704060418536407
1943,5402,F,31,30,3,MONTHLY,1,707.0,0,0,1,0,318852.3,297975.2,61,67667.12295081967,13164.264252201785,0,12,0,37,0,0,12,12,0,0,0,0,61,616827.5,0,Karvina,north Moravia,285387,0,2,8,5,7,89.9,10177,6.63,7.75,81,9878.0,10108,0,0,1.0700632133143966,20877.099999999977,342.2475409836062,4.712071181624512,4.403544690625724,0.0,0.6065573770491803,0.04417906004325791,0.04128640204948117,0.0,0.0,0.0,0,1,0.0,0.19454446529032343
1944,5409,M,51,50,3,MONTHLY,0,0.0,0,0,0,0,188532.5,190895.19999999998,57,43003.14210526316,12729.911719491718,0,10,0,35,0,0,12,12,0,0,0,0,57,379427.7,0,Brno - mesto,south Moravia,387570,0,0,0,1,1,100.0,9897,1.6,1.96,140,18721.0,18696,0,0,0.987623051810627,-2362.6999999999825,-41.45087719298215,4.384156384166297,4.439098881024238,0.0,0.6140350877192983,0.06668534211175409,0.06752104660730494,0.0,0.0,0.0,0,0,0.0,0.29602282754900605
1945,5433,M,24,20,1,MONTHLY,1,2819.8,0,0,0,1,639203.6,645932.8,87,65793.37931034483,26134.763689946285,2,26,0,35,12,0,12,12,0,0,0,12,87,1285136.4,0,Svitavy,east Bohemia,102609,75,33,2,3,6,52.0,8187,4.83,5.45,94,2123.0,2134,0,0,0.9895821980243145,-6729.20000000007,-77.34712643678242,9.715317965123836,9.817595733351224,1.877336110122033e-05,0.40229885057471265,0.040460499435771465,0.040886446337201926,0.0,0.13793103448275862,0.0,0,0,0.0,0.39722482662988956
1946,5441,M,42,40,3,MONTHLY,2,4746.0,0,1,1,0,94833.2,89951.2,71,18449.061971830986,5179.827001285611,0,18,0,29,12,0,12,12,0,12,0,0,71,184784.4,0,Decin,north Bohemia,133777,24,17,7,3,11,84.7,8705,5.75,7.61,116,4650.0,4859,0,0,1.054273872944441,4882.0,68.7605633802817,5.140272179951284,4.875651680141911,0.0,0.4084507042253521,0.05758485713682098,0.0546203966678928,0.0,0.0,0.16901408450704225,0,1,0.0,0.28076370544987317
1947,5445,M,47,40,3,MONTHLY,0,0.0,0,0,0,0,643582.7,690644.2,68,73009.87794117647,22655.493765628493,0,0,12,44,0,0,12,12,0,0,0,0,68,1334226.9,0,Jesenik,north Moravia,42821,4,13,5,1,3,48.4,8173,0.0,7.01,124,0.0,1358,0,0,0.9318585459777987,-47061.5,-692.0808823529412,8.815008573477275,9.459599433332118,0.0,0.8235294117647058,0.03280342289941549,0.035202148481661324,0.0,0.0,0.0,0,0,0.0,0.3103072406706646
1948,5450,M,59,50,2,MONTHLY,0,0.0,0,0,0,0,15495.6,3300.0,24,46659.637500000004,3744.614000518667,0,8,0,4,0,0,0,12,0,0,0,0,24,18795.6,0,Mlada Boleslav,central Bohemia,112065,95,19,7,1,8,69.4,11277,1.25,1.44,127,5179.0,4987,0,0,4.695636363636364,12195.6,508.15000000000003,0.33209859377925943,0.07072493865817109,0.0,0.16666666666666666,1.134731515308687,0.24165659932617434,0.0,0.0,0.0,0,1,0.0,0.08025381681370042
1949,5460,M,38,30,3,MONTHLY,0,0.0,0,0,0,0,162966.8,151875.2,54,21250.046296296296,7862.646521050404,0,12,0,30,0,0,12,12,0,0,0,0,54,314842.0,0,Vyskov,south Moravia,86513,38,36,5,1,5,50.5,8288,3.79,4.52,110,1562.0,1460,0,0,1.0730310149385809,11091.599999999977,205.39999999999958,7.6690091742719515,7.147052664373281,0.0,0.5555555555555556,0.05177044389768971,0.0482469222016411,0.0,0.0,0.0,0,1,0.0,0.37000608899477067
1950,5473,F,31,30,1,MONTHLY,0,0.0,0,0,0,0,13404.0,8800.0,18,27759.433333333334,2082.5538606127193,0,6,0,5,0,0,0,7,0,0,0,0,18,22204.0,0,Karvina,north Moravia,285387,0,2,8,5,7,89.9,10177,6.63,7.75,81,9878.0,10108,0,0,1.5231818181818182,4604.0,255.77777777777777,0.4828628826477005,0.3170093529767058,0.0,0.2777777777777778,0.2366538477968999,0.1553680886759713,0.0,0.0,0.0,0,1,0.0,0.07502148316954306
1951,5478,M,54,50,3,MONTHLY,0,0.0,0,0,0,0,63239.3,48595.2,54,39639.672222222216,5332.977985032054,0,13,0,29,0,0,12,12,0,0,0,0,54,111834.5,0,Decin,north Bohemia,133777,24,17,7,3,11,84.7,8705,5.75,7.61,116,4650.0,4859,0,0,1.3013486928750166,14644.100000000006,271.18703703703716,1.5953537568493745,1.2259233559645144,0.0,0.5370370370370371,0.10974289610974035,0.08433012359453779,0.0,0.0,0.0,0,1,0.0,0.13453637949211794
1952,5517,M,35,30,3,MONTHLY,1,8339.0,0,0,0,1,247237.1,242983.2,80,31373.6475,8945.488736334784,0,12,0,44,12,0,12,12,0,12,0,12,80,490220.3,0,Plzen - jih,west Bohemia,67298,71,19,10,0,7,43.8,8561,0.65,1.29,110,1029.0,1127,0,0,1.017506971675408,4253.899999999994,53.17374999999993,7.880406637449472,7.744818322447207,4.853640493275483e-05,0.55,0.036815256101388014,0.03618182196901187,0.0,0.15,0.15,0,1,0.0,0.28512746999961625
1953,5521,F,26,20,2,MONTHLY,2,10407.8,0,1,0,1,188410.3,181157.8,69,28418.452173913043,11936.215994162332,0,13,0,25,19,0,12,12,0,12,0,7,69,369568.1,0,Nymburk,central Bohemia,81344,61,23,4,2,6,55.3,8899,3.39,3.97,149,2987.0,2487,0,1,1.0400341580655097,7252.5,105.1086956521739,6.62985791228112,6.374654006184591,3.715295819814522e-05,0.36231884057971014,0.06588850159453434,0.06335224769644936,0.0,0.10144927536231885,0.17391304347826086,0,1,0.0,0.42001640065109813
1954,5531,M,20,20,1,MONTHLY,0,0.0,0,0,0,0,69037.3,73035.2,61,24854.418032786885,4818.348094679622,0,16,0,33,0,0,12,12,0,0,0,0,61,142072.5,0,Kladno,central Bohemia,149893,63,29,6,2,6,67.4,9753,4.64,5.05,109,5244.0,5892,0,0,0.9452606414441257,-3997.899999999994,-65.53934426229499,2.7776671298007845,2.938519819842697,0.0,0.5409836065573771,0.065972956802742,0.06979340290943623,0.0,0.0,0.0,0,0,0.0,0.19386284113848343
1955,5539,M,64,60,3,MONTHLY,0,0.0,0,0,0,0,289534.6,260895.2,60,55197.323333333334,28979.542411866012,0,13,0,35,0,0,12,12,0,0,0,0,60,550429.8,0,Ostrava - mesto,north Moravia,323870,0,0,0,1,1,100.0,10673,4.75,5.44,100,18782.0,18347,0,0,1.109773579582913,28639.399999999965,477.32333333333276,5.245446382454414,4.726591512861403,0.0,0.5833333333333334,0.11107733071312163,0.10009008392042269,0.0,0.0,0.0,0,1,0.0,0.52501716861994
1956,5606,M,19,10,1,MONTHLY,3,10082.0,0,1,0,1,109501.4,118312.0,79,20588.36329113924,6560.831596605708,0,23,0,21,23,0,10,12,0,9,0,4,79,227813.4,0,Kladno,central Bohemia,149893,63,29,6,2,6,67.4,9753,4.64,5.05,109,5244.0,5892,0,0,0.9255307999188586,-8810.600000000006,-111.52658227848109,5.318606362805288,5.746547130869736,3.652921332512644e-05,0.26582278481012656,0.05545364457202742,0.05991550424565995,0.0,0.05063291139240506,0.11392405063291139,0,0,0.0,0.3186669821116543
1957,5617,F,41,40,3,MONTHLY,0,0.0,0,0,0,0,448609.6,407295.2,73,43586.10821917808,23398.942001846255,0,17,0,44,0,0,12,12,0,0,0,0,73,855904.8,0,Breclav,south Moravia,124605,11,42,14,1,8,46.0,8772,4.69,4.98,126,2854.0,3158,0,0,1.101436010048731,41314.399999999965,565.9506849315063,10.292490390381074,9.344610396318622,0.0,0.6027397260273972,0.057449589393261336,0.052158808018923926,0.0,0.0,0.0,0,1,0.0,0.5368440303085059
1958,5642,F,42,40,1,MONTHLY,3,12919.0,0,1,0,1,269748.8,301080.2,95,36425.3747368421,9935.340007341605,0,2,12,45,24,0,12,12,0,12,0,0,95,570829.0,0,Karvina,north Moravia,285387,0,2,8,5,7,89.9,10177,6.63,7.75,81,9878.0,10108,1,0,0.8959366972653797,-31331.400000000023,-329.804210526316,7.405518871084258,8.265671998577279,0.0,0.6,0.032998981691063065,0.036831822819384574,0.0,0.0,0.12631578947368421,0,0,0.0,0.27275875894538426
1959,5701,F,40,40,1,MONTHLY,3,9926.0,0,1,0,1,466979.9,433687.2,91,50955.93406593407,17129.31525275517,0,0,12,31,36,0,12,12,0,12,0,12,91,900667.1,0,Benesov,central Bohemia,88884,80,26,6,2,5,46.7,8507,1.67,1.85,132,2159.0,2674,0,0,1.076766618890297,33292.70000000001,365.8538461538463,9.164387005363393,8.511024436110494,2.569703749561812e-05,0.4725274725274725,0.039496935239857596,0.03668105469369274,0.0,0.13186813186813187,0.13186813186813187,0,1,0.0,0.33615938097790166
1960,5722,F,40,40,3,MONTHLY,0,0.0,0,0,0,0,717208.6,702375.2,94,74467.31489361702,27118.5016261305,0,28,0,54,0,0,12,12,0,0,0,0,94,1419583.8,0,Zlin,south Moravia,197099,29,41,10,2,10,74.7,9624,1.6,2.31,145,4484.0,4265,0,0,1.0211189119433601,14833.400000000023,157.80212765957472,9.631186528272092,9.431993096614313,0.0,0.574468085106383,0.03860970835264471,0.03781117742610797,0.0,0.0,0.0,0,1,0.0,0.36416650264443695
1961,5760,M,51,50,2,MONTHLY,1,9689.0,0,0,0,1,307359.3,322483.2,85,46981.95411764706,10759.200525934748,0,13,0,48,12,0,12,12,0,12,0,12,85,629842.5,0,Zdar nad Sazavou,south Moravia,125832,151,41,2,3,5,48.3,8512,3.51,4.12,102,2247.0,2103,0,0,0.9531017429745177,-15123.900000000023,-177.9282352941179,6.542071435137511,6.86398013995912,3.9042254455941306e-05,0.5647058823529412,0.033363600106717954,0.03500528705633683,0.0,0.1411764705882353,0.1411764705882353,0,0,0.0,0.22900708853005
1962,5826,M,31,30,2,MONTHLY,1,1783.2,0,0,0,1,157636.2,155532.8,74,32459.585135135134,7392.608450776244,0,4,12,38,8,0,12,12,0,0,0,8,74,313169.0,0,Cesky Krumlov,south Bohemia,58796,22,16,7,1,5,51.9,9045,3.13,3.6,124,1845.0,1879,0,0,1.0135238354867913,2103.4000000000233,28.42432432432464,4.8563836951005985,4.791583113354307,5.0749764330781885e-05,0.6756756756756757,0.047530864555748016,0.04689664208333012,0.0,0.10810810810810811,0.0,0,1,0.0,0.22774808796845294
1963,5860,M,35,30,1,MONTHLY,2,10719.0,0,1,0,1,143010.6,155953.2,81,25855.11111111111,7317.484661258268,0,20,0,27,22,0,12,12,0,12,0,10,81,298963.8,0,Pardubice,east Bohemia,162580,83,26,5,1,6,72.8,9538,1.51,1.81,111,6079.0,5410,0,0,0.9170097183001054,-12942.600000000006,-159.78518518518527,5.5312313060817555,6.031813181146218,6.992488668672112e-05,0.3333333333333333,0.046921029265563435,0.051167428577030424,0.0,0.12345679012345678,0.14814814814814814,0,0,0.0,0.28301888279697296
1964,5911,M,64,60,3,MONTHLY,1,4875.8,0,0,0,1,383494.0,382475.2,80,60425.5875,14462.223258548285,3,0,12,53,0,0,12,12,0,0,0,0,80,765969.2,0,Ceske Budejovice,south Bohemia,177686,69,27,10,1,9,74.8,10045,1.42,1.71,135,6604.0,6295,0,0,1.002663702117157,1018.7999999999884,12.734999999999854,6.346549795647415,6.329689388621997,0.0,0.8125,0.03781218562288034,0.037711732800378324,0.0,0.0,0.0,0,1,0.0,0.23933939009775096
1965,5928,F,29,20,2,MONTHLY,4,7575.0,1,1,0,1,202806.7,200975.2,102,18643.279411764706,6596.1974766645735,0,12,0,30,48,12,12,12,0,12,0,12,102,403781.9,0,Havlickuv Brod,east Bohemia,95907,87,25,5,2,7,59.1,8388,2.41,2.94,87,1658.0,1668,0,0,1.0091130646965396,1831.5,17.955882352941178,10.878273908828525,10.780034754678196,5.9169642817520325e-05,0.29411764705882354,0.032820952419326234,0.03252455405400597,0.11764705882352941,0.11764705882352941,0.11764705882352941,1,1,0.0,0.3538110077619762
1966,5965,M,48,40,3,MONTHLY,3,9483.2,0,1,0,1,755826.4,754620.6,113,77015.65575221239,26579.24898253717,0,28,0,42,31,0,12,12,0,12,0,7,113,1510447.0,0,Pribram,central Bohemia,107870,84,29,6,1,6,58.0,8754,3.83,4.31,137,3804.0,3868,0,0,1.0015978890584223,1205.8000000000466,10.670796460177403,9.81393188979356,9.798275332847794,9.261385947884329e-06,0.37168141592920356,0.03522200292774564,0.035165811861741225,0.0,0.061946902654867256,0.10619469026548672,1,1,0.0,0.3451148824604229
1967,5977,M,20,20,1,MONTHLY,2,10706.2,0,1,0,1,271702.6,243631.8,54,38581.04074074074,24298.821597799866,0,13,0,25,6,0,6,10,0,5,0,1,54,515334.4,0,Hradec Kralove,east Bohemia,161854,73,21,6,1,6,76.3,9425,1.72,2.5,125,4085.0,3891,0,0,1.1152181283395681,28070.79999999999,519.8296296296294,7.042386487855626,6.314806322545107,3.6804947762737643e-06,0.46296296296296297,0.09973583743090954,0.08943168596031054,0.0,0.018518518518518517,0.09259259259259259,0,1,0.0,0.6298124967930385
1968,6034,M,60,60,2,WEEKLY,1,3583.0,0,0,0,1,690897.1,701820.0,98,54046.78265306123,28726.439662421944,0,27,0,48,11,0,12,12,0,0,0,11,98,1392717.1,0,Strakonice,south Bohemia,70646,94,14,3,1,4,58.4,8547,2.65,3.64,120,1563.0,1542,0,0,0.9844363227038272,-10922.900000000023,-111.45816326530635,12.783315973404521,12.985416810194689,1.5921328950432705e-05,0.4897959183673469,0.04093134943777884,0.041578463221834255,0.0,0.11224489795918367,0.0,0,0,0.0,0.5315106330532863
1969,6042,M,36,30,1,MONTHLY,2,13880.5,0,1,0,1,865568.6,776884.4,96,77597.53541666667,25899.129595136586,0,29,0,45,10,0,9,12,0,8,0,2,96,1642453.0,0,Blansko,south Moravia,107911,88,33,6,2,7,50.9,8240,2.53,3.56,99,1850.0,1903,0,0,1.1141536630160163,88684.19999999995,923.7937499999995,11.154588806877108,10.011714880227215,2.3106198630588033e-06,0.46875,0.03333717293735926,0.02992152163922835,0.0,0.020833333333333332,0.08333333333333333,0,1,0.0,0.3337622703616677
1970,6052,M,50,50,3,MONTHLY,0,0.0,0,0,0,0,829313.4,771658.3,96,49154.30520833333,31421.831400886906,0,28,0,56,0,0,12,12,2,12,0,0,96,1600971.7,0,Tachov,west Bohemia,51313,34,12,3,1,4,59.2,8930,3.52,4.2,108,1328.0,1452,0,0,1.074715842491424,57655.09999999998,600.573958333333,16.871633043841765,15.698692041916557,0.0,0.5833333333333334,0.040719877439129346,0.037888971046273826,0.0,0.0,0.125,0,1,0.020833333333333332,0.6392488159014774
1971,6067,F,49,40,1,MONTHLY,0,0.0,0,0,0,0,114609.5,109015.2,59,31133.7593220339,4504.693806430807,0,12,0,35,0,0,12,12,0,0,0,0,59,223624.7,0,Karvina,north Moravia,285387,0,2,8,5,7,89.9,10177,6.63,7.75,81,9878.0,10108,0,0,1.0513166971211354,5594.300000000003,94.81864406779665,3.6811969545511607,3.501510976313357,0.0,0.5932203389830508,0.041321703821401115,0.03930471563378958,0.0,0.0,0.0,0,1,0.0,0.1446883994906056
1972,6077,F,19,10,1,MONTHLY,4,5720.0,1,1,0,1,98326.3,108765.2,103,25742.70776699029,4811.169012516386,0,15,0,35,41,12,12,12,0,12,0,5,103,207091.5,0,Brno - mesto,south Moravia,387570,0,0,0,1,1,100.0,9897,1.6,1.96,140,18721.0,18696,0,0,0.9040235295848305,-10438.899999999994,-101.34854368932034,3.8195787673153476,4.225087779595157,5.0851094773219374e-05,0.33980582524271846,0.044234451943419274,0.0489306422850894,0.11650485436893204,0.04854368932038835,0.11650485436893204,1,0,0.0,0.18689444234323
1973,6112,F,41,40,1,MONTHLY,0,0.0,0,0,0,0,183495.30000000002,193499.2,56,29846.66964285714,18502.81631107614,0,10,0,34,0,0,12,12,0,0,0,0,56,376994.5,0,Hradec Kralove,east Bohemia,161854,73,21,6,1,6,76.3,9425,1.72,2.5,125,4085.0,3891,0,0,0.9483000446513474,-10003.899999999994,-178.64107142857134,6.147932154430966,6.483108578457696,0.0,0.6071428571428571,0.09562218505852293,0.10083536914065995,0.0,0.0,0.0,0,0,0.0,0.6199290082437793
1974,6114,F,59,50,3,MONTHLY,1,1541.3,0,0,1,0,71811.6,86475.3,50,14801.704,8288.38440469454,0,11,0,27,0,0,12,12,1,0,0,0,50,158286.9,0,Zdar nad Sazavou,south Moravia,125832,151,41,2,3,5,48.3,8512,3.51,4.12,102,2247.0,2103,0,0,0.8304290358056,-14663.699999999997,-293.27399999999994,4.851576548213639,5.842253027083909,0.0,0.54,0.09584684186923363,0.11541846170666771,0.0,0.0,0.0,0,0,0.02,0.5599615020469629
1975,6115,F,46,40,1,WEEKLY,5,9207.8,1,1,0,1,215516.19999999998,244852.2,92,45500.09565217391,18662.835208456483,0,11,0,25,44,9,9,12,0,9,0,9,92,460368.4,0,Rakovnik,central Bohemia,53921,61,22,1,1,2,41.3,8598,2.77,3.26,123,1597.0,1875,0,0,0.8801889466380125,-29336.00000000003,-318.8695652173916,4.736609822702714,5.381355720035754,4.176020178529503e-05,0.2717391304347826,0.07622081896122021,0.08659597379898348,0.09782608695652174,0.09782608695652174,0.09782608695652174,0,0,0.0,0.410171340102772
1976,6144,F,43,40,3,MONTHLY,0,0.0,0,0,0,0,42588.6,61375.2,85,18221.378823529412,6910.628807997661,0,2,12,59,0,0,12,12,0,12,0,0,85,103963.8,0,Ostrava - mesto,north Moravia,323870,0,0,0,1,1,100.0,10673,4.75,5.44,100,18782.0,18347,0,0,0.6939056817737458,-18786.6,-221.01882352941175,2.337287447479276,3.368307118490161,0.0,0.8352941176470589,0.11259643647593265,0.16226475648407465,0.0,0.0,0.1411764705882353,0,0,0.0,0.37925937849850916
1977,6175,M,35,30,1,MONTHLY,3,4650.0,0,1,0,1,118476.9,113087.2,95,32381.044210526317,7671.791333490529,0,15,0,44,24,0,12,12,0,12,0,0,95,231564.1,0,Olomouc,north Moravia,226122,32,50,7,4,4,62.6,8994,3.8,4.79,110,9672.0,9208,1,0,1.0476596820860362,5389.699999999997,56.733684210526285,3.6588350650374,3.492388919417182,0.0,0.4631578947368421,0.06783960813859154,0.06475347796482292,0.0,0.0,0.12631578947368421,0,1,0.0,0.23692229576082074
1978,6178,F,59,50,3,MONTHLY,2,9746.7,0,1,0,1,547844.5,473535.6,92,55561.23695652174,23198.78507802082,0,23,0,33,24,0,12,12,0,12,0,12,92,1021380.1,0,Hl.m. Praha,Prague,1204953,0,0,0,1,1,100.0,12541,0.29,0.43,167,85677.0,99107,0,0,1.1569235766012103,74308.90000000002,807.7054347826089,9.860192645255614,8.522769217153233,2.1904025686120788e-05,0.358695652173913,0.04899058292137027,0.042345565352980306,0.0,0.13043478260869565,0.13043478260869565,0,1,0.0,0.41753543205264737
1979,6183,M,36,30,1,MONTHLY,0,0.0,0,0,0,0,384556.4,449900.2,74,46565.15945945946,24280.359271376135,0,15,0,47,0,0,12,12,0,0,0,0,74,834456.6,0,Hl.m. Praha,Prague,1204953,0,0,0,1,1,100.0,12541,0.29,0.43,167,85677.0,99107,0,0,0.8547593444057149,-65343.79999999999,-883.0243243243242,8.258457706663764,9.661734335768612,0.0,0.6351351351351351,0.053968322911117035,0.0631386170438878,0.0,0.0,0.0,0,0,0.0,0.5214275985141873
1980,6185,F,51,50,1,MONTHLY,2,4632.0,0,1,0,1,114287.2,121799.2,85,25525.085882352938,3836.006035459802,0,14,0,35,24,0,12,12,0,12,0,12,85,236086.4,0,Jihlava,south Moravia,109164,98,16,6,1,4,63.6,8757,3.38,3.95,96,2212.0,2471,0,0,0.9383247180605455,-7512.0,-88.37647058823529,4.477446247458613,4.771744963420761,0.00010499863501774477,0.4117647058823529,0.031494509286266265,0.033564616470259157,0.0,0.1411764705882353,0.1411764705882353,0,0,0.0,0.15028376606214944
1981,6191,M,47,40,3,MONTHLY,0,0.0,0,0,0,0,602092.5,549472.2,91,42395.62087912088,26989.45531020306,0,28,0,51,0,0,12,12,0,12,0,0,91,1151564.7,0,Frydek - Mistek,north Moravia,228848,15,40,18,2,6,57.2,9893,4.09,4.72,96,5623.0,5887,0,0,1.0957651724691442,52620.30000000005,578.2450549450555,14.201761585629244,12.960588584530099,0.0,0.5604395604395604,0.04911887318449061,0.044826094512393125,0.0,0.0,0.13186813186813187,0,1,0.0,0.6366095070798906
1982,6272,M,57,50,1,TRANSACTION,0,0.0,0,0,0,0,219015.8,269810.1,74,25706.908108108106,22709.972009252444,0,13,0,49,0,0,12,12,3,12,0,0,74,488825.9,0,Hl.m. Praha,Prague,1204953,0,0,0,1,1,100.0,12541,0.29,0.43,167,85677.0,99107,0,0,0.8117405538191491,-50794.29999999999,-686.4094594594593,8.519725479196044,10.495626267668507,0.0,0.6621621621621622,0.08417020715404074,0.10369102142061187,0.0,0.0,0.16216216216216217,0,0,0.04054054054054054,0.8834190371610496
1983,6299,M,63,60,1,MONTHLY,1,6687.0,0,0,0,1,611820.1,634861.2,95,51054.25578947368,24094.640503738738,0,0,12,51,8,0,12,24,0,0,0,8,95,1246681.3,0,Hl.m. Praha,Prague,1204953,0,0,0,1,1,100.0,12541,0.29,0.43,167,85677.0,99107,0,0,0.9637068701001101,-23041.099999999977,-242.53789473684185,11.98372379616871,12.435029953583125,1.3075739093893778e-05,0.6631578947368421,0.037952611537354526,0.039381904098506636,0.0,0.08421052631578947,0.0,0,0,0.0,0.4719418612837081
1984,6301,F,50,50,3,MONTHLY,5,7778.0,1,1,0,1,212530.3,184163.2,122,39711.39180327869,13146.164413359227,0,15,0,47,48,12,12,12,0,12,0,0,122,396693.5,0,Brno - venkov,south Moravia,157042,49,70,18,0,9,33.9,8743,1.88,2.43,111,3659.0,3894,0,0,1.154032401695887,28367.099999999977,232.5172131147539,5.351872355741832,4.637540807239976,0.0,0.38524590163934425,0.07138323190170037,0.06185548325748953,0.09836065573770492,0.0,0.09836065573770492,1,1,0.0,0.33104265089680995
1985,6317,F,42,40,3,TRANSACTION,1,7242.0,0,0,0,1,647967.2,613887.0,81,49560.141975308645,24523.171311220452,0,0,12,51,6,0,12,12,0,0,0,6,81,1261854.2,0,Vsetin,north Moravia,148545,8,35,12,3,4,53.5,8909,4.01,5.56,113,3460.0,3590,0,0,1.0555154287352557,34080.19999999995,420.7432098765426,13.074361254308425,12.38670785700825,9.259727961538794e-06,0.7777777777777778,0.03994737029977904,0.03784631584935234,0.0,0.07407407407407407,0.0,0,1,0.0,0.494816405559091
1986,6349,M,27,20,3,TRANSACTION,1,5388.5,0,0,0,1,122050.0,153579.0,73,37290.18493150685,9206.56245847782,0,13,0,24,12,0,12,24,0,0,0,12,73,275629.0,0,Olomouc,north Moravia,226122,32,50,7,4,4,62.6,8994,3.8,4.79,110,9672.0,9208,0,0,0.794705005241602,-31529.0,-431.90410958904107,3.2729792095205927,4.118483195567088,9.832036050798853e-05,0.3287671232876712,0.05994675351758912,0.07543271166307103,0.0,0.1643835616438356,0.0,0,0,0.0,0.24688969699099303
1987,6359,M,23,20,1,MONTHLY,2,8555.0,0,1,0,1,132381.8,130525.2,84,26412.00357142857,5391.620117567239,0,24,0,34,14,0,12,12,0,12,0,2,84,262907.0,0,Zlin,south Moravia,197099,29,41,10,2,10,74.7,9624,1.6,2.31,145,4484.0,4265,0,0,1.014224073205787,1856.5999999999913,22.102380952380848,5.012183178076094,4.941889381735388,1.510781693556063e-05,0.40476190476190477,0.041307120139001806,0.04072780486114586,0.0,0.023809523809523808,0.14285714285714285,0,1,0.0,0.20413521840500104
1988,6367,M,29,20,3,MONTHLY,1,3317.0,0,0,0,1,584763.3,556089.2,74,60736.20675675676,21863.27554590073,0,0,12,50,0,0,12,12,0,0,0,0,74,1140852.5,0,Chrudim,east Bohemia,105606,77,26,7,2,7,53.0,8254,2.79,3.76,97,2166.0,2325,0,0,1.051563849828409,28674.100000000093,387.4878378378391,9.627919345406708,9.155810507348425,0.0,0.8378378378378378,0.03931613048032714,0.03738824845181073,0.0,0.0,0.0,0,1,0.0,0.3599710405600609
1989,6417,M,49,40,3,MONTHLY,4,12927.2,1,1,0,1,235272.5,229817.6,95,34837.44947368421,14417.019803025314,0,13,0,22,48,12,12,12,0,12,0,12,95,465090.1,0,Teplice,north Bohemia,128118,9,16,6,3,8,85.3,9317,6.49,7.07,97,6949.0,6872,0,0,1.0237357800272913,5454.899999999994,57.41999999999994,6.753436418407209,6.596854921127377,5.100468605553135e-05,0.23157894736842105,0.06273244435163065,0.06127796407580705,0.12631578947368421,0.12631578947368421,0.12631578947368421,0,1,0.0,0.41383683423540396
1990,6452,M,57,50,3,MONTHLY,0,0.0,0,0,0,0,165831.7,187436.7,65,12454.26,8269.692785931498,0,12,0,41,0,0,11,12,2,0,0,0,65,353268.4,0,Zlin,south Moravia,197099,29,41,10,2,10,74.7,9624,1.6,2.31,145,4484.0,4265,0,0,0.884734419673415,-21605.0,-332.38461538461536,13.315259196451656,15.050006985561568,0.0,0.6307692307692307,0.04411992307766568,0.04986798534858834,0.0,0.0,0.0,0,0,0.03076923076923077,0.6640051505213074
1991,6468,M,55,50,2,MONTHLY,0,0.0,0,0,0,0,145387.2,122615.6,63,32851.490476190476,14072.09792702033,0,14,0,37,0,0,12,12,2,0,0,0,63,268002.8,0,Karvina,north Moravia,285387,0,2,8,5,7,89.9,10177,6.63,7.75,81,9878.0,10108,0,1,1.1857153575890833,22771.600000000006,361.45396825396836,4.425589155699684,3.732421215069897,0.0,0.5873015873015873,0.11476596719357349,0.09679048724385866,0.0,0.0,0.0,0,1,0.031746031746031744,0.4283549307213095
1992,6469,M,46,40,1,MONTHLY,2,10330.0,0,1,0,1,318078.1,319587.2,80,40047.7425,9622.106108842101,0,12,0,44,12,0,12,12,0,12,0,0,80,637665.3,0,Kladno,central Bohemia,149893,63,29,6,2,6,67.4,9753,4.64,5.05,109,5244.0,5892,1,0,0.9952779710826966,-1509.100000000035,-18.863750000000437,7.942472662472797,7.98015518602578,0.0,0.55,0.03010792080797385,0.030250765798846578,0.0,0.0,0.15,0,0,0.0,0.240265880376206
1993,6478,M,48,40,3,MONTHLY,0,0.0,0,0,0,0,641607.2,662845.2,74,47859.76891891892,30654.067521283883,0,20,0,42,0,0,12,12,0,0,0,0,74,1304452.4,0,Karvina,north Moravia,285387,0,2,8,5,7,89.9,10177,6.63,7.75,81,9878.0,10108,0,0,0.9679593365087353,-21238.0,-287.0,13.405981986393863,13.849736740746733,0.0,0.5675675675675675,0.04624619371353053,0.04777700050947665,0.0,0.0,0.0,0,0,0.0,0.6404976081939744
1994,6481,F,41,40,3,MONTHLY,0,0.0,0,0,0,0,83661.9,97579.2,65,20019.523076923077,7712.594916408834,0,15,0,38,0,0,12,12,2,0,0,0,65,181241.1,0,Brno - mesto,south Moravia,387570,0,0,0,1,1,100.0,9897,1.6,1.96,140,18721.0,18696,0,0,0.8573743174774952,-13917.300000000003,-214.11230769230772,4.179015637812013,4.874202028942517,0.0,0.5846153846153846,0.07903933334572157,0.09218766148520216,0.0,0.0,0.0,0,0,0.03076923076923077,0.38525367895998003
1995,6485,F,37,30,3,MONTHLY,1,2612.0,0,0,1,0,794336.9,798198.2,92,74517.0097826087,24590.96015825426,0,27,0,53,0,0,12,12,0,0,0,0,92,1592535.1,0,Rychnov nad Kneznou,east Bohemia,78955,50,24,8,1,9,59.0,9060,1.78,2.44,124,1655.0,1717,0,0,0.9951624796948929,-3861.29999999993,-41.970652173912285,10.659806429664169,10.711624128888342,0.0,0.5760869565217391,0.030808087713370264,0.03095784692647951,0.0,0.0,0.0,0,0,0.0,0.3300046557154454
1996,6499,M,36,30,3,WEEKLY,2,11243.3,0,1,0,1,213045.8,216733.59999999998,80,35783.895000000004,8494.082082278286,0,6,12,26,24,0,12,12,0,12,0,12,80,429779.4,0,Chrudim,east Bohemia,105606,77,26,7,2,7,53.0,8254,2.79,3.76,97,2166.0,2325,0,0,0.9829846410524257,-3687.7999999999884,-46.097499999999854,5.953678323726357,6.05673585840781,5.6325916774702906e-05,0.475,0.03919134865234688,0.03986974670365849,0.0,0.15,0.15,0,0,0.0,0.23737164672203195
1997,6501,M,29,20,3,MONTHLY,0,0.0,0,0,0,0,132067.4,137375.2,72,29995.694444444445,4893.124117558009,0,12,0,48,0,0,12,12,0,12,0,0,72,269442.6,0,Hl.m. Praha,Prague,1204953,0,0,0,1,1,100.0,12541,0.29,0.43,167,85677.0,99107,0,0,0.9613627496083716,-5307.8000000000175,-73.71944444444469,4.402878561274997,4.579830623839533,0.0,0.6666666666666666,0.035618686033272444,0.03705020404398064,0.0,0.0,0.16666666666666666,0,0,0.0,0.16312754907610658
1998,6544,M,25,20,2,MONTHLY,4,10735.0,1,1,0,1,824666.0,835326.2,128,64729.653125,32161.002449210133,0,25,0,48,43,12,12,12,0,12,0,7,128,1659992.2,0,Zdar nad Sazavou,south Moravia,125832,151,41,2,3,5,48.3,8512,3.51,4.12,102,2247.0,2103,0,0,0.9872382788903306,-10660.199999999953,-83.28281249999964,12.740157874899783,12.904845919487538,8.488284954151135e-06,0.375,0.038501129797209925,0.038998821885721166,0.09375,0.0546875,0.09375,1,0,0.0,0.4968511477591845
1999,6546,F,36,30,3,MONTHLY,4,14526.0,1,1,1,0,471439.6,496086.2,115,47241.21304347826,23359.513467515517,0,23,0,44,36,12,12,12,0,12,0,0,115,967525.8,0,Cesky Krumlov,south Bohemia,58796,22,16,7,1,5,51.9,9045,3.13,3.6,124,1845.0,1879,0,0,0.9503179084602635,-24646.600000000035,-214.31826086956553,9.979413516882229,10.501131703443539,0.0,0.3826086956521739,0.04708760991036541,0.049549323959029994,0.10434782608695652,0.0,0.10434782608695652,1,0,0.0,0.4944731932691204
2000,6551,F,51,50,3,MONTHLY,1,7281.3,0,0,0,1,356859.9,330364.2,77,35121.812987012985,19553.021450138232,0,15,0,50,0,0,12,12,0,12,0,0,77,687224.1,0,Karlovy Vary,west Bohemia,122603,25,21,6,2,8,80.0,8991,1.39,2.01,128,5198.0,5273,0,0,1.0802014867228351,26495.70000000001,344.10000000000014,10.160634365086914,9.406239937618226,0.0,0.6493506493506493,0.05918626004312281,0.054791870563597175,0.0,0.0,0.15584415584415584,0,1,0.0,0.5567201629758796
2001,6552,M,44,40,1,MONTHLY,0,0.0,0,0,0,0,120134.4,138262.8,55,20320.214545454546,10061.822227763607,0,13,0,30,0,0,11,12,1,0,0,0,55,258397.2,0,Novy Jicin,north Moravia,161227,5,35,11,4,10,69.7,8678,5.93,5.57,102,4980.0,4595,0,0,0.8688844721790677,-18128.399999999994,-329.60727272727263,5.912063562678919,6.804199812493032,0.0,0.5454545454545454,0.07277316984585591,0.08375471328581661,0.0,0.0,0.0,0,0,0.01818181818181818,0.4951631886196964
2002,6567,F,21,20,3,MONTHLY,4,18478.3,1,1,0,1,619567.4,588822.0,102,35801.149019607845,25224.70628179682,0,19,0,34,37,11,12,12,1,10,0,4,102,1208389.4,0,Chomutov,north Bohemia,125236,28,11,1,4,5,87.7,9675,6.43,7.68,100,5323.0,5190,0,0,1.0522151006586031,30745.400000000023,301.42549019607867,17.305796516772986,16.44701402397754,6.45611760722078e-06,0.3333333333333333,0.042839272788375474,0.040713417590720266,0.10784313725490197,0.0392156862745098,0.09803921568627451,1,1,0.00980392156862745,0.7045781203274109
2003,6604,M,51,50,3,MONTHLY,0,0.0,0,0,0,0,60830.6,62875.2,60,15911.043333333333,4284.6157026164365,0,16,0,32,0,0,12,12,0,0,0,0,60,123705.8,0,Hl.m. Praha,Prague,1204953,0,0,0,1,1,100.0,12541,0.29,0.43,167,85677.0,99107,0,0,0.9674816143725984,-2044.5999999999985,-34.07666666666664,3.8231685204804293,3.95167046451804,0.0,0.5333333333333333,0.06814476459106987,0.0704352037069573,0.0,0.0,0.0,0,0,0.0,0.2692856535460656
2004,6610,M,45,40,1,MONTHLY,2,13621.3,0,1,0,1,400193.0,421125.8,67,57436.880597014926,25350.256812184536,0,15,0,33,7,0,8,12,0,7,0,0,67,821318.8,0,Hodonin,south Moravia,161954,21,37,20,3,8,48.0,8720,3.73,4.5,116,3729.0,3651,1,1,0.9502932377926027,-20932.79999999999,-312.42985074626847,6.967526715244326,7.331975476779052,0.0,0.4925373134328358,0.060196399299649976,0.06334507803031171,0.0,0.0,0.1044776119402985,0,0,0.0,0.44135852345543336
2005,6616,M,46,40,3,MONTHLY,1,4358.0,0,0,0,1,477231.4,537671.2,77,69448.6064935065,20605.38661741108,0,0,12,41,12,0,12,12,0,0,0,12,77,1014902.6,0,Usti nad Orlici,east Bohemia,139012,59,41,8,3,10,61.9,8363,2.52,3.49,108,2564.0,2799,0,0,0.8875896644640815,-60439.79999999993,-784.9324675324666,6.871720313705957,7.742001274716328,2.514503446336515e-05,0.6883116883116883,0.038323396561711104,0.04317692971881373,0.0,0.15584415584415584,0.0,0,0,0.0,0.2966997850322267
2006,6619,F,56,50,3,MONTHLY,1,1307.0,0,0,1,0,230954.5,206369.2,63,40964.00158730159,19382.592868989366,0,6,12,33,0,0,12,12,0,0,0,0,63,437323.7,0,Rakovnik,central Bohemia,53921,61,22,1,1,2,41.3,8598,2.77,3.26,123,1597.0,1875,0,0,1.1191326031210083,24585.29999999999,390.24285714285696,5.637986794522376,5.037818377196145,0.0,0.7142857142857143,0.09392192666826912,0.08392385889423833,0.0,0.0,0.0,0,1,0.0,0.47316160819107494
2007,6691,M,57,50,1,MONTHLY,3,4442.0,0,1,0,1,120675.6,110919.2,99,25066.280808080806,7256.710567800812,0,21,0,37,29,0,12,12,0,12,0,5,99,231594.8,0,Hradec Kralove,east Bohemia,161854,73,21,6,1,6,76.3,9425,1.72,2.5,125,4085.0,3891,0,0,1.0879595236893163,9756.400000000009,98.54949494949504,4.814260277539733,4.425036200992456,4.14333966435634e-05,0.37373737373737376,0.06542339439700982,0.06013403345664585,0.0,0.050505050505050504,0.12121212121212122,0,1,0.0,0.2895008885985755
2008,6698,F,47,40,3,MONTHLY,1,2536.9,0,0,1,0,341427.4,295744.2,63,34211.64444444444,16633.64974613284,0,1,12,38,0,0,12,12,0,0,0,0,63,637171.6,0,Hradec Kralove,east Bohemia,161854,73,21,6,1,6,76.3,9425,1.72,2.5,125,4085.0,3891,0,0,1.154468625251146,45683.20000000001,725.1301587301589,9.97985935912659,8.644547925202856,0.0,0.7936507936507936,0.056243367566068375,0.048717969753256006,0.0,0.0,0.0,0,1,0.0,0.486198486399678
2009,6731,M,56,50,2,WEEKLY,2,15597.0,0,1,0,1,623437.6,654102.0,97,60921.61649484536,21280.71266017012,0,0,12,52,21,0,12,12,0,12,0,9,97,1277539.6,0,Rakovnik,central Bohemia,53921,61,22,1,1,2,41.3,8598,2.77,3.26,123,1597.0,1875,0,0,0.9531198498093569,-30664.400000000023,-316.12783505154664,10.2334382419539,10.736780105881534,1.4436087910000938e-05,0.6597938144329897,0.032534241846333016,0.0341344709721873,0.0,0.09278350515463918,0.12371134020618557,0,0,0.0,0.3493130006156469
2010,6789,M,20,20,3,MONTHLY,3,13818.3,0,1,0,1,388689.9,410366.2,96,52961.41979166667,21590.751219078284,0,17,0,43,24,0,12,12,0,12,0,0,96,799056.1,0,Karvina,north Moravia,285387,0,2,8,5,7,89.9,10177,6.63,7.75,81,9878.0,10108,0,0,0.9471781545361192,-21676.29999999999,-225.79479166666655,7.339114048093539,7.748398770543723,0.0,0.4479166666666667,0.052613376099391915,0.05554749742424046,0.0,0.0,0.125,0,0,0.0,0.40766941868268286
2011,6798,F,51,50,2,MONTHLY,1,3757.0,0,0,0,1,193392.5,187179.2,72,33728.229166666664,9575.424789215675,0,14,0,34,12,0,12,12,0,0,0,12,72,380571.7,0,Trebic,south Moravia,117897,139,28,5,1,6,53.8,8814,4.76,5.74,107,2112.0,2059,0,0,1.0331943933941377,6213.299999999988,86.29583333333318,5.733846833296788,5.549630224434899,6.204997608490506e-05,0.4722222222222222,0.05115645749749798,0.0495129065978033,0.0,0.16666666666666666,0.0,0,1,0.0,0.28389942270313406
2012,6803,F,19,10,2,WEEKLY,1,4760.0,0,0,0,1,773397.9,741217.0,95,66130.26736842106,29764.86304613188,0,24,0,47,12,0,12,12,0,0,0,12,95,1514614.9,0,Kolin,central Bohemia,95616,65,30,4,1,6,51.4,9307,3.85,4.43,118,2616.0,3040,0,0,1.0434163004896002,32180.900000000023,338.74631578947395,11.695066885051153,11.208437973954881,1.551594593158321e-05,0.49473684210526314,0.040156746332223735,0.03848583380706345,0.0,0.12631578947368421,0.0,0,1,0.0,0.4500944005005699
2013,6829,F,36,30,1,TRANSACTION,2,14638.3,0,1,0,1,333695.7,328802.6,86,40173.01279069768,12150.58117948464,0,3,12,35,24,0,12,12,0,12,0,12,86,662498.3,0,Praha - vychod,central Bohemia,92084,55,29,4,3,5,46.7,10124,0.56,0.54,141,3810.0,4316,0,0,1.0148815733208922,4893.100000000035,56.89651162790738,8.306464385396293,8.184663712255515,3.596090689811106e-05,0.5465116279069767,0.03695403010646704,0.03641215987944897,0.0,0.13953488372093023,0.13953488372093023,0,1,0.0,0.30245630923399863
2014,6844,F,28,20,1,MONTHLY,1,1653.6,0,0,1,0,280069.6,297013.1,50,30411.472,22737.959277178514,0,12,0,26,0,0,7,12,1,0,0,0,50,577082.7,0,Blansko,south Moravia,107911,88,33,6,2,7,50.9,8240,2.53,3.56,99,1850.0,1903,0,0,0.9429536946350178,-16943.5,-338.87,9.209340475199621,9.766482201190392,0.0,0.52,0.07655540875866591,0.08118681669548754,0.0,0.0,0.0,0,0,0.02,0.7476770370463657
2015,6895,M,28,20,3,MONTHLY,1,1728.0,0,0,0,1,140119.7,153911.2,76,26841.069736842106,6231.103190864782,0,16,0,36,12,0,12,12,0,0,0,12,76,294030.9,0,Havlickuv Brod,east Bohemia,95907,87,25,5,2,7,59.1,8388,2.41,2.94,87,1658.0,1668,0,0,0.9103931357821913,-13791.5,-181.4671052631579,5.220347079076041,5.7341678818687765,8.564106260575778e-05,0.47368421052631576,0.040485053659933656,0.04446985820598232,0.0,0.15789473684210525,0.0,0,0,0.0,0.23214809439252554
2016,6922,F,60,60,1,TRANSACTION,5,9599.0,1,1,0,1,394837.0,373199.0,127,38612.575590551176,15388.620124777815,0,2,12,53,48,12,12,12,0,12,0,0,127,768036.0,0,Ceske Budejovice,south Bohemia,177686,69,27,10,1,9,74.8,10045,1.42,1.71,135,6604.0,6295,1,0,1.0579797909426338,21638.0,170.3779527559055,10.225606397948237,9.665219019767356,0.0,0.5118110236220472,0.04123435519596198,0.038974615157084606,0.09448818897637795,0.0,0.09448818897637795,1,1,0.0,0.39853907410785466
2017,6936,F,40,40,1,MONTHLY,1,4845.0,0,0,0,1,230365.4,228772.9,68,17413.467647058824,12803.107406354098,0,15,0,33,8,0,12,12,2,0,0,8,68,459138.3,0,Usti nad Orlici,east Bohemia,139012,59,41,8,3,10,61.9,8363,2.52,3.49,108,2564.0,2799,0,0,1.0069610517679324,1592.5,23.419117647058822,13.229151405631104,13.137699201378783,3.472743736689625e-05,0.4852941176470588,0.055964265900174795,0.05557738881947592,0.0,0.11764705882352941,0.0,0,1,0.029411764705882353,0.7352416914224763
2018,6944,M,29,20,3,MONTHLY,1,2907.0,0,0,1,0,73684.7,120194.4,51,9975.098039215687,7826.450353039753,0,11,0,28,0,0,12,12,1,0,0,0,51,193879.1,0,Hradec Kralove,east Bohemia,161854,73,21,6,1,6,76.3,9425,1.72,2.5,125,4085.0,3891,0,0,0.6130460320946733,-46509.7,-911.9549019607842,7.386864741611463,12.049445481886265,0.0,0.5490196078431373,0.06511493341652984,0.10621540636034012,0.0,0.0,0.0,0,0,0.0196078431372549,0.7845988402591304
2019,6946,F,29,20,1,TRANSACTION,1,4845.0,0,0,0,1,660445.3,655704.0,91,57366.0021978022,30899.859451866545,0,25,0,42,12,0,12,12,0,0,0,12,91,1316149.3,0,Ostrava - mesto,north Moravia,323870,0,0,0,1,1,100.0,10673,4.75,5.44,100,18782.0,18347,0,0,1.0072308541659043,4741.300000000047,52.10219780219831,11.51283468774303,11.430184689166317,1.816955923526142e-05,0.46153846153846156,0.04712470787408121,0.0467864022226618,0.0,0.13186813186813187,0.0,0,1,0.0,0.5386441144237585
2020,6978,M,34,30,3,MONTHLY,0,0.0,0,0,0,0,123964.5,131995.2,86,24918.18488372093,6858.476991672291,0,15,0,59,0,0,12,12,0,12,0,0,86,255959.7,0,Olomouc,north Moravia,226122,32,50,7,4,4,62.6,8994,3.8,4.79,110,9672.0,9208,0,0,0.9391591512418632,-8030.700000000012,-93.38023255813967,4.974860752437314,5.297143456313007,0.0,0.686046511627907,0.05196004848412889,0.055326137657735,0.0,0.0,0.13953488372093023,0,0,0.0,0.27523983081740994
2021,6987,M,31,30,1,MONTHLY,3,9855.0,0,1,0,1,256826.1,273115.2,92,31815.600000000002,9057.215616498055,0,12,0,32,36,0,12,12,0,12,0,12,92,529941.3,0,Hl.m. Praha,Prague,1204953,0,0,0,1,1,100.0,12541,0.29,0.43,167,85677.0,99107,0,0,0.9403581345893601,-16289.100000000006,-177.05543478260876,8.072332440689472,8.584317127446912,4.672422312218267e-05,0.34782608695652173,0.033162620083020115,0.0352659469442477,0.0,0.13043478260869565,0.13043478260869565,0,0,0.0,0.2846784475696845
2022,7010,M,32,30,1,MONTHLY,1,2060.0,0,0,0,1,31323.7,63255.2,53,16646.46603773585,7226.827526519169,0,6,0,27,8,0,12,12,0,0,0,8,53,94578.9,0,Karvina,north Moravia,285387,0,2,8,5,7,89.9,10177,6.63,7.75,81,9878.0,10108,0,0,0.49519565189897435,-31931.499999999996,-602.4811320754716,1.8817026946735933,3.799917643577134,0.0002553976701347542,0.5094339622641509,0.11424874992916265,0.23071436409233803,0.0,0.1509433962264151,0.0,0,0,0.0,0.43413584061245697
2023,7100,F,38,30,3,MONTHLY,1,1762.0,0,0,1,0,155993.8,207929.2,53,22813.35849056604,15234.091080135346,0,12,0,29,0,0,12,12,0,0,0,0,53,363923.0,0,Chrudim,east Bohemia,105606,77,26,7,2,7,53.0,8254,2.79,3.76,97,2166.0,2325,0,0,0.7502255575455491,-51935.40000000002,-979.9132075471703,6.837827059286679,9.114361661654707,0.0,0.5471698113207547,0.07326576103854267,0.09765831129272667,0.0,0.0,0.0,0,0,0.0,0.6677706435216484
2024,7127,M,42,40,3,MONTHLY,1,5432.3,0,0,0,1,427984.0,414007.2,80,70342.32875,17599.99844449931,0,1,12,55,0,0,12,12,0,0,0,0,80,841991.2,0,Brno - mesto,south Moravia,387570,0,0,0,1,1,100.0,9897,1.6,1.96,140,18721.0,18696,0,1,1.0337597993464849,13976.799999999988,174.70999999999987,6.084302405185867,5.885605543020922,0.0,0.8375,0.04251133420988647,0.04112302900225081,0.0,0.0,0.0,0,1,0.0,0.2502049442669228
2025,7166,M,35,30,3,MONTHLY,1,1817.3,0,0,0,1,240058.9,242235.1,109,15273.428440366972,8646.383177033682,0,12,12,49,12,0,12,24,8,12,0,12,109,482294.0,0,Cesky Krumlov,south Bohemia,58796,22,16,7,1,5,51.9,9045,3.13,3.6,124,1845.0,1879,0,0,0.9910161657001813,-2176.2000000000116,-19.965137614679005,15.717420678485999,15.859903422847992,4.99877321773948e-05,0.5596330275229358,0.03569417965040443,0.03601775721305764,0.0,0.11009174311926606,0.11009174311926606,1,0,0.07339449541284404,0.5661062420132004
2026,7195,M,37,30,3,MONTHLY,5,15565.3,1,1,0,1,463444.9,469906.9,126,66657.38333333335,15253.498689760323,3,1,12,41,57,12,12,12,0,12,0,9,126,933351.8,0,Svitavy,east Bohemia,102609,75,33,2,3,6,52.0,8187,4.83,5.45,94,2123.0,2134,0,0,0.9862483398307197,-6462.0,-51.285714285714285,6.952641655350506,7.049585154732796,1.9419784315244378e-05,0.42063492063492064,0.03246068250915303,0.032913294956445356,0.09523809523809523,0.07142857142857142,0.09523809523809523,1,0,0.0,0.2288343455290197
2027,7234,M,34,30,3,MONTHLY,0,0.0,0,0,0,0,205607.9,227375.2,64,26222.353125,9441.794050701545,0,12,0,40,0,0,12,12,0,0,0,0,64,432983.1,0,Praha - zapad,central Bohemia,75637,35,36,9,0,7,36.5,9622,0.45,0.59,154,3475.0,3529,0,0,0.9042670440751673,-21767.300000000017,-340.1140625000003,7.8409400948832655,8.67104484925969,0.0,0.625,0.041525170954007054,0.045921358326706053,0.0,0.0,0.0,0,0,0.0,0.36006661971537096
2028,7241,F,42,40,3,MONTHLY,3,7485.0,0,1,0,1,220276.7,209275.2,99,38487.79494949495,8014.256275389954,0,14,0,37,36,0,12,12,0,12,0,12,99,429551.9,0,Hl.m. Praha,Prague,1204953,0,0,0,1,1,100.0,12541,0.29,0.43,167,85677.0,99107,0,0,1.0525695352339886,11001.5,111.12626262626263,5.723287091116935,5.437443227771774,5.447693741553237e-05,0.37373737373737376,0.03829529860867391,0.03638267812887134,0.0,0.12121212121212122,0.12121212121212122,0,1,0.0,0.20822851207523177
2029,7286,F,29,20,3,MONTHLY,1,1177.0,0,0,0,1,262791.4,223299.2,69,48829.21884057971,13013.841922153002,0,12,0,33,12,0,12,12,0,0,0,12,69,486090.6,0,Pardubice,east Bohemia,162580,83,26,5,1,6,72.8,9538,1.51,1.81,111,6079.0,5410,0,1,1.1768577764721055,39492.20000000001,572.3507246376813,5.38184730863657,4.573065170856806,4.566359477517148e-05,0.4782608695652174,0.058279841227165174,0.049521567000111115,0.0,0.17391304347826086,0.0,0,1,0.0,0.2665175120790136
2030,7291,F,59,50,3,WEEKLY,1,7741.8,0,0,0,1,157023.8,170932.2,57,14495.157894736842,9659.747667473874,0,15,0,26,4,0,12,12,0,0,0,4,57,327956.0,0,Kutna Hora,central Bohemia,77963,60,23,4,2,4,51.5,8546,2.95,4.02,126,2640.0,3120,0,0,0.9186320658132288,-13908.400000000023,-244.00701754386006,10.832845088014873,11.792365508627201,2.5473845366116476e-05,0.45614035087719296,0.05651215901669711,0.06151772958923345,0.0,0.07017543859649122,0.0,0,0,0.0,0.6664120348065546
2031,7299,M,61,60,3,MONTHLY,4,9460.0,1,1,0,1,288314.5,291828.2,109,30982.366972477063,9210.328330849408,0,12,0,40,45,12,12,12,0,12,0,9,109,580142.7,0,Hl.m. Praha,Prague,1204953,0,0,0,1,1,100.0,12541,0.29,0.43,167,85677.0,99107,0,0,0.9879596968353298,-3513.7000000000116,-32.23577981651387,9.305760927049953,9.419170596592677,3.121591179077015e-05,0.3669724770642202,0.031560789296063256,0.031945421859980706,0.11009174311926606,0.08256880733944955,0.11009174311926606,1,0,0.0,0.29727645854273593
2032,7311,M,50,50,3,MONTHLY,1,7685.0,0,0,0,1,135562.3,137775.2,74,19821.135135135137,4652.008047627063,0,24,0,26,12,0,12,12,0,12,0,12,74,273337.5,0,Breclav,south Moravia,124605,11,42,14,1,8,46.0,8772,4.69,4.98,126,2854.0,3158,0,0,0.9839383285235658,-2212.9000000000233,-29.90405405405437,6.839280347758739,6.9509238023294815,8.852018592189717e-05,0.35135135135135137,0.03376520627534609,0.03431638477384246,0.0,0.16216216216216217,0.16216216216216217,0,0,0.0,0.23469937598986793
2033,7390,M,62,60,2,WEEKLY,1,7518.0,0,0,0,1,498243.2,468643.0,100,60835.748,22663.00041664707,0,18,0,46,12,0,12,24,0,12,0,12,100,966886.2,0,Hl.m. Praha,Prague,1204953,0,0,0,1,1,100.0,12541,0.29,0.43,167,85677.0,99107,0,0,1.0631615110009112,29600.20000000001,296.0020000000001,8.189974092206445,7.703414775141748,2.4084623733951612e-05,0.46,0.04835877291807852,0.045485819809777776,0.0,0.12,0.12,0,1,0.0,0.3725276858048507
2034,7422,M,41,40,3,MONTHLY,2,10337.0,0,1,0,1,307094.7,273799.2,86,51329.504651162795,17693.708406901267,1,14,0,37,22,0,12,12,0,12,0,10,86,580893.9,0,Ostrava - mesto,north Moravia,323870,0,0,0,1,1,100.0,10673,4.75,5.44,100,18782.0,18347,0,0,1.1216055415793764,33295.5,387.15697674418607,5.982810511946821,5.334148495309851,3.2563245148809144e-05,0.43023255813953487,0.06462293683437083,0.057616456444547125,0.0,0.11627906976744186,0.13953488372093023,0,1,0.0,0.3447083412775627
2035,7521,F,39,30,3,WEEKLY,1,6643.7,0,0,0,1,520152.2,511383.4,80,46788.7125,21070.05286413183,0,0,12,44,12,0,12,12,0,0,0,12,80,1031535.6,0,Ostrava - mesto,north Moravia,323870,0,0,0,1,1,100.0,10673,4.75,5.44,100,18782.0,18347,0,0,1.017147212834832,8768.799999999988,109.60999999999986,11.117044522223175,10.929631799549945,2.3070170615446787e-05,0.7,0.041202066520211314,0.04050747620433371,0.0,0.15,0.0,0,1,0.0,0.4503234164464737
2036,7576,M,37,30,3,MONTHLY,1,3639.5,0,0,0,1,525777.2,528642.7,93,52021.63333333334,20487.66558815398,0,22,0,54,5,0,12,12,0,0,0,5,93,1054419.9,0,Louny,north Bohemia,85852,41,23,4,2,4,59.8,8965,7.08,8.23,104,2653.0,2822,0,0,0.9945795146703057,-2865.5,-30.811827956989248,10.106895272415512,10.161978125766906,9.509731498436981e-06,0.5806451612903226,0.03875522273958192,0.038966439754622266,0.0,0.053763440860215055,0.0,0,0,0.0,0.39382972573885566
2037,7586,F,26,20,3,MONTHLY,0,0.0,0,0,0,0,148631.1,163689.7,66,10134.939393939394,7661.5609690068295,0,4,12,38,0,0,11,12,1,0,0,0,66,312320.8,0,Breclav,south Moravia,124605,11,42,14,1,8,46.0,8772,4.69,4.98,126,2854.0,3158,0,0,0.9080052074137835,-15058.600000000006,-228.16060606060614,14.6652184312893,16.151028993610463,0.0,0.7575757575757576,0.04680539440787557,0.05154749557129584,0.0,0.0,0.0,0,0,0.015151515151515152,0.7559552821389713
2038,7594,F,50,50,1,MONTHLY,1,1784.5,0,0,0,1,685473.0,670197.7,82,78440.3768292683,25480.08669843139,0,21,0,44,5,0,12,12,0,0,0,5,82,1355670.7,0,Zlin,south Moravia,197099,29,41,10,2,10,74.7,9624,1.6,2.31,145,4484.0,4265,0,0,1.0227922298151726,15275.300000000047,186.28414634146398,8.738777498379264,8.544039780159885,7.294233325017907e-06,0.5365853658536586,0.03801876177496788,0.03717153950400875,0.0,0.06097560975609756,0.0,0,1,0.0,0.3248338129977476
2039,7632,M,51,50,2,MONTHLY,0,0.0,0,0,0,0,460200.8,439539.4,72,41782.34861111111,28550.579159622266,0,18,0,42,0,0,12,12,1,12,0,0,72,899740.2,0,Hl.m. Praha,Prague,1204953,0,0,0,1,1,100.0,12541,0.29,0.43,167,85677.0,99107,0,0,1.047006934986943,20661.399999999965,286.9638888888884,11.014239632226406,10.519738947444282,0.0,0.5833333333333334,0.0649556766916055,0.062039394889409724,0.0,0.0,0.16666666666666666,0,1,0.013888888888888888,0.683316761950281
2040,7672,M,46,40,3,MONTHLY,3,7902.0,0,1,0,1,320038.4,293139.2,97,51387.713402061854,11412.912655634016,0,12,0,37,36,0,12,12,0,12,0,12,97,613177.6,0,Plzen - mesto,west Bohemia,170449,0,0,0,1,1,100.0,10787,2.64,3.09,131,6041.0,6261,0,0,1.0917625483046962,26899.20000000001,277.31134020618566,6.227916729744176,5.704460864145752,3.74955005399352e-05,0.38144329896907214,0.038933423628208084,0.03566107272012988,0.0,0.12371134020618557,0.12371134020618557,0,1,0.0,0.22209419139432054
2041,7678,M,37,30,1,MONTHLY,2,18708.8,0,1,0,1,451171.4,458481.2,87,42812.5632183908,15589.196375860527,0,3,12,43,17,0,12,12,0,12,0,5,87,909652.6,0,Beroun,central Bohemia,75232,55,26,4,1,5,41.7,8980,1.95,2.21,111,2824.0,2813,0,0,0.984056489121037,-7309.799999999988,-84.02068965517228,10.538294511789294,10.709034113684002,1.1082262749810826e-05,0.632183908045977,0.03400182248663746,0.034552714059137006,0.0,0.05747126436781609,0.13793103448275862,0,0,0.0,0.3641266769368283
2042,7683,M,53,50,3,MONTHLY,1,1459.0,0,0,0,1,154571.7,145675.2,66,47083.51060606061,5828.052008456208,0,12,0,42,0,0,12,12,0,0,0,0,66,300246.9,0,Ostrava - mesto,north Moravia,323870,0,0,0,1,1,100.0,10673,4.75,5.44,100,18782.0,18347,0,0,1.0610707931068568,8896.5,134.79545454545453,3.28292640056673,3.093974899595712,0.0,0.6363636363636364,0.04000716668627335,0.03770452164565834,0.0,0.0,0.0,0,1,0.0,0.12378116953127148
2043,7723,F,33,30,1,MONTHLY,1,3016.7,0,0,0,1,236965.30000000002,237803.30000000002,74,33644.395945945944,8034.4809746942,0,0,12,47,3,0,12,12,0,0,0,3,74,474768.6,0,Rychnov nad Kneznou,east Bohemia,78955,50,24,8,1,9,59.0,9060,1.78,2.44,124,1655.0,1717,0,0,0.9964760791797255,-838.0,-11.324324324324325,7.043232411742963,7.068139977369832,1.266008145496408e-05,0.7972972972972973,0.03378624676232079,0.03390572786266259,0.0,0.04054054054054054,0.0,0,0,0.0,0.23880592142604162
2044,7727,F,41,40,1,TRANSACTION,4,17875.7,1,1,0,1,114835.3,145174.9,55,21399.82545454545,13340.92629172322,0,8,0,16,19,5,5,12,2,4,0,5,55,260010.19999999998,0,Tachov,west Bohemia,51313,34,12,3,1,4,59.2,8930,3.52,4.2,108,1328.0,1452,0,0,0.7910134603157984,-30339.59999999999,-551.6290909090908,5.36617928234589,6.783929163738295,4.354061860769293e-05,0.2909090909090909,0.09189554318083375,0.11617443670825278,0.09090909090909091,0.09090909090909091,0.07272727272727272,0,0,0.03636363636363636,0.6234128554020298
2045,7753,F,21,20,3,MONTHLY,1,3057.0,0,0,0,1,162018.7,171775.2,77,27093.574025974027,7161.5377812641855,0,12,0,53,0,0,12,12,0,12,0,0,77,333793.9,0,Tachov,west Bohemia,51313,34,12,3,1,4,59.2,8930,3.52,4.2,108,1328.0,1452,0,0,0.943201929032829,-9756.5,-126.70779220779221,5.979967790320914,6.340071628620234,0.0,0.6883116883116883,0.04169133717360937,0.04420192102062407,0.0,0.0,0.15584415584415584,0,0,0.0,0.2643260639736409
2046,7765,F,41,40,1,MONTHLY,2,9480.2,0,1,0,1,475783.2,466883.2,72,56530.18194444445,26778.033508147535,0,14,0,37,9,0,8,12,0,7,0,2,72,942666.4,0,Hl.m. Praha,Prague,1204953,0,0,0,1,1,100.0,12541,0.29,0.43,167,85677.0,99107,0,0,1.0190625835326694,8900.0,123.61111111111111,8.416445580656017,8.259007559162532,4.203595250946229e-06,0.5138888888888888,0.05735488770670595,0.05628200724226399,0.0,0.027777777777777776,0.09722222222222222,0,1,0.0,0.4736944511246026
2047,7800,F,42,40,1,MONTHLY,0,0.0,0,0,0,0,124787.4,186270.1,54,5987.668518518518,10870.312162513992,0,11,0,31,0,0,12,12,3,13,0,0,54,311057.5,0,Jindrichuv Hradec,south Bohemia,93931,74,21,10,1,8,56.9,8427,1.12,1.54,107,1874.0,1913,0,0,0.6699271649073039,-61482.70000000001,-1138.5685185185187,20.84073285187056,31.108953246811893,0.0,0.5740740740740741,0.058357794205908475,0.08711065510230995,0.0,0.0,0.24074074074074073,0,0,0.05555555555555555,1.8154498915386768
2048,7814,F,23,20,2,MONTHLY,1,3597.0,0,0,0,1,502665.6,502629.2,83,53266.83975903615,18399.190897706056,0,0,12,58,1,0,12,12,0,0,0,1,83,1005294.8,0,Trebic,south Moravia,117897,139,28,5,1,6,53.8,8814,4.76,5.74,107,2112.0,2059,0,0,1.0000724191909263,36.399999999965075,0.4385542168670491,9.436745304844711,9.436061952872553,1.989394141950434e-06,0.8433734939759037,0.03660589336573772,0.036603242588524175,0.0,0.012048192771084338,0.0,0,1,0.0,0.3454154776393475
2049,7815,F,53,50,3,MONTHLY,1,6408.8,0,0,0,1,253535.9,290993.4,66,22041.42575757576,18906.09401853365,0,11,0,43,0,0,12,12,1,0,0,0,66,544529.3,0,Pribram,central Bohemia,107870,84,29,6,1,6,58.0,8754,3.83,4.31,137,3804.0,3868,0,0,0.8712771492411855,-37457.50000000003,-567.5378787878792,11.50269963424931,13.202113293419051,0.0,0.6515151515151515,0.06497086881878987,0.07456969217587589,0.0,0.0,0.0,0,0,0.015151515151515152,0.8577527709175312
2050,7863,M,40,40,2,MONTHLY,1,1924.7,0,0,1,0,117455.5,178458.6,56,19699.635714285716,10012.854715258936,0,13,0,31,0,0,12,12,1,0,0,0,56,295914.1,0,Olomouc,north Moravia,226122,32,50,7,4,4,62.6,8994,3.8,4.79,110,9672.0,9208,0,0,0.6581666560199396,-61003.100000000006,-1089.3410714285715,5.9623183749953315,9.058979698319295,0.0,0.5535714285714286,0.056107437328651776,0.08524807025008566,0.0,0.0,0.0,0,0,0.017857142857142856,0.5082761356849785
2051,7914,F,33,30,3,WEEKLY,1,5900.0,0,0,0,1,135687.7,152871.0,61,36249.796721311475,8304.778047043503,0,12,0,25,12,0,12,12,0,0,0,12,61,288558.7,0,Louny,north Bohemia,85852,41,23,4,2,4,59.8,8965,7.08,8.23,104,2653.0,2822,0,0,0.8875960777387472,-17183.29999999999,-281.6934426229506,3.7431299558220252,4.217154682970297,8.843837724421594e-05,0.4098360655737705,0.054325398846370485,0.06120509115449302,0.0,0.19672131147540983,0.0,0,0,0.0,0.22909861014920047
2052,7980,M,23,20,1,MONTHLY,3,7176.0,0,1,0,1,64940.1,75101.3,58,15318.587931034483,14145.852956268776,0,5,0,28,18,0,12,7,7,6,0,6,58,140041.4,0,Jindrichuv Hradec,south Bohemia,93931,74,21,10,1,8,56.9,8427,1.12,1.54,107,1874.0,1913,0,0,0.864700078427404,-10161.200000000004,-175.19310344827593,4.239300664810984,4.902625512097598,9.239283585950746e-05,0.4827586206896552,0.1883569652758178,0.21782924504687823,0.0,0.10344827586206896,0.10344827586206896,0,0,0.1206896551724138,0.9234436633425056
2053,8013,M,57,50,3,WEEKLY,0,0.0,0,0,0,0,145606.5,173000.0,77,41222.41038961039,11434.719075100604,0,13,0,52,0,0,12,12,0,12,0,0,77,318606.5,0,Olomouc,north Moravia,226122,32,50,7,4,4,62.6,8994,3.8,4.79,110,9672.0,9208,0,0,0.8416560693641618,-27393.5,-355.7597402597403,3.53221703010114,4.1967463417326645,0.0,0.6753246753246753,0.06609664205260464,0.07853165260548536,0.0,0.0,0.15584415584415584,0,0,0.0,0.27739084073508197
2054,8030,M,32,30,1,MONTHLY,1,1671.0,0,0,0,1,26995.7,62700.0,25,29550.703999999998,6025.962555301851,0,3,0,11,0,0,0,11,0,0,0,0,25,89695.7,0,Hl.m. Praha,Prague,1204953,0,0,0,1,1,100.0,12541,0.29,0.43,167,85677.0,99107,1,1,0.43055342902711324,-35704.3,-1428.172,0.9135383035206202,2.1217768618981125,0.0,0.44,0.09610785574644101,0.22321934809254257,0.0,0.0,0.0,0,0,0.0,0.2039194245694401
2055,8091,M,28,20,3,WEEKLY,1,2650.2,0,0,0,1,1040784.7,1020970.2,105,90196.38952380953,32148.821658690584,0,31,0,51,11,0,12,12,0,0,0,11,105,2061754.9,0,Semily,east Bohemia,75685,31,28,5,1,9,60.8,8208,1.89,2.26,155,1660.0,2123,0,0,1.0194075204153852,19814.5,188.7095238095238,11.539094918264544,11.319413175961884,1.0568948601953892e-05,0.4857142857142857,0.031488501484852924,0.030889022156734804,0.0,0.10476190476190476,0.0,1,1,0.0,0.3564313585989395
2056,8105,M,36,30,3,WEEKLY,1,2298.2,0,0,0,1,243903.2,204687.4,78,46833.46025641025,16367.254730468276,0,6,12,36,12,0,12,12,0,0,0,12,78,448590.6,0,Rychnov nad Kneznou,east Bohemia,78955,50,24,8,1,9,59.0,9060,1.78,2.44,124,1655.0,1717,0,0,1.1915887348219774,39215.80000000002,502.7666666666669,5.207883395005308,4.37053762159254,4.919984649647893e-05,0.6153846153846154,0.07996219958076695,0.06710553502565064,0.0,0.15384615384615385,0.0,0,1,0.0,0.34947780157303315
2057,8130,F,23,20,2,MONTHLY,1,3159.0,0,0,0,1,248902.6,260951.19999999998,71,37327.59577464788,9593.158030498855,0,1,12,36,10,0,12,12,0,0,0,10,71,509853.8,0,Uherske Hradiste,south Moravia,145688,22,41,13,2,5,40.7,8544,1.29,1.86,109,2719.0,2906,0,0,0.95382814871133,-12048.599999999977,-169.69859154929546,6.668058706557507,6.990838670012403,4.01763581416988e-05,0.676056338028169,0.03676226831108213,0.03854181527432359,0.0,0.14084507042253522,0.0,0,0,0.0,0.2569990869064845
2058,8217,M,21,20,3,MONTHLY,1,2428.9,0,0,1,0,327946.5,302225.3,66,33204.40757575758,17798.950875213104,0,3,12,39,0,0,12,12,2,0,0,0,66,630171.8,0,Hl.m. Praha,Prague,1204953,0,0,0,1,1,100.0,12541,0.29,0.43,167,85677.0,99107,0,1,1.0851060450597618,25721.20000000001,389.7151515151517,9.876595426428647,9.101963325515063,0.0,0.7727272727272727,0.0588929876989554,0.0542739467419628,0.0,0.0,0.0,0,1,0.030303030303030304,0.5360418141659018
2059,8276,F,20,20,1,MONTHLY,4,13770.0,1,1,0,1,148406.0,179048.2,85,15432.748235294119,9535.115971859612,0,12,0,25,36,12,12,12,0,12,0,0,85,327454.2,0,Hradec Kralove,east Bohemia,161854,73,21,6,1,6,76.3,9425,1.72,2.5,125,4085.0,3891,1,0,0.8288606084841958,-30642.20000000001,-360.4964705882354,9.61630409161999,11.601835089263199,0.0,0.29411764705882354,0.053254464283134996,0.06425020532767955,0.1411764705882353,0.0,0.1411764705882353,0,0,0.0,0.6178495123799893
2060,8295,F,48,40,1,MONTHLY,0,0.0,0,0,0,0,269236.8,273126.2,66,46021.753030303036,14908.565600787713,0,2,12,40,0,0,12,12,0,0,0,0,66,542363.0,0,Cesky Krumlov,south Bohemia,58796,22,16,7,1,5,51.9,9045,3.13,3.6,124,1845.0,1879,0,1,0.9857596964333702,-3889.4000000000233,-58.930303030303385,5.850207396982921,5.934719605751654,0.0,0.7878787878787878,0.0545848973873166,0.05537343186662341,0.0,0.0,0.0,0,0,0.0,0.3239460607024501
2061,8327,F,54,50,3,MONTHLY,0,0.0,0,0,0,0,241524.0,272375.2,58,64758.951724137936,21520.023558156096,0,11,0,35,0,0,12,12,0,0,0,0,58,513899.2,0,Rychnov nad Kneznou,east Bohemia,78955,50,24,8,1,9,59.0,9060,1.78,2.44,124,1655.0,1717,0,0,0.8867327128167322,-30851.20000000001,-531.9172413793106,3.7295847688957497,4.205985315517024,0.0,0.603448275862069,0.07900874807308483,0.08910097364301724,0.0,0.0,0.0,0,0,0.0,0.33230963419277876
2062,8342,M,20,20,1,MONTHLY,1,2391.5,0,0,1,0,336579.1,329123.4,55,47197.56545454545,26022.365764061484,1,14,0,28,0,0,9,12,0,0,0,0,55,665702.5,0,Sumperk,north Moravia,127369,31,32,13,2,7,51.2,8369,4.73,5.88,107,3736.0,2807,0,0,1.0226532054542459,7455.699999999953,135.55818181818097,7.131280962450258,6.9733130688058225,0.0,0.509090909090909,0.07906568103046299,0.07731426509863948,0.0,0.0,0.0,0,1,0.0,0.5513497468237601
2063,8359,M,20,20,2,MONTHLY,2,8644.5,0,1,0,1,318196.4,319004.2,81,33827.095061728396,12323.044012437647,0,0,12,33,24,0,12,12,0,12,0,12,81,637200.6,0,Ostrava - mesto,north Moravia,323870,0,0,0,1,1,100.0,10673,4.75,5.44,100,18782.0,18347,0,0,0.9974677449387814,-807.7999999999884,-9.972839506172695,9.406554107568164,9.43043437273802,3.771255740165507e-05,0.5555555555555556,0.03862972340940228,0.03872779205684806,0.0,0.14814814814814814,0.14814814814814814,0,0,0.0,0.36429507144938983
2064,8362,F,24,20,1,WEEKLY,0,0.0,0,0,0,0,200683.8,242411.0,51,40259.74117647059,26594.026142592073,0,11,0,28,0,0,8,12,0,7,0,0,51,443094.8,0,Ostrava - mesto,north Moravia,323870,0,0,0,1,1,100.0,10673,4.75,5.44,100,18782.0,18347,0,0,0.8278658971746331,-41727.20000000001,-818.1803921568629,4.98472653165708,6.021176314508319,0.0,0.5490196078431373,0.10970635054759097,0.13251705490224958,0.0,0.0,0.13725490196078433,0,0,0.0,0.6605612794683015
2065,8366,F,39,30,3,MONTHLY,1,1081.0,0,0,0,1,316548.3,310640.2,71,41184.41971830986,12089.449063313958,0,12,0,42,5,0,12,12,0,0,0,5,71,627188.5,0,Usti nad Labem,north Bohemia,118650,8,8,5,1,3,85.6,9832,3.32,4.48,114,6445.0,5471,0,1,1.019019109567918,5908.099999999977,83.2126760563377,7.686117764074463,7.542663029482844,1.5795377830176312e-05,0.5915492957746479,0.038917851145196136,0.03819148314274301,0.0,0.07042253521126761,0.0,0,1,0.0,0.2935442370197875
2066,8432,F,31,30,1,MONTHLY,2,15854.5,0,1,0,1,547076.8,548806.7,84,51451.998809523815,25753.704165656778,0,16,0,39,17,0,12,12,0,12,0,5,84,1095883.5,0,Louny,north Bohemia,85852,41,23,4,2,4,59.8,8965,7.08,8.23,104,2653.0,2822,0,0,0.9968478883366404,-1729.8999999999069,-20.59404761904651,10.632760877284628,10.666382505987606,9.139484620806438e-06,0.4642857142857143,0.04692673060597981,0.04707511663016376,0.0,0.05952380952380952,0.14285714285714285,0,0,0.0,0.5005384583988163
2067,8463,M,52,50,3,MONTHLY,0,0.0,0,0,0,0,205616.6,211710.9,61,42939.1606557377,14359.41533958676,0,18,0,31,0,0,12,12,1,0,0,0,61,417327.5,0,Prerov,north Moravia,138032,67,30,4,2,5,64.6,8819,5.38,5.66,99,4063.0,4505,0,0,0.9712140470802402,-6094.299999999988,-99.90655737704898,4.788556573066705,4.93048529051092,0.0,0.5081967213114754,0.06782558356507275,0.06983587579790133,0.0,0.0,0.0,0,0,0.01639344262295082,0.33441304208791045
2068,8598,F,42,40,3,TRANSACTION,2,18499.2,0,1,0,1,779122.1,761120.0,100,48924.859000000004,29929.824425803316,0,29,0,47,12,0,12,12,0,12,0,0,100,1540242.1,0,Zlin,south Moravia,197099,29,41,10,2,10,74.7,9624,1.6,2.31,145,4484.0,4265,0,0,1.0236521179314695,18002.099999999977,180.02099999999976,15.924871648582572,15.556917598883626,0.0,0.47,0.03932339765845506,0.03841480613347165,0.0,0.0,0.12,0,1,0.0,0.6117508570807186
2069,8610,F,51,50,3,MONTHLY,5,4250.0,1,1,0,1,63691.8,71175.2,114,14784.476315789474,2709.799796422374,0,17,0,25,60,12,12,12,0,12,0,12,114,134867.0,0,Hl.m. Praha,Prague,1204953,0,0,0,1,1,100.0,12541,0.29,0.43,167,85677.0,99107,0,0,0.894859445424811,-7483.399999999994,-65.64385964912276,4.308018670365663,4.814184721848183,0.00018840729889875934,0.21929824561403508,0.038072247024558754,0.04254550501669562,0.10526315789473684,0.10526315789473684,0.10526315789473684,1,0,0.0,0.1832868299520607
2070,8615,F,60,60,1,WEEKLY,4,5921.0,1,1,0,1,333793.4,353081.0,106,42135.00849056604,17819.031523279864,0,12,0,43,39,12,12,12,0,12,0,3,106,686874.4,0,Pribram,central Bohemia,107870,84,29,6,1,6,58.0,8754,3.83,4.31,137,3804.0,3868,0,0,0.9453734412217027,-19287.599999999977,-181.9584905660375,7.921996742322618,8.379753859051773,8.98759532093804e-06,0.4056603773584906,0.05046726253545182,0.053383414780759184,0.11320754716981132,0.02830188679245283,0.11320754716981132,1,0,0.0,0.42290323798723134
2071,8670,F,56,50,1,MONTHLY,5,12765.0,1,1,0,1,300802.5,319680.2,122,43258.67540983607,12387.290756644017,0,12,0,45,53,12,12,12,0,12,0,5,122,620482.7,0,Kolin,central Bohemia,95616,65,30,4,1,6,51.4,9307,3.85,4.43,118,2616.0,3040,0,0,0.9409481725799721,-18877.70000000001,-154.73524590163944,6.953576297706151,7.38996737582288,1.6622202275579493e-05,0.36885245901639346,0.03874900840478709,0.041180810520670595,0.09836065573770492,0.040983606557377046,0.09836065573770492,1,0,0.0,0.28635390795686316
2072,8677,M,44,40,3,MONTHLY,2,6450.0,0,1,0,1,120317.7,124835.2,77,26582.314285714285,5129.974165619628,0,17,0,24,24,0,12,12,0,12,0,12,77,245152.9,0,Semily,east Bohemia,75685,31,28,5,1,9,60.8,8208,1.89,2.26,155,1660.0,2123,0,0,0.9638122901232986,-4517.5,-58.66883116883117,4.52623118915799,4.696175007873118,9.97359490748244e-05,0.3116883116883117,0.041093971617137064,0.04263690351145034,0.0,0.15584415584415584,0.15584415584415584,0,0,0.0,0.19298448248264635
2073,8692,F,46,40,3,MONTHLY,0,0.0,0,0,0,0,76960.7,105916.2,50,17235.852,15943.460203715029,0,7,0,31,0,0,12,12,0,0,0,0,50,182876.9,0,Novy Jicin,north Moravia,161227,5,35,11,4,10,69.7,8678,5.93,5.57,102,4980.0,4595,0,0,0.7266187797522947,-28955.5,-579.11,4.465152056306819,6.145109623823644,0.0,0.62,0.15052900504091943,0.20716365890272606,0.0,0.0,0.0,0,0,0.0,0.9250172375415517
2074,8726,M,46,40,3,MONTHLY,1,2283.2,0,0,1,0,530110.5,507906.2,79,47227.81012658228,27897.5758351482,0,21,0,46,0,0,12,12,0,0,0,0,79,1038016.7,0,Praha - vychod,central Bohemia,92084,55,29,4,3,5,46.7,10124,0.56,0.54,141,3810.0,4316,0,0,1.0437173241830873,22204.29999999999,281.06708860759477,11.22454118832044,10.754388116634777,0.0,0.5822784810126582,0.054926629828791616,0.05262596352109268,0.0,0.0,0.0,0,1,0.0,0.5907022951175538
2075,9173,M,54,50,3,MONTHLY,2,10638.7,0,1,0,1,288494.5,276374.2,85,36774.79294117647,11523.137235091799,0,5,12,44,12,0,12,12,0,12,0,0,85,564868.7,0,Hl.m. Praha,Prague,1204953,0,0,0,1,1,100.0,12541,0.29,0.43,167,85677.0,99107,0,0,1.0438546723970616,12120.299999999988,142.5917647058822,7.8448980110225115,7.515316277703519,0.0,0.6588235294117647,0.041693968666727206,0.039942311673504344,0.0,0.0,0.1411764705882353,0,1,0.0,0.3133433614031155
2076,9196,F,60,60,1,MONTHLY,1,2523.2,0,0,0,1,221690.7,242946.8,101,22783.7702970297,7430.14781390713,0,10,12,35,8,0,12,36,0,12,0,8,101,464637.5,0,Tabor,south Bohemia,103347,87,16,7,1,7,67.0,9104,1.51,2.07,123,2299.0,2354,0,0,0.9125071826424551,-21256.099999999977,-210.45643564356413,9.73020255690085,10.663151744980187,3.608631304786353e-05,0.46534653465346537,0.03058343560774264,0.033515830000568944,0.0,0.07920792079207921,0.1188118811881188,1,0,0.0,0.3261158147681901
2077,9226,F,60,60,3,MONTHLY,1,2306.8,0,0,0,1,914403.4,860166.4,124,63218.19919354839,37483.56055388153,0,31,0,66,3,0,12,24,2,0,0,3,124,1774569.8,0,Zlin,south Moravia,197099,29,41,10,2,10,74.7,9624,1.6,2.31,145,4484.0,4265,0,0,1.063054078838699,54237.0,437.39516129032256,14.464243076593641,13.606309748977832,3.2808276959600104e-06,0.532258064516129,0.04357710386488187,0.040992367869456224,0.0,0.024193548387096774,0.0,1,1,0.016129032258064516,0.5929235731489618
2078,9231,F,27,20,3,MONTHLY,0,0.0,0,0,0,0,93252.0,77355.2,68,35802.44705882353,9315.01206574187,0,16,0,28,0,0,12,24,0,0,0,0,68,170607.2,0,Hl.m. Praha,Prague,1204953,0,0,0,1,1,100.0,12541,0.29,0.43,167,85677.0,99107,0,0,1.205503960948973,15896.800000000003,233.77647058823533,2.6046264336844542,2.160612090925103,0.0,0.4117647058823529,0.12041869280593769,0.09989074835651643,0.0,0.0,0.0,0,1,0.0,0.26017808364990463
2079,9236,F,43,40,3,MONTHLY,3,4096.0,0,1,0,1,59282.6,60547.2,80,14532.507500000002,1866.1247535036991,0,14,0,18,36,0,12,12,0,12,0,12,80,119829.8,0,Kladno,central Bohemia,149893,63,29,6,2,6,67.4,9753,4.64,5.05,109,5244.0,5892,0,0,0.9791138153374558,-1264.5999999999985,-15.807499999999981,4.07930978188038,4.166328488046539,0.00020242027171547808,0.225,0.030820991780027802,0.031478456638266525,0.0,0.15,0.15,0,0,0.0,0.12841037608297803
2080,9273,F,44,40,3,MONTHLY,2,14078.8,0,1,0,1,323913.5,317001.6,84,38823.55,13129.780141741978,0,6,12,39,15,0,12,12,0,12,0,3,84,640915.1,0,Most,north Bohemia,119895,17,4,3,2,4,89.9,10446,7.34,9.4,90,4947.0,4743,0,0,1.0218039908946832,6911.900000000023,82.28452380952409,8.343222090715557,8.165188397248576,9.26173191299529e-06,0.6071428571428571,0.04141865574729585,0.040534834583127836,0.0,0.03571428571428571,0.14285714285714285,0,1,0.0,0.3381911273374531
2081,9276,M,53,50,1,MONTHLY,3,14400.9,0,1,1,0,340644.5,370703.4,66,39310.4196969697,35925.90185540326,1,16,0,20,17,0,9,12,0,8,0,0,66,711347.9,0,Kladno,central Bohemia,149893,63,29,6,2,6,67.4,9753,4.64,5.05,109,5244.0,5892,0,0,0.9189138810164675,-30058.900000000023,-455.43787878787913,8.665501478384344,9.430156250114425,0.0,0.30303030303030304,0.09691279296441105,0.10546449995641573,0.0,0.0,0.12121212121212122,0,0,0.0,0.9139027802893862
2082,9316,F,41,40,2,MONTHLY,1,8013.0,0,0,0,1,273281.5,268051.2,94,35030.50319148936,9564.446259083323,0,13,0,45,12,0,12,24,0,12,0,12,94,541332.7,0,Vyskov,south Moravia,86513,38,36,5,1,5,50.5,8288,3.79,4.52,110,1562.0,1460,0,0,1.019512317049877,5230.299999999988,55.64148936170201,7.801243918939582,7.6519369000991935,4.391076600501681e-05,0.4787234042553192,0.03568141556196474,0.034998513470847176,0.0,0.1276595744680851,0.1276595744680851,0,1,0.0,0.2730319403863716
2083,9346,M,27,20,2,MONTHLY,4,7603.8,1,1,0,1,274325.4,277629.2,104,36361.56923076923,10027.011409780067,0,0,12,34,46,12,12,12,0,12,0,10,104,551954.6,0,Hradec Kralove,east Bohemia,161854,73,21,6,1,6,76.3,9425,1.72,2.5,125,4085.0,3891,0,0,0.988099954903879,-3303.7999999999884,-31.76730769230758,7.544377368836583,7.635237033859079,3.645305903135473e-05,0.4423076923076923,0.036116559100339826,0.03655152388287802,0.11538461538461539,0.09615384615384616,0.11538461538461539,1,0,0.0,0.2757584895784748
2084,9366,M,24,20,1,WEEKLY,1,6450.2,0,0,0,1,505740.4,498578.4,75,57660.98266666667,20115.734060259245,0,0,12,39,12,0,12,12,0,0,0,12,75,1004318.8,0,Olomouc,north Moravia,226122,32,50,7,4,4,62.6,8994,3.8,4.79,110,9672.0,9208,0,0,1.0143648421191132,7162.0,95.49333333333334,8.7709292594551,8.64672048484224,2.3727588304197172e-05,0.68,0.040346180380576545,0.03977482135154566,0.0,0.16,0.0,0,1,0.0,0.3488621443818713
2085,9417,M,50,50,1,MONTHLY,3,13321.8,0,1,0,1,580781.5,596373.8,110,66020.88454545454,24557.031747982295,0,22,0,40,36,0,12,12,0,12,0,12,110,1177155.3,0,Tabor,south Bohemia,103347,87,16,7,1,7,67.0,9104,1.51,2.07,123,2299.0,2354,0,0,0.9738548205840027,-15592.300000000047,-141.74818181818225,8.796936060439169,9.03310829756309,2.066181515767978e-05,0.36363636363636365,0.041177247806631165,0.042282737566507016,0.0,0.10909090909090909,0.10909090909090909,1,0,0.0,0.3719585388328915
2086,9418,M,49,40,3,MONTHLY,2,7342.0,0,1,0,1,205172.80000000002,200959.2,83,31815.385542168675,7805.063911116791,0,14,0,33,24,0,12,12,0,12,0,12,83,406132.0,0,Hl.m. Praha,Prague,1204953,0,0,0,1,1,100.0,12541,0.29,0.43,167,85677.0,99107,0,0,1.020967440157007,4213.600000000006,50.76626506024103,6.4488547444462165,6.316415676737443,5.84872848642705e-05,0.39759036144578314,0.038839047483851405,0.03804141636277709,0.0,0.14457831325301204,0.14457831325301204,0,1,0.0,0.24532356839654892
2087,9427,F,29,20,1,MONTHLY,1,6678.7,0,0,0,1,524385.5,570137.1,82,66964.85487804878,19415.440422866148,1,0,12,50,7,0,12,12,0,0,0,7,82,1094522.6,0,Uherske Hradiste,south Moravia,145688,22,41,13,2,5,40.7,8544,1.29,1.86,109,2719.0,2906,0,0,0.91975333652204,-45751.59999999998,-557.9463414634143,7.8307569090528215,8.513974995365698,1.334895797080583e-05,0.7560975609756098,0.034053985300844566,0.03702512831278925,0.0,0.08536585365853659,0.0,0,0,0.0,0.2899347793439417
2088,9433,F,54,50,1,WEEKLY,1,2362.4,0,0,1,0,335787.6,306734.0,84,28960.710714285717,15107.304148066027,0,5,12,43,0,0,12,24,0,0,0,0,84,642521.6,0,Olomouc,north Moravia,226122,32,50,7,4,4,62.6,8994,3.8,4.79,110,9672.0,9208,0,0,1.0947192029576114,29053.599999999977,345.8761904761902,11.594591144973625,10.591383720728045,0.0,0.6547619047619048,0.04925213425334664,0.04499065524774002,0.0,0.0,0.0,0,1,0.0,0.5216482529420077
2089,9593,F,31,30,3,MONTHLY,1,2153.8,0,0,0,1,876427.9,825025.6,101,69992.7495049505,31446.55302837061,6,29,0,51,3,0,12,12,0,0,0,3,101,1701453.5,0,Ostrava - mesto,north Moravia,323870,0,0,0,1,1,100.0,10673,4.75,5.44,100,18782.0,18347,0,0,1.0623038848733906,51402.30000000005,508.9336633663371,12.52169554987994,11.787300910955741,3.42298550742166e-06,0.504950495049505,0.03811585122736871,0.0358803650914931,0.0,0.0297029702970297,0.0,1,1,0.0,0.44928300789421677
2090,9606,M,50,50,2,WEEKLY,2,10549.0,0,1,0,1,158235.7,177816.0,68,20211.552941176473,11049.61411084785,0,15,0,18,23,0,12,12,0,12,0,11,68,336051.7,0,Usti nad Orlici,east Bohemia,139012,59,41,8,3,10,61.9,8363,2.52,3.49,108,2564.0,2799,0,0,0.889884487335223,-19580.29999999999,-287.94558823529394,7.828972887958081,8.797740604965592,6.951655031070738e-05,0.2647058823529412,0.06214071911890859,0.06983009593187788,0.0,0.16176470588235295,0.17647058823529413,0,0,0.0,0.5466979278141838
2091,9611,M,41,40,3,MONTHLY,1,4085.0,0,0,0,1,735084.6,680914.2,93,71528.36021505376,23936.849083992096,0,27,0,42,12,0,12,12,0,0,0,12,93,1415998.8,0,Cheb,west Bohemia,87419,21,11,4,3,9,85.5,8624,1.79,2.66,102,2879.0,3198,0,0,1.0795553977285244,54170.40000000002,582.477419354839,10.276827230345134,9.519499649548735,1.6324651611528795e-05,0.45161290322580644,0.035153987218936096,0.032563393497826096,0.0,0.12903225806451613,0.0,0,1,0.0,0.3346483690109029
2092,9616,M,37,30,3,TRANSACTION,1,1002.4,0,0,1,0,172573.80000000002,166415.0,70,32012.944285714286,9548.567122183875,0,14,0,33,0,0,12,23,0,0,0,0,70,338988.8,0,Ostrava - mesto,north Moravia,323870,0,0,0,1,1,100.0,10673,4.75,5.44,100,18782.0,18347,0,0,1.0370086831114984,6158.8000000000175,87.9828571428574,5.390750643233111,5.198365964553356,0.0,0.4714285714285714,0.0573780435789074,0.055330340539432254,0.0,0.0,0.0,0,1,0.0,0.29827206885325147
2093,9641,M,54,50,1,MONTHLY,1,6202.0,0,0,0,1,739104.3,744880.2,96,65805.471875,24014.52154035007,0,26,0,56,2,0,12,12,0,0,0,2,96,1483984.5,0,Zlin,south Moravia,197099,29,41,10,2,10,74.7,9624,1.6,2.31,145,4484.0,4265,0,0,0.9922458671877707,-5775.899999999907,-60.16562499999903,11.23165413058593,11.319426466767508,2.7059780331409245e-06,0.5833333333333334,0.032239441376412034,0.03249138388228842,0.0,0.020833333333333332,0.0,0,0,0.0,0.3649319859899579
2094,9663,M,54,50,1,WEEKLY,4,11843.8,1,1,0,1,409433.7,440007.6,116,48378.24396551724,23742.202058895917,0,18,0,38,48,12,12,12,0,12,0,12,116,849441.2999999999,0,Prachatice,south Bohemia,51428,50,11,3,1,4,52.7,8402,3.13,3.98,120,999.0,1099,0,0,0.9305150638307157,-30573.899999999965,-263.56810344827556,8.463178206547425,9.09515443168268,2.9308774534191982e-05,0.3275862068965517,0.05395861812135953,0.05798790392411742,0.10344827586206896,0.10344827586206896,0.10344827586206896,1,0,0.0,0.4907619647339565
2095,9670,M,51,50,3,MONTHLY,5,6137.0,1,1,0,1,120610.4,134519.2,121,17027.152892561982,4139.003286864974,0,15,0,34,60,12,12,12,0,12,0,12,121,255129.6,0,Louny,north Bohemia,85852,41,23,4,2,4,59.8,8965,7.08,8.23,104,2653.0,2822,0,0,0.8966036075147635,-13908.800000000017,-114.94876033057865,7.083415575171499,7.9002755686044495,9.949390765638784e-05,0.2809917355371901,0.030768866354133638,0.03431713423440246,0.09917355371900827,0.09917355371900827,0.09917355371900827,1,0,0.0,0.24308252313121745
2096,9675,F,29,20,2,MONTHLY,3,11584.8,0,1,0,1,170397.7,244381.4,70,21259.665714285715,18949.13539108136,0,5,0,27,28,0,12,10,3,10,0,7,70,414779.1,0,Prostejov,south Moravia,110643,49,41,4,1,4,51.9,8441,3.45,4.48,115,1879.0,2252,0,0,0.6972613300357556,-73983.69999999998,-1056.9099999999999,8.015069582467564,11.495072560608733,4.108036669509036e-05,0.38571428571428573,0.07753918829780564,0.11120534720293383,0.0,0.1,0.14285714285714285,0,0,0.04285714285714286,0.8913185957739794
2097,9702,F,48,40,3,MONTHLY,1,3816.0,0,0,0,1,417265.6,418178.2,73,49320.875342465755,16225.861870421388,0,0,12,43,6,0,12,12,0,0,0,6,73,835443.8,0,Hl.m. Praha,Prague,1204953,0,0,0,1,1,100.0,12541,0.29,0.43,167,85677.0,99107,0,0,0.9978176767703337,-912.6000000000349,-12.501369863014178,8.460222919862296,8.478726241096222,1.437933057505819e-05,0.7534246575342466,0.03880130975364423,0.03888617195000352,0.0,0.0821917808219178,0.0,0,0,0.0,0.3289856831971261
2098,9715,F,22,20,3,MONTHLY,4,15012.0,1,1,0,1,498083.9,512828.2,109,55889.41559633028,19391.4420757427,0,0,12,48,37,12,12,12,0,12,0,1,109,1010912.1,0,Prerov,north Moravia,138032,67,30,4,2,5,64.6,8819,5.38,5.66,99,4063.0,4505,0,0,0.9712490459768008,-14744.299999999988,-135.26880733944944,8.911953984229966,9.17576601093808,2.007693884504197e-06,0.5504587155963303,0.0378127452346472,0.03893207966718599,0.11009174311926606,0.009174311926605505,0.11009174311926606,1,0,0.0,0.34696090250433664
2099,9717,F,47,40,1,MONTHLY,1,6010.2,0,0,0,1,472912.10000000003,505726.4,71,78949.85774647888,17988.38648814969,0,0,12,46,1,0,12,12,0,0,0,1,71,978638.5,0,Usti nad Orlici,east Bohemia,139012,59,41,8,3,10,61.9,8363,2.52,3.49,108,2564.0,2799,0,1,0.9351145204205278,-32814.29999999999,-462.17323943661955,5.990031058936159,6.4056657533693295,2.114557863924395e-06,0.8169014084507042,0.03556940370949527,0.03803748410782826,0.0,0.014084507042253521,0.0,0,0,0.0,0.2278457112096818
2100,9721,M,45,40,1,MONTHLY,5,9564.0,1,1,0,1,246032.0,216223.2,122,42974.30901639345,13420.395806001883,2,13,0,35,60,12,12,12,0,12,0,12,122,462255.2,0,Chomutov,north Bohemia,125236,28,11,1,4,5,87.7,9675,6.43,7.68,100,5323.0,5190,0,0,1.137861247081719,29808.79999999999,244.3344262295081,5.725094960948551,5.031452627138627,4.8774143200884437e-05,0.28688524590163933,0.062067325828134456,0.0545473589045404,0.09836065573770492,0.09836065573770492,0.09836065573770492,1,1,0.0,0.3122888095974363
2101,9820,F,31,30,3,MONTHLY,0,0.0,0,0,0,0,272803.1,262315.2,68,64978.41176470588,11488.463089117224,0,12,0,32,0,0,12,24,0,0,0,0,68,535118.3,0,Kromeriz,south Moravia,108871,41,29,7,2,6,62.1,8444,3.24,3.47,106,2595.0,2305,0,0,1.0399820521266017,10487.899999999965,154.23382352941124,4.19836515838292,4.036959243477246,0.0,0.47058823529411764,0.04379640634289291,0.04211265593799053,0.0,0.0,0.0,0,1,0.0,0.17680430741702702
2102,9833,M,35,30,1,MONTHLY,3,15794.0,0,1,0,1,500838.2,557503.2,105,45596.28761904762,25868.54738169463,0,22,0,47,24,0,12,12,0,12,0,0,105,1058341.4,0,Trutnov,east Bohemia,121947,37,28,7,3,11,70.5,8541,2.51,2.97,131,3496.0,3839,1,1,0.8983593278029616,-56664.99999999994,-539.6666666666661,10.984188102866018,12.22694278661199,0.0,0.44761904761904764,0.04640071551462777,0.05165050785202612,0.0,0.0,0.11428571428571428,1,0,0.0,0.5673388938552132
2103,9844,M,54,50,3,MONTHLY,2,13223.0,0,1,0,1,430047.0,409389.2,95,37513.46,21841.201830940354,0,20,0,51,12,0,12,12,0,12,0,0,95,839436.2,0,Brno - venkov,south Moravia,157042,49,70,18,0,9,33.9,8743,1.88,2.43,111,3659.0,3894,0,0,1.0504600512177653,20657.79999999999,217.45052631578935,11.463805258166003,10.913128247834244,0.0,0.5368421052631579,0.05335070351377211,0.05078794138998843,0.0,0.0,0.12631578947368421,0,1,0.0,0.5822230695579761
2104,9915,M,32,30,3,WEEKLY,1,6469.7,0,0,0,1,511879.9,513107.0,78,63103.98333333334,20120.39625179383,0,1,12,53,0,0,12,12,0,0,0,0,78,1024986.9,0,Chrudim,east Bohemia,105606,77,26,7,2,7,53.0,8254,2.79,3.76,97,2166.0,2325,0,0,0.9976084910164936,-1227.0999999999767,-15.732051282050984,8.111689198700875,8.131134880814443,0.0,0.8333333333333334,0.039212866423170664,0.039306869153865644,0.0,0.0,0.0,0,0,0.0,0.3188451059501605
2105,9930,M,27,20,1,MONTHLY,4,8815.5,1,1,0,1,246670.9,220608.2,69,38417.34782608696,19920.94551068273,0,12,0,22,23,7,7,12,0,7,0,2,69,467279.1,0,Nymburk,central Bohemia,81344,61,23,4,2,6,55.3,8899,3.39,3.97,149,2987.0,2487,0,0,1.118140214189681,26062.699999999983,377.7202898550722,6.420820643753557,5.742410980546605,8.107968957830047e-06,0.3188405797101449,0.09030011355281775,0.08075920390561972,0.10144927536231885,0.028985507246376812,0.10144927536231885,0,1,0.0,0.518540363610306
2106,9933,M,58,50,3,MONTHLY,1,3900.5,0,0,0,1,763151.0,736443.2,99,73105.02626262626,28961.52311867573,0,29,0,46,12,0,12,12,0,0,0,12,99,1499594.2,0,Hl.m. Praha,Prague,1204953,0,0,0,1,1,100.0,12541,0.29,0.43,167,85677.0,99107,0,1,1.036265933340141,26707.800000000047,269.77575757575806,10.43910438193972,10.073769720762613,1.572427999177096e-05,0.46464646464646464,0.03932621432131593,0.03794992487551707,0.0,0.12121212121212122,0.0,0,1,0.0,0.39616322706229345
2107,9945,F,31,30,3,WEEKLY,1,4340.0,0,0,0,1,340490.2,352437.0,74,43262.77702702703,14241.4232140443,0,0,12,38,12,0,12,12,0,0,0,12,74,692927.2,0,Hl.m. Praha,Prague,1204953,0,0,0,1,1,100.0,12541,0.29,0.43,167,85677.0,99107,0,0,0.9661023104838595,-11946.799999999988,-161.44324324324307,7.870280721630277,8.146425731751485,3.5243305093656144e-05,0.6756756756756757,0.04040842253805446,0.0418262352750367,0.0,0.16216216216216217,0.0,0,0,0.0,0.32918421314349355
2108,9973,F,54,50,3,TRANSACTION,3,16372.0,0,1,0,1,541192.2,539644.0,100,53363.745,27897.678594092147,0,24,0,40,24,0,12,12,0,12,0,0,100,1080836.2,0,Karlovy Vary,west Bohemia,122603,25,21,6,2,8,80.0,8991,1.39,2.01,128,5198.0,5273,0,0,1.002868928404652,1548.1999999999534,15.481999999999534,10.14157083615477,10.112558629459008,0.0,0.4,0.051696449129596825,0.05154856000158936,0.0,0.0,0.12,0,1,0.0,0.522783372757893
2109,9995,M,41,40,1,MONTHLY,2,7151.0,0,1,0,1,122142.0,123557.20000000001,74,17958.82972972973,4207.475813122179,0,12,0,28,22,0,12,12,0,12,0,10,74,245699.2,0,Brno - mesto,south Moravia,387570,0,0,0,1,1,100.0,9897,1.6,1.96,140,18721.0,18696,0,0,0.9885461956081879,-1415.2000000000116,-19.124324324324483,6.8012226764309425,6.880025138578976,8.187191956902622e-05,0.3783783783783784,0.034052858215645694,0.03444741213605622,0.0,0.13513513513513514,0.16216216216216217,0,0,0.0,0.234284520564108
2110,10023,F,26,20,1,MONTHLY,3,8107.0,0,1,0,1,244236.2,242886.0,80,41979.3175,9582.696610799412,0,12,0,36,20,0,10,12,0,10,0,0,80,487122.2,0,Kromeriz,south Moravia,108871,41,29,7,2,6,62.1,8444,3.24,3.47,106,2595.0,2305,1,0,1.0055589865204253,1350.2000000000116,16.877500000000147,5.8180126439644955,5.785849186328482,0.0,0.45,0.03945347451396709,0.03923536564522136,0.0,0.0,0.125,0,1,0.0,0.22827185341446804
2111,10040,F,31,30,2,MONTHLY,2,14799.8,0,1,0,1,595313.1,629509.2,101,67927.21485148514,23090.618140246435,0,22,0,50,17,0,12,12,0,12,0,5,101,1224822.3,0,Litomerice,north Bohemia,114006,71,26,6,2,9,62.3,9065,4.46,5.39,123,4147.0,4166,0,0,0.9456781568879374,-34196.09999999998,-338.5752475247522,8.763985117034196,9.267407789003975,8.398941666158532e-06,0.49504950495049505,0.03668035056556193,0.03878735095909436,0.0,0.04950495049504951,0.1188118811881188,1,0,0.0,0.339931766534685
2112,10043,M,34,30,3,MONTHLY,2,8260.0,0,1,0,1,270562.1,254915.2,81,48073.613580246914,9621.878005342214,0,12,0,33,24,0,12,12,0,12,0,12,81,525477.3,0,Jicin,east Bohemia,77917,85,19,6,1,5,53.5,8390,2.28,2.89,132,2080.0,2122,0,1,1.0613808042831496,15646.899999999965,193.17160493827117,5.628079103068963,5.3026011779722495,4.4352109922269236e-05,0.4074074074074074,0.03774540712104344,0.03556254924596688,0.0,0.14814814814814814,0.14814814814814814,0,1,0.0,0.2001488402630871
2113,10046,F,53,50,3,WEEKLY,0,0.0,0,0,0,0,344627.3,374309.0,80,69095.845,17778.26276491049,0,4,12,40,0,0,12,24,0,0,0,0,80,718936.3,0,Kolin,central Bohemia,95616,65,30,4,1,6,51.4,9307,3.85,4.43,118,2616.0,3040,0,0,0.9207026814743968,-29681.70000000001,-371.0212500000001,4.987670387416204,5.417243251023271,0.0,0.65,0.0474962204085675,0.051586925252034566,0.0,0.0,0.0,0,0,0.0,0.257298579457426
2114,10076,F,30,30,1,MONTHLY,3,5827.0,0,1,0,1,151076.9,138219.2,90,31418.573333333334,5218.354806495235,0,13,0,29,36,0,12,12,0,12,0,12,90,289296.1,0,Plzen - mesto,west Bohemia,170449,0,0,0,1,1,100.0,10787,2.64,3.09,131,6041.0,6261,0,0,1.0930239793024412,12857.699999999983,142.86333333333314,4.808521965563469,4.399283141649122,7.942974736706936e-05,0.32222222222222224,0.03775419628022181,0.034541050329304046,0.0,0.13333333333333333,0.13333333333333333,0,1,0.0,0.16609139922209182
2115,10090,F,19,10,1,MONTHLY,3,7356.0,0,1,0,1,144614.2,145995.4,74,28351.65,6180.478403508331,0,12,0,34,16,0,9,12,0,8,0,0,74,290609.6,0,Rokycany,west Bohemia,45714,52,10,5,1,6,55.6,8843,2.82,3.6,113,818.0,888,1,0,0.9905394279545795,-1381.1999999999825,-18.66486486486463,5.100733114298462,5.14944985565214,0.0,0.4594594594594595,0.042333377650996755,0.04273770074797863,0.0,0.0,0.10810810810810811,0,0,0.0,0.21799360543419274
2116,10095,F,23,20,3,MONTHLY,1,6695.0,0,0,0,1,533216.9,527687.2,80,52873.027500000004,19684.63209562848,3,0,12,53,0,0,12,12,0,0,0,0,80,1060904.1,0,Praha - zapad,central Bohemia,75637,35,36,9,0,7,36.5,9622,0.45,0.59,154,3475.0,3529,0,0,1.0104791247542106,5529.70000000007,69.12125000000087,10.08485659346819,9.980272077289312,0.0,0.8125,0.03730359973792899,0.036916744566101486,0.0,0.0,0.0,0,1,0.0,0.3723000748468296
2117,10145,F,34,30,3,TRANSACTION,1,1280.0,0,0,1,0,501140.7,492928.0,88,69029.08181818182,28735.81516986959,4,23,0,37,0,0,12,24,0,0,0,0,88,994068.7,0,Usti nad Orlici,east Bohemia,139012,59,41,8,3,10,61.9,8363,2.52,3.49,108,2564.0,2799,0,0,1.0166610539470267,8212.700000000012,93.3261363636365,7.259848846316289,7.140874353483953,0.0,0.42045454545454547,0.05829617138784892,0.05734081300894058,0.0,0.0,0.0,0,1,0.0,0.4162856351697954
2118,10198,M,23,20,3,MONTHLY,1,6239.2,0,0,0,1,490401.3,467819.6,69,75663.9724637681,21320.59654656587,2,0,12,31,12,0,12,12,0,0,0,12,69,958220.9,0,Tachov,west Bohemia,51313,34,12,3,1,4,59.2,8930,3.52,4.2,108,1328.0,1452,0,0,1.0482701024069963,22581.70000000001,327.2710144927538,6.4813052240262685,6.182858033577561,2.4469755687841773e-05,0.6231884057971014,0.04557439779471803,0.04347581571779249,0.0,0.17391304347826086,0.0,0,1,0.0,0.2817800315305318
2119,10200,F,19,10,3,MONTHLY,5,8796.8,1,1,0,1,287554.4,301013.2,126,23582.442857142854,8781.00385294008,0,0,12,42,48,12,12,24,0,12,0,0,126,588567.6,0,Rakovnik,central Bohemia,53921,61,22,1,1,2,41.3,8598,2.77,3.26,123,1597.0,1875,0,0,0.9552883395146792,-13458.799999999988,-106.81587301587292,12.193579848446577,12.764292563898932,0.0,0.42857142857142855,0.029171490994215805,0.030536843995223443,0.09523809523809523,0.0,0.09523809523809523,1,0,0.0,0.3723534455753134
2120,10269,F,59,50,2,MONTHLY,1,5616.2,0,0,0,1,491055.0,434754.6,95,55819.14736842105,20500.113113490956,0,19,0,40,12,0,12,24,0,0,0,12,95,925809.6,0,Karvina,north Moravia,285387,0,2,8,5,7,89.9,10177,6.63,7.75,81,9878.0,10108,0,0,1.1294992623424802,56300.40000000002,592.6357894736844,8.797250104142721,7.788628463464432,2.4437181171151906e-05,0.42105263157894735,0.04715329777647196,0.041747081515290455,0.0,0.12631578947368421,0.0,0,1,0.0,0.3672595172080437
2121,10275,F,29,20,3,MONTHLY,2,8525.0,0,1,0,1,160607.6,155155.2,97,32645.08041237113,6286.2693746078985,0,19,0,30,24,0,12,24,0,12,0,12,97,315762.8,0,Vsetin,north Moravia,148545,8,35,12,3,4,53.5,8909,4.01,5.56,113,3460.0,3590,0,0,1.0351415872623024,5452.399999999994,56.21030927835046,4.919810212479562,4.752789640585558,7.47162649837243e-05,0.30927835051546393,0.040516008323329786,0.03914054736268955,0.0,0.12371134020618557,0.12371134020618557,0,1,0.0,0.19256406463700004
2122,10282,M,20,20,1,WEEKLY,3,11804.2,0,1,0,1,594451.2,640914.0,121,55483.67768595041,27554.977783970022,2,21,0,40,34,0,12,24,0,12,0,10,121,1235365.2,0,Hl.m. Praha,Prague,1204953,0,0,0,1,1,100.0,12541,0.29,0.43,167,85677.0,99107,0,0,0.9275054063415684,-46462.80000000005,-383.9900826446285,10.713983369392382,11.551397216812331,1.6822238730445832e-05,0.3305785123966942,0.04299325304794406,0.04635364144940749,0.0,0.08264462809917356,0.09917355371900827,1,0,0.0,0.49663214359972935
2123,10287,F,37,30,3,MONTHLY,2,4027.0,0,1,0,1,277160.9,291108.2,95,37225.76947368421,10116.268713431651,0,12,0,44,15,0,12,24,0,12,0,3,95,568269.1,0,Rychnov nad Kneznou,east Bohemia,78955,50,24,8,1,9,59.0,9060,1.78,2.44,124,1655.0,1717,0,0,0.9520889483703998,-13947.299999999988,-146.8136842105262,7.445404189587853,7.820072066093661,1.0824037589717741e-05,0.4631578947368421,0.03475088889090603,0.036499624273956574,0.0,0.031578947368421054,0.12631578947368421,0,0,0.0,0.2717544554876988
2124,10350,F,38,30,3,MONTHLY,3,13140.8,0,1,0,1,146673.0,229000.8,88,20123.385227272727,11458.561391615072,0,12,0,16,36,0,12,24,0,12,0,12,88,375673.8,0,Rokycany,west Bohemia,45714,52,10,5,1,6,55.6,8843,2.82,3.6,113,818.0,888,0,0,0.6404912122577738,-82327.79999999999,-935.5431818181817,7.288684202159868,11.379834824691466,8.181464891288785e-05,0.18181818181818182,0.05003721118710097,0.07812318144181324,0.0,0.13636363636363635,0.13636363636363635,0,0,0.0,0.5694151983974132
2125,10382,F,34,30,2,MONTHLY,4,12286.0,1,1,0,1,294768.1,295587.2,123,34898.52113821138,11031.15480418871,0,15,0,36,48,12,12,24,0,12,0,12,123,590355.3,0,Strakonice,south Bohemia,70646,94,14,3,1,4,58.4,8547,2.65,3.64,120,1563.0,1542,0,0,0.9972289057171622,-819.1000000000349,-6.659349593496219,8.44643527536902,8.469906183971595,4.070996827675722e-05,0.2926829268292683,0.03731946039675842,0.037423163511210035,0.0975609756097561,0.0975609756097561,0.0975609756097561,1,0,0.0,0.3160923283969872
2126,10389,F,56,50,2,MONTHLY,3,12996.3,0,1,0,1,290438.6,308874.60000000003,104,29239.190384615384,8247.510248901293,0,1,12,35,32,0,12,24,0,12,0,8,104,599313.2,0,Strakonice,south Bohemia,70646,94,14,3,1,4,58.4,8547,2.65,3.64,120,1563.0,1542,0,0,0.94031234682295,-18436.00000000006,-177.26923076923134,9.933195693161819,10.563719307444257,2.7544548142016937e-05,0.4519230769230769,0.026701807946983316,0.028396742887829972,0.0,0.07692307692307693,0.11538461538461539,1,0,0.0,0.28207040415321616
2127,10459,F,35,30,3,MONTHLY,3,5206.0,0,1,0,1,109604.5,116129.2,110,29412.51818181818,3770.9783635526182,0,19,0,42,25,0,12,24,0,12,0,1,110,225733.7,0,Kladno,central Bohemia,149893,63,29,6,2,6,67.4,9753,4.64,5.05,109,5244.0,5892,0,0,0.9438151644892069,-6524.699999999997,-59.31545454545452,3.7264575349333326,3.9482916519465894,9.12371298623688e-06,0.38181818181818183,0.032472266781762196,0.034405324266363314,0.0,0.00909090909090909,0.10909090909090909,1,0,0.0,0.1282099798542142
2128,10475,F,51,50,3,MONTHLY,2,11205.0,0,1,0,1,236333.2,235795.2,91,35157.73186813187,7380.870175420887,0,14,0,29,24,0,12,24,0,12,0,12,91,472128.4,0,Prachatice,south Bohemia,51428,50,11,3,1,4,52.7,8402,3.13,3.98,120,999.0,1099,0,0,1.0022816410172897,538.0,5.912087912087912,6.722083235813634,6.706780769715482,5.077576912596283e-05,0.31868131868131866,0.031302037426635,0.031230779997989646,0.0,0.13186813186813187,0.13186813186813187,0,1,0.0,0.20993590266586995
2129,10479,F,44,40,2,MONTHLY,2,5834.0,0,1,0,1,161323.5,157863.2,99,39130.792929292926,7015.730392151458,6,16,0,29,24,0,12,24,0,12,0,12,99,319186.7,0,Benesov,central Bohemia,88884,80,26,6,2,5,46.7,8507,1.67,1.85,132,2159.0,2674,0,0,1.0219196114103857,3460.2999999999884,34.952525252525135,4.122673933326682,4.034244853797102,7.438469906740184e-05,0.29292929292929293,0.044441835666269636,0.043488582829850936,0.0,0.12121212121212122,0.12121212121212122,0,1,0.0,0.1792892468299448
2130,10510,F,54,50,3,MONTHLY,2,19935.3,0,1,0,1,489065.1,484046.2,97,45270.99381443299,15691.603018041042,0,0,12,49,12,0,12,24,0,12,0,0,97,973111.3,0,Cheb,west Bohemia,87419,21,11,4,3,9,85.5,8624,1.79,2.66,102,2879.0,3198,0,0,1.0103686383655113,5018.899999999965,51.7412371134017,10.803056411897888,10.692192930071698,0.0,0.6288659793814433,0.032417572987952475,0.032084896301210294,0.0,0.0,0.12371134020618557,0,1,0.0,0.3466149447118687
2131,10528,F,47,40,1,MONTHLY,1,3626.0,0,0,0,1,712210.7,650524.0,99,77422.34747474748,20386.76098046877,0,29,0,43,3,0,10,24,0,0,0,3,99,1362734.7,0,Pardubice,east Bohemia,162580,83,26,5,1,6,72.8,9538,1.51,1.81,111,6079.0,5410,0,1,1.0948261709022264,61686.69999999995,623.0979797979793,9.199032620811435,8.402276877644129,4.2122366316597045e-06,0.43434343434343436,0.031338983620079766,0.02862462046760709,0.0,0.030303030303030304,0.0,0,1,0.0,0.2633188174398643
2132,10543,F,54,50,1,WEEKLY,1,4806.5,0,0,0,1,836452.1,808907.5,118,69489.02372881355,29975.98200823275,0,29,0,58,7,0,12,24,0,0,0,7,118,1645359.6,0,Ceske Budejovice,south Bohemia,177686,69,27,10,1,9,74.8,10045,1.42,1.71,135,6604.0,6295,0,1,1.0340516066422922,27544.599999999977,233.42881355932184,12.037183070297848,11.640795288142568,8.368680047548449e-06,0.4915254237288136,0.037057366890816006,0.035837057505424104,0.0,0.059322033898305086,0.0,1,1,0.0,0.4313772218935814
2133,10555,M,64,60,2,TRANSACTION,1,4806.5,0,0,0,1,101853.2,97278.0,63,29760.692063492064,9971.525223278752,0,9,0,18,12,0,12,24,0,0,0,12,63,199131.2,0,Hl.m. Praha,Prague,1204953,0,0,0,1,1,100.0,12541,0.29,0.43,167,85677.0,99107,0,0,1.0470322169452497,4575.199999999997,72.62222222222218,3.4224069716760726,3.2686739875694135,0.00011781662235452593,0.2857142857142857,0.1025054505980669,0.09790095179413855,0.0,0.19047619047619047,0.0,0,1,0.0,0.33505689995398286
2134,10563,M,50,50,3,MONTHLY,3,15848.0,0,1,0,1,502636.6,515352.2,111,48850.32252252252,15457.805846130617,0,0,12,39,36,0,12,24,0,12,0,12,111,1017988.8,0,Frydek - Mistek,north Moravia,228848,15,40,18,2,6,57.2,9893,4.09,4.72,96,5623.0,5887,0,0,0.975326388438819,-12715.600000000035,-114.55495495495526,10.289319988998201,10.5496171445418,2.3874107058658283e-05,0.4594594594594595,0.0299946441407073,0.03075344263853969,0.0,0.10810810810810811,0.10810810810810811,1,0,0.0,0.316432012071236
2135,10566,F,57,50,3,MONTHLY,3,15843.8,0,1,0,1,96456.1,103566.4,68,11347.004411764707,6127.623954169477,0,8,0,12,24,0,12,24,0,12,0,4,68,200022.5,0,Ostrava - mesto,north Moravia,323870,0,0,0,1,1,100.0,10673,4.75,5.44,100,18782.0,18347,0,0,0.931345494291585,-7110.299999999988,-104.56323529411748,8.500578346474704,9.127201880050487,4.146964266645655e-05,0.17647058823529413,0.059166138382424,0.06352759394345693,0.0,0.058823529411764705,0.17647058823529413,0,0,0.0,0.5400212894793875
2136,10636,M,28,20,3,MONTHLY,2,10121.8,0,1,0,1,729050.6,729940.8,120,67310.72916666667,26009.874196928897,3,30,0,39,24,0,12,24,0,12,0,12,120,1458991.4,0,Zlin,south Moravia,197099,29,41,10,2,10,74.7,9624,1.6,2.31,145,4484.0,4265,0,0,0.9987804490446348,-890.2000000000698,-7.418333333333916,10.831120224456539,10.844345456318102,1.6459762875169434e-05,0.325,0.03563285433137714,0.03567636347453647,0.0,0.1,0.1,1,0,0.0,0.3864149819641145
2137,10798,F,19,10,3,MONTHLY,1,1562.1,0,0,1,0,242919.3,295968.2,77,52205.38181818182,19131.814171706716,0,12,0,41,0,0,12,24,0,0,0,0,77,538887.5,0,Hl.m. Praha,Prague,1204953,0,0,0,1,1,100.0,12541,0.29,0.43,167,85677.0,99107,0,0,0.820761487213829,-53048.90000000002,-688.9467532467536,4.653146697519168,5.669304383804387,0.0,0.5324675324675324,0.0646414519252633,0.07875790096425733,0.0,0.0,0.0,0,0,0.0,0.36647206677537575
2138,10818,M,27,20,2,MONTHLY,1,708.0,0,0,0,1,179141.2,171971.2,86,47701.347674418605,8639.975491614563,0,12,0,38,12,0,12,24,0,0,0,12,86,351112.4,0,Zlin,south Moravia,197099,29,41,10,2,10,74.7,9624,1.6,2.31,145,4484.0,4265,0,0,1.0416930276697494,7170.0,83.37209302325581,3.755474608866665,3.605164390192379,6.698626558268003e-05,0.4418604651162791,0.05024082806664466,0.04822997440909496,0.0,0.13953488372093023,0.0,0,1,0.0,0.18112644427964517
2139,10912,M,36,30,2,MONTHLY,0,0.0,0,0,0,0,494210.0,509486.2,104,71193.11346153847,20417.137344345694,0,19,0,61,0,0,12,24,0,11,0,0,104,1003696.2,0,Cesky Krumlov,south Bohemia,58796,22,16,7,1,5,51.9,9045,3.13,3.6,124,1845.0,1879,0,0,0.9700164597196156,-15276.200000000012,-146.88653846153858,6.941823105783865,7.156397230404118,0.0,0.5865384615384616,0.04007397520157699,0.041312675470641415,0.0,0.0,0.10576923076923077,1,0,0.0,0.2867852851438489
2140,10963,M,55,50,2,WEEKLY,2,5801.8,0,1,0,1,279117.1,258424.6,92,54204.882608695654,20099.592223596457,0,11,0,33,24,0,12,24,0,12,0,12,92,537541.7,0,Hl.m. Praha,Prague,1204953,0,0,0,1,1,100.0,12541,0.29,0.43,167,85677.0,99107,0,0,1.080071711439236,20692.49999999997,224.91847826086925,5.1492981179378745,4.7675520647385925,4.299270807843733e-05,0.358695652173913,0.07777739512258684,0.07201132508039264,0.0,0.13043478260869565,0.13043478260869565,0,1,0.0,0.3708077807066783
2141,11008,F,30,30,3,MONTHLY,0,0.0,0,0,0,0,245507.6,241573.80000000002,85,18051.837647058823,9854.180002076668,0,8,12,41,0,0,12,24,3,0,0,0,85,487081.4,0,Trutnov,east Bohemia,121947,37,28,7,3,11,70.5,8541,2.51,2.97,131,3496.0,3839,0,0,1.0162840506710578,3933.7999999999884,46.279999999999866,13.600144472826036,13.38222760048806,0.0,0.6235294117647059,0.040791592474335656,0.040137983516912175,0.0,0.0,0.0,0,1,0.03529411764705882,0.5458823746779157
2142,11034,M,27,20,3,MONTHLY,1,1209.4,0,0,1,0,132728.80000000002,119917.2,65,33614.38461538462,12690.607680279127,0,12,0,29,0,0,12,24,0,0,0,0,65,252646.0,0,Hl.m. Praha,Prague,1204953,0,0,0,1,1,100.0,12541,0.29,0.43,167,85677.0,99107,0,0,1.1068370508984535,12811.60000000002,197.10153846153878,3.948571467801102,3.5674370175771815,0.0,0.4461538461538462,0.10582808538123911,0.0956130672490004,0.0,0.0,0.0,0,1,0.0,0.377535029288351
2143,11063,F,44,40,3,MONTHLY,1,6330.2,0,0,0,1,310023.6,291233.6,86,60056.138372093024,21602.765523113652,0,18,0,32,12,0,12,24,0,0,0,12,86,601257.2,0,Zlin,south Moravia,197099,29,41,10,2,10,74.7,9624,1.6,2.31,145,4484.0,4265,0,0,1.064518654440971,18790.0,218.48837209302326,5.162230013511195,4.8493560840623555,3.870673071340376e-05,0.37209302325581395,0.07417676230734933,0.06968103564733025,0.0,0.13953488372093023,0.0,0,1,0.0,0.3597095335911917
2144,11083,M,46,40,1,MONTHLY,1,3798.1,0,0,1,0,459190.7,386743.0,69,50243.7231884058,24374.424796815838,0,16,0,31,0,0,10,22,0,0,0,0,69,845933.7,0,Trebic,south Moravia,117897,139,28,5,1,6,53.8,8814,4.76,5.74,107,2112.0,2059,0,0,1.187327760295597,72447.70000000001,1049.966666666667,9.139264983968435,7.697339597023425,0.0,0.4492753623188406,0.06302486353163687,0.05308126840725615,0.0,0.0,0.0,0,1,0.0,0.4851237776590661
2145,11093,M,40,40,2,WEEKLY,2,8424.0,0,1,0,1,262794.8,258172.0,89,40206.99325842696,20120.371077150307,0,14,0,32,19,0,12,24,0,12,0,7,89,520966.8,0,Teplice,north Bohemia,128118,9,16,6,3,8,85.3,9317,6.49,7.07,97,6949.0,6872,0,0,1.0179058921959003,4622.799999999988,51.94157303370773,6.536047058055527,6.421072034425003,2.663675232538848e-05,0.3595505617977528,0.0779339784219447,0.07656304872528036,0.0,0.07865168539325842,0.1348314606741573,0,1,0.0,0.5004196893766307
2146,11105,F,42,40,1,MONTHLY,1,2088.0,0,0,0,1,167264.6,169923.4,86,24669.405813953486,7668.054136823758,0,1,12,28,9,0,9,36,0,8,0,9,86,337188.0,0,Karvina,north Moravia,285387,0,2,8,5,7,89.9,10177,6.63,7.75,81,9878.0,10108,0,0,0.9843529496231832,-2658.7999999999884,-30.916279069767306,6.780244374811491,6.888021595716265,5.3806962142617144e-05,0.46511627906976744,0.04512653429029644,0.045843855405290526,0.0,0.10465116279069768,0.09302325581395349,0,0,0.0,0.31083254273139244
2147,11121,F,28,20,1,MONTHLY,3,6660.0,0,1,0,1,235574.1,224713.2,101,46330.9198019802,10852.306402650263,0,13,0,39,25,0,12,24,0,12,0,1,101,460287.3,0,Olomouc,north Moravia,226122,32,50,7,4,4,62.6,8994,3.8,4.79,110,9672.0,9208,0,0,1.0483322742055206,10860.899999999994,107.53366336633658,5.084597953307448,4.8501778285523205,4.244948829264338e-06,0.38613861386138615,0.04829403169306593,0.04606748535874811,0.0,0.009900990099009901,0.1188118811881188,1,1,0.0,0.23423464176911143
2148,11126,F,34,30,3,MONTHLY,4,17612.0,1,1,0,1,323731.0,312056.2,117,41367.85897435898,9511.037719762795,0,6,12,39,36,12,12,24,0,12,0,0,117,635787.2,0,Hl.m. Praha,Prague,1204953,0,0,0,1,1,100.0,12541,0.29,0.43,167,85677.0,99107,0,0,1.037412491724247,11674.799999999988,99.78461538461528,7.825664852528579,7.543445750804306,0.0,0.4358974358974359,0.03047860519920064,0.02937944688572548,0.10256410256410256,0.0,0.10256410256410256,1,1,0.0,0.2299137048803521
2149,11136,F,55,50,3,MONTHLY,0,0.0,0,0,0,0,64240.1,104998.2,59,11806.035593220338,7518.686958385357,0,6,0,33,0,0,12,20,0,0,0,0,59,169238.3,0,Hl.m. Praha,Prague,1204953,0,0,0,1,1,100.0,12541,0.29,0.43,167,85677.0,99107,0,0,0.6118209645498685,-40758.1,-690.8152542372881,5.441293099005235,8.893603544639118,0.0,0.559322033898305,0.07160777002258474,0.1170403993515788,0.0,0.0,0.0,0,0,0.0,0.6368511172965624
2150,11149,M,34,30,1,TRANSACTION,1,2999.3,0,0,0,1,403170.4,412004.3,93,37488.73440860215,28595.552861877186,0,16,0,54,0,0,12,23,3,11,0,0,93,815174.7,0,Hradec Kralove,east Bohemia,161854,73,21,6,1,6,76.3,9425,1.72,2.5,125,4085.0,3891,1,0,0.9785587189259919,-8833.899999999965,-94.98817204301038,10.754441470488498,10.990082927565078,0.0,0.5806451612903226,0.06940595732102113,0.07092671699578437,0.0,0.0,0.11827956989247312,0,0,0.03225806451612903,0.7627772266250649
2151,11195,M,46,40,3,MONTHLY,3,7083.0,0,1,0,1,250723.5,263771.2,109,49810.19082568807,8426.63350383046,1,12,0,36,36,0,12,24,0,12,0,12,109,514494.7,0,Pardubice,east Bohemia,162580,83,26,5,1,6,72.8,9538,1.51,1.81,111,6079.0,5410,0,0,0.9505340234263634,-13047.700000000012,-119.70366972477075,5.033578387149986,5.295526791356281,4.786148885126444e-05,0.3302752293577982,0.03194675348874502,0.03360926879143942,0.0,0.11009174311926606,0.11009174311926606,1,0,0.0,0.16917488899650399
2152,11208,F,42,40,2,MONTHLY,1,3585.2,0,0,0,1,516069.3,485978.60000000003,90,66260.31333333334,23703.804840930043,0,22,0,32,12,0,12,24,0,0,0,12,90,1002047.9,0,Praha - vychod,central Bohemia,92084,55,29,4,3,5,46.7,10124,0.56,0.54,141,3810.0,4316,0,0,1.0619177469954437,30090.699999999953,334.3411111111106,7.7885128222051865,7.3343842724559005,2.3252691063002586e-05,0.35555555555555557,0.04877540871332615,0.045931437581987616,0.0,0.13333333333333333,0.0,0,1,0.0,0.3577375905496278
2153,11314,M,63,60,3,MONTHLY,4,10591.3,1,1,0,1,167085.2,155170.80000000002,100,26222.123,6391.7224786604365,0,0,12,16,48,12,12,24,0,12,0,12,100,322256.0,0,Jicin,east Bohemia,77917,85,19,6,1,5,53.5,8390,2.28,2.89,132,2080.0,2122,0,0,1.076782487426758,11914.399999999994,119.14399999999995,6.3719173310261725,5.917552899892965,7.18196465036999e-05,0.28,0.04119152880993354,0.03825427074726209,0.12,0.12,0.12,0,1,0.0,0.24375305076024686
2154,11319,F,57,50,2,MONTHLY,0,0.0,0,0,0,0,307691.8,314575.2,68,61236.498529411765,10844.09324147018,0,12,0,32,0,0,12,24,0,0,0,0,68,622267.0,0,Hl.m. Praha,Prague,1204953,0,0,0,1,1,100.0,12541,0.29,0.43,167,85677.0,99107,0,1,0.9781184276446457,-6883.400000000023,-101.22647058823564,5.024647185733786,5.137054004629448,0.0,0.47058823529411764,0.03447218102847961,0.03524336118632405,0.0,0.0,0.0,0,0,0.0,0.17708545560066247
2155,11331,F,55,50,3,MONTHLY,0,0.0,0,0,0,0,434735.7,464275.2,78,52064.92564102564,26732.160122294823,0,13,0,41,0,0,12,24,0,12,0,0,78,899010.9,0,Karvina,north Moravia,285387,0,2,8,5,7,89.9,10177,6.63,7.75,81,9878.0,10108,0,1,0.9363750206773913,-29539.5,-378.71153846153845,8.349876517588665,8.917235437942596,0.0,0.5256410256410257,0.057578264189633264,0.06149060250238207,0.0,0.0,0.15384615384615385,0,0,0.0,0.5134389378870189
2156,11371,F,58,50,1,MONTHLY,1,1735.0,0,0,0,1,207785.4,215575.2,87,42114.06551724138,9205.124385158464,0,12,0,51,0,0,12,24,0,0,0,0,87,423360.6,0,Litomerice,north Bohemia,114006,71,26,6,2,9,62.3,9065,4.46,5.39,123,4147.0,4166,1,0,0.9638650457009896,-7789.8000000000175,-89.53793103448297,4.933871794328031,5.118840875425435,0.0,0.5862068965517241,0.04270029384251279,0.044301112518774007,0.0,0.0,0.0,0,0,0.0,0.2185760095137315
2157,11372,M,38,30,3,MONTHLY,3,11733.0,0,1,0,1,210612.5,187695.2,113,50891.53097345133,11742.965867055715,0,24,0,41,24,0,12,24,0,12,0,0,113,398307.7,0,Praha - zapad,central Bohemia,75637,35,36,9,0,7,36.5,9622,0.45,0.59,154,3475.0,3529,0,0,1.1220984873347852,22917.29999999999,202.8079646017698,4.138458717421384,3.6881421409372668,0.0,0.36283185840707965,0.0625640179773149,0.05575626264849292,0.0,0.0,0.10619469026548672,1,1,0.0,0.2307449912084918
2158,11409,F,19,10,3,MONTHLY,3,16808.3,0,1,0,1,482523.6,518961.2,121,67036.85785123966,20165.146629071616,2,23,0,48,24,0,12,24,0,12,0,0,121,1001484.8,0,Hl.m. Praha,Prague,1204953,0,0,0,1,1,100.0,12541,0.29,0.43,167,85677.0,99107,0,0,0.9297874291950919,-36437.600000000035,-301.1371900826449,7.197885095849209,7.741430858105221,0.0,0.39669421487603307,0.03885675196733709,0.041791005930221066,0.0,0.0,0.09917355371900827,1,0,0.0,0.3008068587256841
2159,11461,M,25,20,3,MONTHLY,3,10880.5,0,1,0,1,844144.5,815569.2,142,77070.4514084507,29660.91720418844,0,34,0,60,24,0,12,24,0,12,0,0,142,1659713.7,0,Frydek - Mistek,north Moravia,228848,15,40,18,2,6,57.2,9893,4.09,4.72,96,5623.0,5887,0,0,1.0350372476057212,28575.300000000047,201.23450704225385,10.952894197106525,10.582125640833778,0.0,0.4225352112676056,0.03636836359709077,0.03513725103248134,0.0,0.0,0.08450704225352113,1,1,0.0,0.38485459293594004
2160,11497,F,40,40,3,MONTHLY,1,2172.0,0,0,0,1,162952.6,157826.0,94,26464.258510638298,8464.262327713272,2,14,0,37,5,0,12,36,4,0,0,5,94,320778.6,0,Sokolov,west Bohemia,94812,15,13,8,2,10,81.8,9650,3.38,3.67,100,2985.0,2804,0,0,1.032482607428434,5126.600000000006,54.538297872340486,6.157459500877197,5.963741622934795,3.0683769390608066e-05,0.39361702127659576,0.05363034181765534,0.05194309466503309,0.0,0.05319148936170213,0.0,0,1,0.0425531914893617,0.31983750175017167
2161,11516,M,61,60,1,MONTHLY,2,18099.0,0,1,0,1,55821.899999999994,31500.0,27,28988.207407407408,6840.19148258326,0,9,0,6,0,0,0,12,0,0,0,0,27,87321.9,0,Kromeriz,south Moravia,108871,41,29,7,2,6,62.1,8444,3.24,3.47,106,2595.0,2305,1,0,1.7721238095238094,24321.899999999994,900.8111111111109,1.9256761625672558,1.086648772629892,0.0,0.2222222222222222,0.21714893595502413,0.12253598466879953,0.0,0.0,0.0,0,1,0.0,0.23596462473341398
2162,11545,F,33,30,1,MONTHLY,3,10905.0,0,1,0,1,320484.3,312462.6,95,51956.084210526315,25855.81493442135,0,14,0,37,21,0,11,23,0,10,0,0,95,632946.9,0,Hl.m. Praha,Prague,1204953,0,0,0,1,1,100.0,12541,0.29,0.43,167,85677.0,99107,1,1,1.0256725124862944,8021.700000000012,84.43894736842118,6.168369015289835,6.013975162829823,0.0,0.3894736842105263,0.08274851113196059,0.08067732158617863,0.0,0.0,0.10526315789473684,0,1,0.0,0.49764749070875813
2163,11574,F,55,50,3,WEEKLY,2,6583.0,0,1,0,1,128573.6,158285.0,71,25911.070422535213,11993.247150737954,0,13,0,22,24,0,12,12,0,12,0,12,71,286858.6,0,Hl.m. Praha,Prague,1204953,0,0,0,1,1,100.0,12541,0.29,0.43,167,85677.0,99107,0,0,0.8122917522190986,-29711.399999999994,-418.4704225352112,4.962110708022999,6.108778889440915,9.333175706365847e-05,0.30985915492957744,0.0757699538853205,0.09327923578975741,0.0,0.16901408450704225,0.16901408450704225,0,0,0.0,0.4628618947485575
2164,11662,M,27,20,3,WEEKLY,2,8152.0,0,1,0,1,373130.9,304405.0,80,53689.10875,20257.912376194352,0,15,0,37,16,0,12,12,0,12,0,4,80,677535.9,0,Hl.m. Praha,Prague,1204953,0,0,0,1,1,100.0,12541,0.29,0.43,167,85677.0,99107,0,0,1.2257712586849756,68725.90000000002,859.0737500000002,6.949843435424881,5.669771897638364,1.0720098496264983e-05,0.4625,0.06654921034869452,0.054291704000377215,0.0,0.05,0.15,0,1,0.0,0.37731884264505233
2165,11685,F,34,30,1,MONTHLY,2,10733.8,0,1,0,1,308886.2,308475.8,83,46991.571084337345,11656.01190607317,0,0,12,35,24,0,12,12,0,12,0,12,83,617362.0,0,Zlin,south Moravia,197099,29,41,10,2,10,74.7,9624,1.6,2.31,145,4484.0,4265,0,0,1.0013304123046283,410.4000000000233,4.944578313253293,6.573225641799284,6.564492160655113,3.8849259047506814e-05,0.5662650602409639,0.0377858227649403,0.03773561883332169,0.0,0.14457831325301204,0.14457831325301204,0,1,0.0,0.2480447373243541
2166,11794,F,29,20,2,WEEKLY,2,17748.7,0,1,0,1,449766.7,429485.4,82,46626.83902439024,21777.347252761232,0,18,0,28,24,0,12,12,0,12,0,12,82,879252.1,0,Tachov,west Bohemia,51313,34,12,3,1,4,59.2,8930,3.52,4.2,108,1328.0,1452,0,0,1.0472223269987757,20281.29999999999,247.33292682926816,9.646090307874603,9.211119796804981,2.668049902316023e-05,0.34146341463414637,0.05070567533322723,0.04841920767535976,0.0,0.14634146341463414,0.14634146341463414,0,1,0.0,0.4670560498722554
2167,11804,M,55,50,3,MONTHLY,2,8508.7,0,1,0,1,272705.5,255717.6,78,35090.71025641025,17427.718226058925,0,12,0,30,24,0,12,12,0,12,0,12,78,528423.1,0,Ostrava - mesto,north Moravia,323870,0,0,0,1,1,100.0,10673,4.75,5.44,100,18782.0,18347,0,0,1.0664322674700528,16987.899999999994,217.79358974358968,7.771444294154265,7.287330411138839,4.400351294711694e-05,0.38461538461538464,0.06815220472137594,0.06390673538325749,0.0,0.15384615384615385,0.15384615384615385,0,1,0.0,0.4966476340522429
2168,11851,M,29,20,2,TRANSACTION,1,5091.3,0,0,0,1,57410.5,78995.6,50,22676.926,5414.363554163786,0,10,0,16,12,0,12,12,0,0,0,12,50,136406.1,0,Znojmo,south Moravia,114200,101,41,4,1,4,43.7,8403,5.74,5.72,105,2157.0,2718,0,0,0.7267556674042605,-21585.100000000006,-431.7020000000001,2.5316702978172616,3.4835232958823434,0.0002090209979010808,0.32,0.06854006494239914,0.0943096394242131,0.0,0.24,0.0,0,0,0.0,0.23876091292813612
2169,11860,F,74,70,3,MONTHLY,0,0.0,0,0,0,0,54339.5,50285.2,70,9009.32142857143,3317.5805847772094,0,0,12,34,0,0,12,24,0,10,12,0,70,104624.7,0,Karvina,north Moravia,285387,0,2,8,5,7,89.9,10177,6.63,7.75,81,9878.0,10108,0,0,1.0806261086761115,4054.300000000003,57.91857142857147,6.031475337051704,5.581463642814386,0.0,0.6571428571428571,0.06597528864908979,0.061052836054384184,0.0,0.0,0.14285714285714285,0,1,0.0,0.36823867491907925
2170,11866,M,62,60,3,MONTHLY,3,17868.3,0,1,0,1,271585.0,255696.8,91,32242.457142857143,9911.221063523493,0,8,12,23,36,0,12,12,0,12,0,12,91,527281.8,0,Hl.m. Praha,Prague,1204953,0,0,0,1,1,100.0,12541,0.29,0.43,167,85677.0,99107,0,0,1.0621368746108673,15888.200000000012,174.5956043956045,8.423210389849762,7.9304377723782125,4.418506176703426e-05,0.38461538461538464,0.03876161556782679,0.036493992906543045,0.0,0.13186813186813187,0.13186813186813187,0,1,0.0,0.30739658021749694
2171,11886,F,58,50,3,MONTHLY,2,16534.5,0,1,0,1,394825.5,446938.2,89,46440.16629213483,15271.400371326492,0,19,0,34,24,0,12,12,0,12,0,12,89,841763.7,0,Trebic,south Moravia,117897,139,28,5,1,6,53.8,8814,4.76,5.74,107,2112.0,2059,0,0,0.8834006580775597,-52112.70000000001,-585.5359550561799,8.501810642027529,9.623957786638979,3.039317369318851e-05,0.38202247191011235,0.034168930673919774,0.03867886033532913,0.0,0.1348314606741573,0.1348314606741573,0,0,0.0,0.32884034642039767
2172,11943,M,38,30,3,MONTHLY,1,2467.0,0,0,1,0,449730.6,465765.2,80,60751.70625,19222.36398613024,0,1,12,43,0,0,12,24,0,0,0,0,80,915495.8,0,Frydek - Mistek,north Moravia,228848,15,40,18,2,6,57.2,9893,4.09,4.72,96,5623.0,5887,0,0,0.9655736409675948,-16034.600000000035,-200.43250000000043,7.40276492234323,7.666701542230347,0.0,0.6875,0.04127050279009733,0.042741952595910175,0.0,0.0,0.0,0,0,0.0,0.316408627389461
2173,11947,M,35,30,3,MONTHLY,1,3112.1,0,0,1,0,575903.5,637768.2,98,68980.27142857143,28030.171797929503,0,23,0,51,0,0,12,24,0,0,0,0,98,1213671.7,0,Karvina,north Moravia,285387,0,2,8,5,7,89.9,10177,6.63,7.75,81,9878.0,10108,0,0,0.9029981425853469,-61864.69999999995,-631.2724489795913,8.348814640376471,9.24566092292641,0.0,0.5204081632653061,0.043950406743279935,0.04867164689558147,0.0,0.0,0.0,0,0,0.0,0.4063505581730646
2174,11978,M,28,20,2,TRANSACTION,3,9447.7,0,1,0,1,249137.2,248085.4,92,33499.875,9115.284437890783,0,2,12,30,36,0,12,12,0,12,0,12,92,497222.6,0,Brno - mesto,south Moravia,387570,0,0,0,1,1,100.0,9897,1.6,1.96,140,18721.0,18696,0,0,1.0042396690816953,1051.8000000000175,11.432608695652364,7.436959093130945,7.4055619610520935,4.816623129745377e-05,0.45652173913043476,0.03674252671818166,0.036587408214794025,0.0,0.13043478260869565,0.13043478260869565,0,1,0.0,0.2720990582171063
2175,12003,M,23,20,2,MONTHLY,1,3160.7,0,0,0,1,359996.2,387708.6,89,45942.19775280899,16146.04264720769,0,14,0,39,12,0,12,24,0,0,0,12,89,747704.8,0,Ostrava - mesto,north Moravia,323870,0,0,0,1,1,100.0,10673,4.75,5.44,100,18782.0,18347,0,0,0.928522606926955,-27712.399999999965,-311.375280898876,7.835850647305813,8.439052090761042,3.333368518889922e-05,0.43820224719101125,0.04164478850148718,0.04485059188738017,0.0,0.1348314606741573,0.0,0,0,0.0,0.35144253947277676
2176,12050,M,56,50,1,MONTHLY,4,15482.0,1,1,0,1,615344.5,583703.2,118,52944.50593220339,24912.07496836528,1,18,0,46,41,12,12,12,0,12,0,5,118,1199047.7,0,Usti nad Orlici,east Bohemia,139012,59,41,8,3,10,61.9,8363,2.52,3.49,108,2564.0,2799,0,0,1.05420785769206,31641.300000000047,268.1466101694919,11.622442955421327,11.024811540359726,8.125529682966209e-06,0.3898305084745763,0.042679353082808666,0.04048476092394631,0.1016949152542373,0.0423728813559322,0.1016949152542373,1,1,0.0,0.4705318244024364
2177,12079,F,27,20,1,WEEKLY,1,8013.7,0,0,0,1,305207.6,386299.0,100,39978.765,26398.077679076956,0,15,0,49,0,0,12,36,5,0,0,0,100,691506.6,0,Zlin,south Moravia,197099,29,41,10,2,10,74.7,9624,1.6,2.31,145,4484.0,4265,0,0,0.7900812582999179,-81091.40000000002,-810.9140000000002,7.634242828661665,9.66260463523573,0.0,0.49,0.0683358685346764,0.08649220294342919,0.0,0.0,0.0,0,0,0.05,0.6603024800560237
2178,12095,M,60,60,3,MONTHLY,1,5274.7,0,0,0,1,414251.1,400619.6,68,52225.680882352935,18081.018266219424,0,0,12,32,12,0,12,12,0,0,0,12,68,814870.7,0,Praha - zapad,central Bohemia,75637,35,36,9,0,7,36.5,9622,0.45,0.59,154,3475.0,3529,0,0,1.0340260436583733,13631.5,200.46323529411765,7.93194254246622,7.670931105761215,2.896793756250738e-05,0.6470588235294118,0.04513263521360269,0.04364748401686664,0.0,0.17647058823529413,0.0,0,1,0.0,0.34620933534499887
2179,12102,F,31,30,3,MONTHLY,3,20582.0,0,1,0,1,643354.6,624244.2,100,54922.71400000001,22300.618700164017,0,1,12,51,24,0,12,12,0,12,0,0,100,1267598.8,0,Strakonice,south Bohemia,70646,94,14,3,1,4,58.4,8547,2.65,3.64,120,1563.0,1542,0,0,1.0306136604873541,19110.400000000023,191.10400000000024,11.713816618749028,11.365865860161241,0.0,0.63,0.03572419046931316,0.034663028289786096,0.0,0.0,0.12,0,1,0.0,0.40603635683706407
2180,12144,M,19,10,3,MONTHLY,3,13911.0,0,1,0,1,291412.5,291107.2,91,56539.84725274725,9710.554594716232,5,12,0,26,36,0,12,12,0,12,0,12,91,582519.7,0,Pribram,central Bohemia,107870,84,29,6,1,6,58.0,8754,3.83,4.31,137,3804.0,3868,0,0,1.0010487545481526,305.29999999998836,3.354945054944927,5.15410837063838,5.148708639036078,4.117874147471368e-05,0.2857142857142857,0.03335731508776228,0.0333223681026594,0.0,0.13186813186813187,0.13186813186813187,0,1,0.0,0.17174709636741015
2181,12163,M,45,40,3,MONTHLY,4,17765.9,1,1,1,0,251197.5,241374.0,85,21757.410588235292,17220.12929999589,0,14,0,27,32,9,12,12,4,12,0,0,85,492571.5,0,Hl.m. Praha,Prague,1204953,0,0,0,1,1,100.0,12541,0.29,0.43,167,85677.0,99107,0,0,1.0406982525044122,9823.5,115.57058823529412,11.545376642192338,11.093875303824813,0.0,0.3176470588235294,0.0713421051977259,0.06855215239003529,0.10588235294117647,0.0,0.1411764705882353,0,1,0.047058823529411764,0.7914604189759231
2182,12181,M,38,30,1,MONTHLY,4,15812.5,1,1,0,1,254332.1,253660.7,102,29080.50882352941,7778.562221126805,0,6,12,27,45,12,12,12,0,12,0,9,102,507992.8,0,Hl.m. Praha,Prague,1204953,0,0,0,1,1,100.0,12541,0.29,0.43,167,85677.0,99107,0,0,1.0026468428101003,671.3999999999942,6.5823529411764135,8.745792638752478,8.722705009712895,3.538680331739485e-05,0.38235294117647056,0.030665224140463243,0.0305842723790147,0.11764705882352941,0.08823529411764706,0.11764705882352941,1,1,0.0,0.2674837042339875
2183,12220,F,28,20,1,MONTHLY,2,6505.0,0,1,0,1,153097.4,136891.0,73,45618.63424657535,5613.903929263961,0,14,0,32,15,0,10,12,0,10,0,5,73,289988.4,0,Prostejov,south Moravia,110643,49,41,4,1,4,51.9,8441,3.45,4.48,115,1879.0,2252,0,0,1.1183890832852414,16206.399999999994,222.00547945205471,3.3560276963244076,3.0007693623637275,3.2658947833209446e-05,0.4383561643835616,0.0410100293610534,0.03666883911329625,0.0,0.0684931506849315,0.136986301369863,0,1,0.0,0.12306163965628594
2184,12303,F,25,20,1,MONTHLY,1,529.0,0,0,0,1,211254.4,205449.2,74,44426.75405405405,8048.902971403343,0,12,0,44,6,0,12,12,0,0,0,6,74,416703.6,0,Karlovy Vary,west Bohemia,122603,25,21,6,2,8,80.0,8991,1.39,2.01,128,5198.0,5273,0,0,1.0282561333896652,5805.1999999999825,78.44864864864842,4.755116697091277,4.624447686410533,2.8401775300301438e-05,0.5945945945945946,0.03917709570737361,0.038100522267954386,0.0,0.08108108108108109,0.0,0,1,0.0,0.18117242960424793
2185,12324,M,21,20,1,MONTHLY,0,0.0,0,0,0,0,264813.6,284575.2,96,31060.978124999998,10722.701587234667,0,12,0,60,0,0,12,24,0,12,0,0,96,549388.8,0,Mlada Boleslav,central Bohemia,112065,95,19,7,1,8,69.4,11277,1.25,1.44,127,5179.0,4987,0,0,0.9305575468276925,-19761.600000000035,-205.85000000000036,8.525604021042078,9.161823521937142,0.0,0.625,0.037679676891150975,0.04049150643031426,0.0,0.0,0.125,0,0,0.0,0.34521455004033835
2186,12325,M,35,30,1,MONTHLY,1,5415.0,0,0,0,1,210977.0,252494.2,63,37518.280952380956,23242.312420286667,0,9,0,39,3,0,12,12,0,0,0,3,63,463471.2,0,Mlada Boleslav,central Bohemia,112065,95,19,7,1,8,69.4,11277,1.25,1.44,127,5179.0,4987,0,0,0.8355716685769415,-41517.20000000001,-659.0031746031748,5.623312013356282,6.729897894854813,1.421955947804737e-05,0.6190476190476191,0.09205087649651622,0.11016514795587513,0.0,0.047619047619047616,0.0,0,0,0.0,0.6194929999534449
2187,12344,F,59,50,3,MONTHLY,1,4729.9,0,0,1,0,283510.6,247490.8,71,25958.940845070425,17112.383569305068,0,13,0,35,0,0,12,23,1,0,0,0,71,531001.4,0,Hl.m. Praha,Prague,1204953,0,0,0,1,1,100.0,12541,0.29,0.43,167,85677.0,99107,0,0,1.1455399554246057,36019.79999999999,507.32112676056323,10.921501061698299,9.53393289337528,0.0,0.49295774647887325,0.06914351389750677,0.060358884533082954,0.0,0.0,0.0,0,1,0.014084507042253521,0.6592096215109905
2188,12396,F,29,20,3,MONTHLY,1,2784.8,0,0,0,1,476444.8,474006.8,71,58838.86901408451,33868.59307103429,0,15,0,32,12,0,12,12,0,0,0,12,71,950451.6,0,Uherske Hradiste,south Moravia,145688,22,41,13,2,5,40.7,8544,1.29,1.86,109,2719.0,2906,0,0,1.0051433861286379,2438.0,34.33802816901409,8.097450001731872,8.05601480692185,2.5186548368247487e-05,0.4507042253521127,0.07145170295243504,0.07108607979567473,0.0,0.16901408450704225,0.0,0,1,0.0,0.5756159769645983
2189,12416,M,26,20,2,WEEKLY,4,16611.0,1,1,0,1,527221.2,520592.0,108,50624.22777777777,18438.025815946286,0,0,12,36,48,12,12,12,0,12,0,12,108,1047813.2,0,Hl.m. Praha,Prague,1204953,0,0,0,1,1,100.0,12541,0.29,0.43,167,85677.0,99107,0,0,1.0127339644097488,6629.199999999953,61.38148148148105,10.41440478488506,10.283455626922596,2.2760844973608802e-05,0.4444444444444444,0.035417420582618035,0.03497208726801253,0.1111111111111111,0.1111111111111111,0.1111111111111111,1,1,0.0,0.36421347298140755
2190,12432,M,34,30,3,MONTHLY,1,5079.0,0,0,0,1,350086.3,338687.2,80,70683.63125,20609.807421376518,0,18,0,42,8,0,12,12,0,0,0,8,80,688773.5,0,Brno - venkov,south Moravia,157042,49,70,18,0,9,33.9,8743,1.88,2.43,111,3659.0,3894,0,0,1.0336567192382824,11399.099999999977,142.4887499999997,4.952862406881508,4.791593103106173,2.2851508328089388e-05,0.525,0.060852041120469026,0.058870648241238,0.0,0.1,0.0,0,1,0.0,0.29157822054277266
2191,12464,M,40,40,3,MONTHLY,1,5983.0,0,0,0,1,332164.1,318735.2,89,30503.344943820226,17148.83086544367,0,18,0,39,8,0,12,24,0,0,0,8,89,650899.3,0,Hl.m. Praha,Prague,1204953,0,0,0,1,1,100.0,12541,0.29,0.43,167,85677.0,99107,0,0,1.0421318385920348,13428.899999999965,150.8865168539322,10.889431982353601,10.449188460709246,2.4084481134475402e-05,0.43820224719101125,0.053802751831123985,0.05162758668213594,0.0,0.0898876404494382,0.0,0,1,0.0,0.562195093588184
2192,12577,F,49,40,3,TRANSACTION,0,0.0,0,0,0,0,574854.0,579128.0,91,70897.07692307692,27629.673011235496,1,20,0,46,0,0,12,24,0,0,0,0,91,1153982.0,0,Uherske Hradiste,south Moravia,145688,22,41,13,2,5,40.7,8544,1.29,1.86,109,2719.0,2906,0,0,0.9926199389426863,-4274.0,-46.967032967032964,8.108289155894461,8.168573728763906,0.0,0.5054945054945055,0.04770909541799999,0.04806380926502294,0.0,0.0,0.0,0,0,0.0,0.3897152634545652
2193,12625,M,41,40,3,MONTHLY,1,3151.3,0,0,0,1,574504.9,555279.5,98,35031.20102040817,24612.762210717818,0,21,0,53,0,0,12,24,4,10,0,0,98,1129784.4,0,Brno - mesto,south Moravia,387570,0,0,0,1,1,100.0,9897,1.6,1.96,140,18721.0,18696,0,0,1.0346229241310008,19225.400000000023,196.1775510204084,16.39980598054032,15.85099807672909,0.0,0.5408163265306123,0.044324997070336325,0.04284169240456925,0.0,0.0,0.10204081632653061,0,1,0.04081632653061224,0.7025954433129236
2194,12695,M,20,20,3,MONTHLY,2,16742.8,0,1,0,1,356850.6,354816.8,85,35849.09529411765,11195.502114017827,0,4,12,33,24,0,12,12,0,12,0,12,85,711667.4,0,Frydek - Mistek,north Moravia,228848,15,40,18,2,6,57.2,9893,4.09,4.72,96,5623.0,5887,0,0,1.0057319721050413,2033.7999999999884,23.927058823529276,9.954242835761445,9.897510581200653,3.362751807058752e-05,0.5294117647058824,0.031552908751834266,0.03137307913736961,0.0,0.1411764705882353,0.1411764705882353,0,1,0.0,0.3122952482389383
2195,12738,F,39,30,1,MONTHLY,2,6258.0,0,1,0,1,96381.7,103135.2,79,17668.30759493671,3309.302629564745,0,18,0,37,12,0,12,12,0,12,0,0,79,199516.9,0,Cheb,west Bohemia,87419,21,11,4,3,9,85.5,8624,1.79,2.66,102,2879.0,3198,1,0,0.9345179919174055,-6753.5,-85.4873417721519,5.455061243535321,5.837299325123587,0.0,0.46835443037974683,0.03208703361766638,0.03433538347595804,0.0,0.0,0.1518987341772152,0,0,0.0,0.1873016196816218
2196,12754,M,39,30,3,MONTHLY,2,6871.0,0,1,0,1,193807.3,197458.2,87,44897.293103448275,7470.193936055305,0,13,0,39,23,0,12,12,0,12,0,11,87,391265.5,0,Brno - venkov,south Moravia,157042,49,70,18,0,9,33.9,8743,1.88,2.43,111,3659.0,3894,0,0,0.9815105171626196,-3650.9000000000233,-41.96436781609222,4.316681176155693,4.397997882523446,5.675740800269134e-05,0.4482758620689655,0.037831773692129804,0.03854444046253833,0.0,0.12643678160919541,0.13793103448275862,0,0,0.0,0.16638406059009306
2197,12756,F,50,50,1,MONTHLY,5,20064.0,1,1,0,1,221138.0,252710.8,68,32204.03823529412,21460.85224249118,0,9,0,24,23,6,7,12,1,6,0,0,68,473848.8,0,Domazlice,west Bohemia,58400,65,16,4,1,6,52.4,8620,1.1,1.25,100,1089.0,1117,1,0,0.8750635113339043,-31572.79999999999,-464.305882352941,6.866778581750753,7.847177368055686,0.0,0.35294117647058826,0.08492257648858371,0.0970473290094474,0.08823529411764706,0.0,0.08823529411764706,0,0,0.014705882352941176,0.666402520258192
2198,12810,M,35,30,1,TRANSACTION,5,20024.0,1,1,0,1,102305.3,162192.0,61,25142.462295081965,11609.941351734782,0,9,0,16,24,6,7,12,0,6,0,0,61,264497.3,0,Most,north Bohemia,119895,17,4,3,2,4,89.9,10446,7.34,9.4,90,4947.0,4743,0,0,0.6307666222748348,-59886.7,-981.7491803278688,4.0690246961218115,6.450919488173036,0.0,0.26229508196721313,0.07158146734570621,0.11348328338546275,0.09836065573770492,0.0,0.09836065573770492,0,0,0.0,0.461766282692438
2199,12843,M,46,40,3,MONTHLY,2,16449.0,0,1,0,1,505938.0,430305.2,83,48576.54096385542,23039.10799119638,0,1,12,41,17,0,12,12,0,12,0,5,83,936243.2,0,Zdar nad Sazavou,south Moravia,125832,151,41,2,3,5,48.3,8512,3.51,4.12,102,2247.0,2103,0,0,1.175765479943073,75632.79999999999,911.2385542168673,10.415274327096606,8.85829232509946,9.882633840510102e-06,0.6385542168674698,0.05354131902472101,0.04553741365779281,0.0,0.060240963855421686,0.14457831325301204,0,1,0.0,0.47428465539238784
2200,12844,M,53,50,3,MONTHLY,3,5910.0,0,1,0,1,124564.7,106015.2,92,35456.752173913046,6386.664493576577,0,19,0,25,36,0,12,12,0,12,0,12,92,230579.9,0,Olomouc,north Moravia,226122,32,50,7,4,4,62.6,8994,3.8,4.79,110,9672.0,9208,0,0,1.1749701929534633,18549.5,201.625,3.513144672389008,2.989986208550698,9.633547867092362e-05,0.2717391304347826,0.060242913219770156,0.05127186509160763,0.0,0.13043478260869565,0.13043478260869565,0,1,0.0,0.18012547969002932
2201,12859,F,23,20,3,MONTHLY,4,15830.0,1,1,0,1,217679.7,233815.2,117,22194.822222222225,7686.8844510511735,0,19,0,26,48,12,12,24,0,12,0,12,117,451494.9,0,Hl.m. Praha,Prague,1204953,0,0,0,1,1,100.0,12541,0.29,0.43,167,85677.0,99107,0,0,0.9309903718834361,-16135.5,-137.9102564102564,9.807679368661558,10.534673252119862,5.512686759491124e-05,0.2222222222222222,0.03287589708047712,0.035312821779206666,0.10256410256410256,0.10256410256410256,0.10256410256410256,1,0,0.0,0.34633683361314777
2202,12943,M,29,20,1,TRANSACTION,1,6959.8,0,0,0,1,40592.1,89259.8,29,39570.200000000004,11828.304141187296,4,3,0,9,1,0,2,12,0,0,0,1,29,129851.9,0,Brno - venkov,south Moravia,157042,49,70,18,0,9,33.9,8743,1.88,2.43,111,3659.0,3894,0,0,0.45476351056130526,-48667.700000000004,-1678.196551724138,1.0258249895123097,2.2557328494675284,2.4635335447045114e-05,0.3103448275862069,0.13251546767063443,0.29139424028782196,0.0,0.034482758620689655,0.0,0,0,0.0,0.29891949348720237
2203,13071,M,43,40,1,MONTHLY,2,15563.0,0,1,0,1,213765.3,212931.2,84,27429.102380952383,5737.687131252353,0,24,0,24,24,0,12,12,0,12,0,12,84,426696.5,0,Usti nad Labem,north Bohemia,118650,8,8,5,1,3,85.6,9832,3.32,4.48,114,6445.0,5471,0,0,1.00391722772426,834.0999999999767,9.929761904761628,7.7933757011474505,7.762966393966505,5.6136332697589367e-05,0.2857142857142857,0.02694620201855037,0.026841059476221597,0.0,0.14285714285714285,0.14285714285714285,0,1,0.0,0.20918246071503893
2204,13102,M,50,50,3,MONTHLY,0,0.0,0,0,0,0,244961.4,267275.2,71,33630.93943661972,11639.451314000762,0,12,0,35,0,0,12,24,0,0,0,0,71,512236.6,0,Mlada Boleslav,central Bohemia,112065,95,19,7,1,8,69.4,11277,1.25,1.44,127,5179.0,4987,0,0,0.9165137655869305,-22313.800000000017,-314.27887323943685,7.283810803490932,7.947301041164852,0.0,0.49295774647887325,0.043548564603078634,0.04751545065467769,0.0,0.0,0.0,0,0,0.0,0.3460935528112816
2205,13113,M,23,20,3,MONTHLY,3,21322.2,0,1,0,1,566072.7,562863.6,99,51502.89595959596,17764.085547519055,0,0,12,39,36,0,12,12,0,12,0,12,99,1128936.3,0,Praha - zapad,central Bohemia,75637,35,36,9,0,7,36.5,9622,0.45,0.59,154,3475.0,3529,0,1,1.0057013812937983,3209.0999999999767,32.41515151515128,10.991084859462742,10.928775741883848,2.11986905568843e-05,0.5151515151515151,0.03156019601821659,0.03138127937898976,0.0,0.12121212121212122,0.12121212121212122,0,1,0.0,0.34491430465298467
2206,13123,F,21,20,3,MONTHLY,0,0.0,0,0,0,0,572530.7,609861.2,98,80703.56530612246,30397.10471571537,0,21,0,53,0,0,12,24,0,12,0,0,98,1182391.9,0,Prostejov,south Moravia,110643,49,41,4,1,4,51.9,8441,3.45,4.48,115,1879.0,2252,0,0,0.9387885308985061,-37330.5,-380.9234693877551,7.09424295975392,7.556806166948038,0.0,0.5408163265306123,0.049842660454076065,0.05309253235802966,0.0,0.0,0.12244897959183673,0,0,0.0,0.3766513238964591
2207,13171,F,49,40,1,MONTHLY,0,0.0,0,0,0,0,239094.7,199061.0,45,54670.69777777778,19820.478232769176,0,8,0,19,0,0,5,18,0,0,0,0,45,438155.7,0,Prachatice,south Bohemia,51428,50,11,3,1,4,52.7,8402,3.13,3.98,120,999.0,1099,0,0,1.2011127242403083,40033.70000000001,889.6377777777781,4.373361045652975,3.6410912626199026,0.0,0.4222222222222222,0.09956987171153152,0.08289802422541852,0.0,0.0,0.0,0,1,0.0,0.36254298990904205
2208,13190,M,43,40,2,MONTHLY,2,7088.5,0,1,0,1,256711.8,240272.7,82,37843.25731707317,11597.707383693789,0,1,12,36,21,0,12,12,0,12,0,9,82,496984.5,0,Novy Jicin,north Moravia,161227,5,35,11,4,10,69.7,8678,5.93,5.57,102,4980.0,4595,0,0,1.0684185094686163,16439.099999999977,200.4768292682924,6.78355454048569,6.349154830591177,3.505877018508693e-05,0.5853658536585366,0.04826893518778366,0.04517792864875627,0.0,0.10975609756097561,0.14634146341463414,0,1,0.0,0.3064669430150091
2209,13201,M,62,60,3,WEEKLY,3,11449.5,0,1,0,1,247193.0,277948.0,87,33238.30459770115,16817.031837513186,0,14,0,25,36,0,12,12,0,12,0,12,87,525141.0,0,Jicin,east Bohemia,77917,85,19,6,1,5,53.5,8390,2.28,2.89,132,2080.0,2122,0,1,0.8893498064386144,-30755.0,-353.5057471264368,7.436991837937984,8.362279706023983,4.85450639783489e-05,0.28735632183908044,0.060504237618235014,0.068031990539834,0.0,0.13793103448275862,0.13793103448275862,0,0,0.0,0.5059533583634196
2210,13231,M,40,40,1,MONTHLY,2,7347.0,0,1,0,1,249170.7,242397.0,70,41623.689999999995,10502.565144282544,0,13,0,33,12,0,10,12,0,9,0,3,70,491567.7,0,Hl.m. Praha,Prague,1204953,0,0,0,1,1,100.0,12541,0.29,0.43,167,85677.0,99107,0,0,1.0279446527803562,6773.700000000012,96.76714285714303,5.986271279648681,5.823534626555214,1.2039938885270217e-05,0.4714285714285714,0.043327950198569054,0.04215008082524367,0.0,0.04285714285714286,0.12857142857142856,0,1,0.0,0.2523218182790268
2211,13260,F,22,20,3,WEEKLY,1,3813.7,0,0,0,1,48784.5,61884.6,50,16427.35,16287.119250891335,0,2,0,38,0,0,12,10,13,5,0,0,50,110669.09999999999,0,Bruntal,north Moravia,106054,38,25,6,2,6,63.1,8110,5.77,6.55,109,3244.0,3079,0,0,0.7883140555162351,-13100.099999999999,-262.00199999999995,2.9697120959862673,3.7671687764612067,0.0,0.76,0.26318533610771233,0.333858484782899,0.0,0.0,0.1,0,0,0.26,0.9914635806074222
2212,13380,M,57,50,1,MONTHLY,3,8888.0,0,1,0,1,253697.5,223831.2,96,38208.916666666664,12085.995640720246,0,3,12,35,34,0,12,12,0,12,0,10,96,477528.7,0,Znojmo,south Moravia,114200,101,41,4,1,4,43.7,8403,5.74,5.72,105,2157.0,2718,0,0,1.1334322471576794,29866.29999999999,311.1072916666665,6.639745958076976,5.858088098982132,3.94170222410548e-05,0.4895833333333333,0.05399602754540138,0.04763939589755613,0.0,0.10416666666666667,0.125,0,1,0.0,0.3163134863560272
2213,13404,M,33,30,3,MONTHLY,1,538.0,0,0,1,0,81555.0,81852.4,77,16779.938961038963,8043.823620350222,0,16,0,37,0,0,12,24,3,0,0,0,77,163407.4,0,Rychnov nad Kneznou,east Bohemia,78955,50,24,8,1,9,59.0,9060,1.78,2.44,124,1655.0,1717,0,0,0.9963666306669078,-297.3999999999942,-3.8623376623375867,4.860267977694143,4.877991522499075,0.0,0.4805194805194805,0.09827230014453116,0.09863066176629541,0.0,0.0,0.0,0,0,0.03896103896103896,0.47937144700150763
2214,13406,F,21,20,3,MONTHLY,0,0.0,0,0,0,0,135025.9,156302.19999999998,66,22549.93484848485,11630.537682861408,0,10,0,33,0,0,12,23,0,0,0,0,66,291328.1,0,Sumperk,north Moravia,127369,31,32,13,2,7,51.2,8369,4.73,5.88,107,3736.0,2807,0,0,0.8638771559197503,-21276.29999999999,-322.36818181818165,5.987862089502778,6.931381445232959,0.0,0.5,0.07441058208305071,0.08613560570869298,0.0,0.0,0.0,0,0,0.0,0.5157681279794418
2215,13412,M,45,40,3,WEEKLY,2,10959.0,0,1,0,1,290748.1,312302.0,85,35984.39647058824,10261.04288960188,0,1,12,36,24,0,12,12,0,12,0,12,85,603050.1,0,Hl.m. Praha,Prague,1204953,0,0,0,1,1,100.0,12541,0.29,0.43,167,85677.0,99107,0,0,0.9309837913301867,-21553.900000000023,-253.57529411764733,8.079838166457572,8.67881722721845,4.127284064796984e-05,0.5647058823529412,0.03285615490647476,0.03529186567204354,0.0,0.1411764705882353,0.1411764705882353,0,0,0.0,0.2851525632224711
2216,13447,F,29,20,3,MONTHLY,2,13010.0,0,1,0,1,316835.1,325115.2,88,56248.125,11559.75956896342,0,12,0,40,24,0,12,12,0,12,0,12,88,641950.3,0,Svitavy,east Bohemia,102609,75,33,2,3,6,52.0,8187,4.83,5.45,94,2123.0,2134,0,0,0.9745317967292824,-8280.100000000035,-94.09204545454585,5.632811760392013,5.78001844505928,3.78745915462018e-05,0.45454545454545453,0.035555887786739654,0.036485097670565604,0.0,0.13636363636363635,0.13636363636363635,0,0,0.0,0.20551368723781316
2217,13451,F,44,40,2,WEEKLY,2,15714.0,0,1,0,1,483406.4,529267.0,88,49231.06363636363,25571.116346742907,0,19,0,33,24,0,12,12,0,12,0,12,88,1012673.4,0,Chrudim,east Bohemia,105606,77,26,7,2,7,53.0,8254,2.79,3.76,97,2166.0,2325,0,0,0.9133507284603046,-45860.59999999998,-521.1431818181816,9.819133780464185,10.750671647261884,2.4823833528062516e-05,0.375,0.04831420879583066,0.052897761276522,0.0,0.13636363636363635,0.13636363636363635,0,0,0.0,0.5194101946612274
2218,13480,M,46,40,1,MONTHLY,1,3216.7,0,0,0,1,546090.3,546453.2,84,59284.28571428572,22061.122261856137,0,22,0,50,0,0,12,12,0,0,0,0,84,1092543.5,0,Jindrichuv Hradec,south Bohemia,93931,74,21,10,1,8,56.9,8427,1.12,1.54,107,1874.0,1913,0,0,0.9993358992133271,-362.89999999990687,-4.320238095236986,9.211383647798742,9.217505000120484,0.0,0.5952380952380952,0.04037147602366706,0.04039830456951192,0.0,0.0,0.0,0,0,0.0,0.37212428211039533
2219,13490,F,30,30,3,WEEKLY,1,3216.7,0,0,0,1,169044.9,231158.4,65,32227.486153846156,16580.7336472832,0,8,0,33,12,0,12,12,0,0,0,12,65,400203.3,0,Pisek,south Bohemia,70699,60,13,2,1,4,65.3,8968,2.83,3.35,131,1740.0,1910,0,0,0.7312946447111591,-62113.5,-955.5923076923077,5.245364133988636,7.172709621113673,7.098705728478056e-05,0.5076923076923077,0.07172888221792156,0.09808479077028175,0.0,0.18461538461538463,0.0,0,0,0.0,0.5144904435962154
2220,13539,M,21,20,3,WEEKLY,3,14834.0,0,1,0,1,553507.6,561122.0,102,58926.41078431373,17752.012578318376,3,1,12,38,36,0,12,12,0,12,0,12,102,1114629.6,0,Hl.m. Praha,Prague,1204953,0,0,0,1,1,100.0,12541,0.29,0.43,167,85677.0,99107,0,0,0.9864300455159484,-7614.400000000023,-74.6509803921571,9.393200648618908,9.522419447094022,2.1679919119448408e-05,0.49019607843137253,0.031636636200894595,0.03207184974211443,0.0,0.11764705882352941,0.11764705882352941,1,0,0.0,0.3012573198000374
2221,13548,M,23,20,3,MONTHLY,1,7040.7,0,0,0,1,368707.5,330555.9,84,56294.40714285715,22727.277401124375,0,18,0,31,11,0,12,24,0,0,0,11,84,699263.4,0,Hl.m. Praha,Prague,1204953,0,0,0,1,1,100.0,12541,0.29,0.43,167,85677.0,99107,0,0,1.1154164847761,38151.59999999998,454.185714285714,6.549629327551823,5.871913690487141,2.983394696337883e-05,0.36904761904761907,0.06875471713293992,0.06164039896428571,0.0,0.13095238095238096,0.0,0,1,0.0,0.4037217648184807
2222,13576,M,25,20,1,MONTHLY,2,14467.8,0,1,0,1,476922.0,448257.8,84,58112.127380952385,20067.692723946504,4,1,12,31,24,0,12,12,0,12,0,12,84,925179.8,0,Olomouc,north Moravia,226122,32,50,7,4,4,62.6,8994,3.8,4.79,110,9672.0,9208,0,0,1.0639457919081385,28664.20000000001,341.24047619047633,8.206927219744538,7.713670454042386,2.5161347138525795e-05,0.5119047619047619,0.04476819527501028,0.04207751524137386,0.0,0.14285714285714285,0.14285714285714285,0,1,0.0,0.3453271051736468
2223,13603,M,58,50,3,MONTHLY,1,1445.0,0,0,0,1,156056.2,179015.2,75,38019.028,6874.794118972545,0,12,0,39,12,0,12,12,0,0,0,12,75,335071.4,0,Praha - zapad,central Bohemia,75637,35,36,9,0,7,36.5,9622,0.45,0.59,154,3475.0,3529,0,0,0.8717483208129813,-22959.0,-306.12,4.104686737388447,4.708568562036883,7.689537487136044e-05,0.52,0.03840340998402675,0.044053322578484835,0.0,0.16,0.0,0,0,0.0,0.1808250889258017
2224,13608,F,36,30,1,MONTHLY,1,2482.0,0,0,0,1,201398.3,182546.2,66,40681.336363636365,15414.600308505087,0,9,0,45,0,0,12,12,0,0,0,0,66,383944.5,0,Litomerice,north Bohemia,114006,71,26,6,2,9,62.3,9065,4.46,5.39,123,4147.0,4166,1,0,1.1032730344427875,18852.099999999977,285.63787878787844,4.950631370606176,4.487222306766985,0.0,0.6818181818181818,0.08444218673686489,0.0765378869062206,0.0,0.0,0.0,0,1,0.0,0.3789108639578434
2225,13620,M,29,20,1,MONTHLY,1,8191.5,0,0,0,1,651016.2,682985.0,77,66888.97272727273,25078.931455698854,0,4,12,49,0,0,10,12,0,0,0,0,77,1334001.2,0,Jindrichuv Hradec,south Bohemia,93931,74,21,10,1,8,56.9,8427,1.12,1.54,107,1874.0,1913,1,0,0.9531925298505823,-31968.800000000047,-415.1792207792214,9.732788133171018,10.210726404556151,0.0,0.7922077922077922,0.036719593337626526,0.038522745602488626,0.0,0.0,0.0,0,0,0.0,0.37493372125706736
2226,13657,F,36,30,3,MONTHLY,2,7740.5,0,1,0,1,89343.2,156874.2,65,26321.11846153846,9719.660750459803,0,11,0,18,24,0,12,12,0,12,0,12,65,246217.4,0,Hl.m. Praha,Prague,1204953,0,0,0,1,1,100.0,12541,0.29,0.43,167,85677.0,99107,0,0,0.5695213107062856,-67531.00000000001,-1038.9384615384618,3.3943542380447127,5.9600126882613775,0.00013431352358097762,0.27692307692307694,0.0619583127783906,0.10879015695049879,0.0,0.18461538461538463,0.18461538461538463,0,0,0.0,0.369272330302475
2227,13687,M,40,40,3,MONTHLY,2,8337.0,0,1,0,1,204551.4,201799.2,82,33063.714634146345,7588.044260189714,0,13,0,33,24,0,12,12,0,12,0,12,82,406350.6,0,Prerov,north Moravia,138032,67,30,4,2,5,64.6,8819,5.38,5.66,99,4063.0,4505,0,0,1.0136383097653507,2752.1999999999825,33.56341463414613,6.186582550187837,6.103343264147131,5.866496147178655e-05,0.4024390243902439,0.03760195412167002,0.037096027014186725,0.0,0.14634146341463414,0.14634146341463414,0,1,0.0,0.22949763340726417
2228,13690,M,36,30,1,WEEKLY,1,3744.7,0,0,0,1,937203.8,964660.7,106,78709.7933962264,31005.271898062972,0,29,0,54,11,0,12,12,0,0,0,11,106,1901864.5,0,Karvina,north Moravia,285387,0,2,8,5,7,89.9,10177,6.63,7.75,81,9878.0,10108,0,0,0.9715372462048055,-27456.899999999907,-259.0273584905652,11.907079914212208,12.255917064143238,1.1737041612507332e-05,0.5094339622641509,0.032141116454793874,0.03308274240678812,0.0,0.10377358490566038,0.0,1,0,0.0,0.3939188576189232
2229,13750,F,19,10,2,MONTHLY,2,16351.2,0,1,0,1,512948.89999999997,488454.8,89,56496.99325842697,20432.438730349822,0,1,12,49,15,0,12,12,0,12,0,3,89,1001403.7,0,Pribram,central Bohemia,107870,84,29,6,1,6,58.0,8754,3.83,4.31,137,3804.0,3868,0,0,1.0501460933539808,24494.099999999977,275.21460674157277,9.079224758982898,8.645677793253947,5.8485357898223395e-06,0.6853932584269663,0.04183076659365375,0.03983328306260102,0.0,0.033707865168539325,0.1348314606741573,0,1,0.0,0.36165532981354126
2230,13845,M,26,20,3,MONTHLY,3,7512.0,0,1,0,1,112464.4,113411.2,89,18269.81573033708,3931.9046982780055,0,18,0,35,24,0,12,12,0,12,0,0,89,225875.6,0,Cesky Krumlov,south Bohemia,58796,22,16,7,1,5,51.9,9045,3.13,3.6,124,1845.0,1879,0,0,0.9916516181823312,-946.8000000000029,-10.638202247191044,6.155749004805371,6.207572187588099,0.0,0.39325842696629215,0.034669456793315,0.03496132730248866,0.0,0.0,0.1348314606741573,0,0,0.0,0.21521315574896943
2231,13852,M,27,20,1,MONTHLY,4,10558.3,1,1,0,1,156624.9,165228.6,93,26725.451612903227,6689.998138373253,0,4,12,32,33,11,11,12,0,11,0,0,93,321853.5,0,Kolin,central Bohemia,95616,65,30,4,1,6,51.4,9307,3.85,4.43,118,2616.0,3040,1,0,0.9479285063239656,-8603.700000000012,-92.51290322580658,5.860514623609969,6.1824437017268785,0.0,0.4731182795698925,0.04048934711286819,0.04271350301499476,0.11827956989247312,0.0,0.11827956989247312,0,0,0.0,0.2503231090449853
2232,13886,F,45,40,3,MONTHLY,0,0.0,0,0,0,0,257359.4,252215.2,101,58978.9801980198,12368.695626540575,0,14,0,63,0,0,12,24,0,12,0,0,101,509574.6,0,Ostrava - mesto,north Moravia,323870,0,0,0,1,1,100.0,10673,4.75,5.44,100,18782.0,18347,0,0,1.0203960744633946,5144.1999999999825,50.93267326732656,4.363578331397475,4.276357426886605,0.0,0.6237623762376238,0.04904024668830655,0.04806001112273566,0.0,0.0,0.1188118811881188,1,1,0.0,0.209713623141891
2233,13915,M,25,20,3,MONTHLY,0,0.0,0,0,0,0,226880.6,214875.2,63,29367.834920634923,10098.530643280588,0,12,0,27,0,0,12,24,0,0,0,0,63,441755.8,0,Chrudim,east Bohemia,105606,77,26,7,2,7,53.0,8254,2.79,3.76,97,2166.0,2325,0,0,1.055871501224897,12005.399999999994,190.56190476190466,7.725479273944888,7.316685093766336,0.0,0.42857142857142855,0.04699719019822012,0.04451033117543143,0.0,0.0,0.0,0,1,0.0,0.3438636409722185
2234,13931,M,57,50,2,MONTHLY,1,3286.7,0,0,1,0,426027.5,407902.4,88,44781.88181818182,25977.732495654,0,20,0,45,0,0,12,23,2,0,0,0,88,833929.9,0,Mlada Boleslav,central Bohemia,112065,95,19,7,1,8,69.4,11277,1.25,1.44,127,5179.0,4987,0,0,1.0444348942296,18125.099999999977,205.9670454545452,9.513389851049745,9.108648038867992,0.0,0.5113636363636364,0.06368614770507357,0.060976656426296426,0.0,0.0,0.0,0,1,0.022727272727272728,0.5800947043968756
2235,13955,F,54,50,1,WEEKLY,2,17884.0,0,1,0,1,551271.3,542689.0,88,52672.66931818182,19116.76730460051,0,1,12,39,24,0,12,12,0,12,0,12,88,1093960.3,0,Hl.m. Praha,Prague,1204953,0,0,0,1,1,100.0,12541,0.29,0.43,167,85677.0,99107,0,0,1.0158143983017898,8582.300000000047,97.5261363636369,10.465983728106018,10.303047235403197,2.176786638448256e-05,0.5795454545454546,0.035226008458989426,0.03467760303248239,0.0,0.13636363636363635,0.13636363636363635,0,1,0.0,0.3629352290676806
2236,13968,M,31,30,2,MONTHLY,3,9274.3,0,1,0,1,352777.0,351816.7,95,28716.853684210528,10713.155529949883,4,0,12,38,29,0,12,12,0,12,0,5,95,704593.7,0,Trebic,south Moravia,117897,139,28,5,1,6,53.8,8814,4.76,5.74,107,2112.0,2059,0,0,1.00272954638026,960.2999999999884,10.108421052631456,12.284667529366855,12.25122723640997,1.4173259594588082e-05,0.5263157894736842,0.03045095792766484,0.03036806688063531,0.0,0.05263157894736842,0.12631578947368421,0,1,0.0,0.3730616051381816
2237,13971,F,37,30,1,MONTHLY,5,10687.0,1,1,0,1,211221.6,222356.0,102,31160.379411764705,11378.190868684937,0,12,0,38,40,10,10,12,0,10,0,0,102,433577.6,0,Bruntal,north Moravia,106054,38,25,6,2,6,63.1,8110,5.77,6.55,109,3244.0,3079,0,0,0.9499253449423447,-11134.399999999994,-109.16078431372543,6.77853107014007,7.13585662939806,0.0,0.37254901960784315,0.051171053934613575,0.05386850051644783,0.09803921568627451,0.0,0.09803921568627451,1,0,0.0,0.36514930445259797
2238,13998,F,46,40,1,MONTHLY,0,0.0,0,0,0,0,403480.7,434341.0,82,32952.48292682927,21330.59841509667,0,0,12,46,0,0,12,24,3,0,0,0,82,837821.7,0,Ostrava - mesto,north Moravia,323870,0,0,0,1,1,100.0,10673,4.75,5.44,100,18782.0,18347,0,0,0.9289491436452004,-30860.29999999999,-376.34512195121937,12.244318611618,13.180827707716315,0.0,0.7073170731707317,0.04911025764341075,0.052866465273547575,0.0,0.0,0.0,0,0,0.036585365853658534,0.6473138446793554
